origin,date,h,asset,model,y_true,y_pred
2875,2025-11-15,1,BTC,VAR,95549.14843750013,94491.29429317736
2875,2025-11-15,1,ETH,VAR,3166.6313476562505,3110.3803145944344
2875,2025-11-16,2,BTC,VAR,94177.07812499997,94240.82018886287
2875,2025-11-16,2,ETH,VAR,3092.8474121093773,3094.958658091902
2875,2025-11-17,3,BTC,VAR,92093.87499999991,93635.07956095187
2875,2025-11-17,3,ETH,VAR,3024.538818359373,3065.80105236139
2875,2025-11-18,4,BTC,VAR,92948.87500000007,94016.81680196583
2875,2025-11-18,4,ETH,VAR,3122.9790039062505,3076.268122876213
2875,2025-11-19,5,BTC,VAR,91465.99218749997,93791.1348216503
2875,2025-11-19,5,ETH,VAR,3023.0708007812505,3062.3630418194425
2875,2025-11-20,6,BTC,VAR,86631.89843749993,94004.11841780209
2875,2025-11-20,6,ETH,VAR,2831.7775878906264,3066.4748112418083
2875,2025-11-21,7,BTC,VAR,85090.68749999994,94324.53695253807
2875,2025-11-21,7,ETH,VAR,2765.69921875,3079.990518317747
2875,2025-11-22,8,BTC,VAR,84648.359375,94408.44567951109
2875,2025-11-22,8,ETH,VAR,2767.607421874999,3078.478229637003
2875,2025-11-23,9,BTC,VAR,86805.00781249994,94471.77269789948
2875,2025-11-23,9,ETH,VAR,2801.6760253906264,3079.348652775804
2875,2025-11-24,10,BTC,VAR,88270.56249999994,94590.9890537931
2875,2025-11-24,10,ETH,VAR,2952.7133789062514,3082.1456367269902
2875,2025-11-15,1,BTC,VECM,95549.14843750013,94632.34589252026
2875,2025-11-15,1,ETH,VECM,3166.6313476562505,3119.215031789015
2875,2025-11-16,2,BTC,VECM,94177.07812499997,94511.35437482735
2875,2025-11-16,2,ETH,VECM,3092.8474121093773,3112.232769506208
2875,2025-11-17,3,BTC,VECM,92093.87499999991,94038.43651079433
2875,2025-11-17,3,ETH,VECM,3024.538818359373,3091.702403845904
2875,2025-11-18,4,BTC,VECM,92948.87500000007,94555.26576370384
2875,2025-11-18,4,ETH,VECM,3122.9790039062505,3111.2402522848774
2875,2025-11-19,5,BTC,VECM,91465.99218749997,94473.1317194013
2875,2025-11-19,5,ETH,VECM,3023.0708007812505,3106.5014861473655
2875,2025-11-20,6,BTC,VECM,86631.89843749993,94825.52931876727
2875,2025-11-20,6,ETH,VECM,2831.7775878906264,3119.77267734861
2875,2025-11-21,7,BTC,VECM,85090.68749999994,95291.42180340228
2875,2025-11-21,7,ETH,VECM,2765.69921875,3142.914067485972
2875,2025-11-22,8,BTC,VECM,84648.359375,95509.02394028599
2875,2025-11-22,8,ETH,VECM,2767.607421874999,3150.569572508133
2875,2025-11-23,9,BTC,VECM,86805.00781249994,95684.79969216787
2875,2025-11-23,9,ETH,VECM,2801.6760253906264,3159.6387134472725
2875,2025-11-24,10,BTC,VECM,88270.56249999994,95918.45175939819
2875,2025-11-24,10,ETH,VECM,2952.7133789062514,3170.76516982688
2875,2025-11-15,1,BTC,RW,95549.14843750013,94397.78906250003
2875,2025-11-15,1,ETH,RW,3166.6313476562505,3103.78564453125
2875,2025-11-16,2,BTC,RW,94177.07812499997,94397.78906250003
2875,2025-11-16,2,ETH,RW,3092.8474121093773,3103.78564453125
2875,2025-11-17,3,BTC,RW,92093.87499999991,94397.78906250003
2875,2025-11-17,3,ETH,RW,3024.538818359373,3103.78564453125
2875,2025-11-18,4,BTC,RW,92948.87500000007,94397.78906250003
2875,2025-11-18,4,ETH,RW,3122.9790039062505,3103.78564453125
2875,2025-11-19,5,BTC,RW,91465.99218749997,94397.78906250003
2875,2025-11-19,5,ETH,RW,3023.0708007812505,3103.78564453125
2875,2025-11-20,6,BTC,RW,86631.89843749993,94397.78906250003
2875,2025-11-20,6,ETH,RW,2831.7775878906264,3103.78564453125
2875,2025-11-21,7,BTC,RW,85090.68749999994,94397.78906250003
2875,2025-11-21,7,ETH,RW,2765.69921875,3103.78564453125
2875,2025-11-22,8,BTC,RW,84648.359375,94397.78906250003
2875,2025-11-22,8,ETH,RW,2767.607421874999,3103.78564453125
2875,2025-11-23,9,BTC,RW,86805.00781249994,94397.78906250003
2875,2025-11-23,9,ETH,RW,2801.6760253906264,3103.78564453125
2875,2025-11-24,10,BTC,RW,88270.56249999994,94397.78906250003
2875,2025-11-24,10,ETH,RW,2952.7133789062514,3103.78564453125
2885,2025-11-25,1,BTC,VAR,87341.89062500003,87878.4576222124
2885,2025-11-25,1,ETH,VAR,2957.9362792968736,2937.5138906290726
2885,2025-11-26,2,BTC,VAR,90518.36718749996,87925.2293636357
2885,2025-11-26,2,ETH,VAR,3027.8120117187486,2940.577123100115
2885,2025-11-27,3,BTC,VAR,91285.37500000003,88066.74627377515
2885,2025-11-27,3,ETH,VAR,3014.5422363281273,2947.295912985217
2885,2025-11-28,4,BTC,VAR,90919.26562499977,88661.6659758303
2885,2025-11-28,4,ETH,VAR,3032.3044433593777,2962.9595365569085
2885,2025-11-29,5,BTC,VAR,90851.75781250007,88589.06677888188
2885,2025-11-29,5,ETH,VAR,2991.685302734375,2958.9318759755265
2885,2025-11-30,6,BTC,VAR,90394.3125,88816.86774280545
2885,2025-11-30,6,ETH,VAR,2992.1125488281264,2969.21239318105
2885,2025-12-01,7,BTC,VAR,86321.57031249999,88673.54606891246
2885,2025-12-01,7,ETH,VAR,2800.188964843751,2968.214950004761
2885,2025-12-02,8,BTC,VAR,91350.203125,88519.1292763008
2885,2025-12-02,8,ETH,VAR,2997.9396972656255,2960.6161857834536
2885,2025-12-03,9,BTC,VAR,93527.80468750023,88611.17554727284
2885,2025-12-03,9,ETH,VAR,3191.57177734375,2963.327592630428
2885,2025-12-04,10,BTC,VAR,92141.62500000003,88650.85198953735
2885,2025-12-04,10,ETH,VAR,3134.316406249999,2962.90336715115
2885,2025-11-25,1,BTC,VECM,87341.89062500003,87998.2020203006
2885,2025-11-25,1,ETH,VECM,2957.9362792968736,2945.2638201428385
2885,2025-11-26,2,BTC,VECM,90518.36718749996,88151.8014070176
2885,2025-11-26,2,ETH,VECM,3027.8120117187486,2955.5842927703497
2885,2025-11-27,3,BTC,VECM,91285.37500000003,88405.34744797718
2885,2025-11-27,3,ETH,VECM,3014.5422363281273,2969.9352171858386
2885,2025-11-28,4,BTC,VECM,90919.26562499977,89111.56282317302
2885,2025-11-28,4,ETH,VECM,3032.3044433593777,2993.3756155820834
2885,2025-11-29,5,BTC,VECM,90851.75781250007,89148.63679819996
2885,2025-11-29,5,ETH,VECM,2991.685302734375,2996.6835863007946
2885,2025-11-30,6,BTC,VECM,90394.3125,89482.1165023195
2885,2025-11-30,6,ETH,VECM,2992.1125488281264,3014.285419637644
2885,2025-12-01,7,BTC,VECM,86321.57031249999,89447.4776312951
2885,2025-12-01,7,ETH,VECM,2800.188964843751,3020.7927478524957
2885,2025-12-02,8,BTC,VECM,91350.203125,89396.99070800548
2885,2025-12-02,8,ETH,VECM,2997.9396972656255,3020.6706583584228
2885,2025-12-03,9,BTC,VECM,93527.80468750023,89583.47724724961
2885,2025-12-03,9,ETH,VECM,3191.57177734375,3030.5866436765427
2885,2025-12-04,10,BTC,VECM,92141.62500000003,89717.64537944812
2885,2025-12-04,10,ETH,VECM,3134.316406249999,3037.336962476593
2885,2025-11-25,1,BTC,RW,87341.89062500003,88270.56249999994
2885,2025-11-25,1,ETH,RW,2957.9362792968736,2952.7133789062514
2885,2025-11-26,2,BTC,RW,90518.36718749996,88270.56249999994
2885,2025-11-26,2,ETH,RW,3027.8120117187486,2952.7133789062514
2885,2025-11-27,3,BTC,RW,91285.37500000003,88270.56249999994
2885,2025-11-27,3,ETH,RW,3014.5422363281273,2952.7133789062514
2885,2025-11-28,4,BTC,RW,90919.26562499977,88270.56249999994
2885,2025-11-28,4,ETH,RW,3032.3044433593777,2952.7133789062514
2885,2025-11-29,5,BTC,RW,90851.75781250007,88270.56249999994
2885,2025-11-29,5,ETH,RW,2991.685302734375,2952.7133789062514
2885,2025-11-30,6,BTC,RW,90394.3125,88270.56249999994
2885,2025-11-30,6,ETH,RW,2992.1125488281264,2952.7133789062514
2885,2025-12-01,7,BTC,RW,86321.57031249999,88270.56249999994
2885,2025-12-01,7,ETH,RW,2800.188964843751,2952.7133789062514
2885,2025-12-02,8,BTC,RW,91350.203125,88270.56249999994
2885,2025-12-02,8,ETH,RW,2997.9396972656255,2952.7133789062514
2885,2025-12-03,9,BTC,RW,93527.80468750023,88270.56249999994
2885,2025-12-03,9,ETH,RW,3191.57177734375,2952.7133789062514
2885,2025-12-04,10,BTC,RW,92141.62500000003,88270.56249999994
2885,2025-12-04,10,ETH,RW,3134.316406249999,2952.7133789062514
2895,2025-12-05,1,BTC,VAR,89387.75781249994,92164.74930653957
2895,2025-12-05,1,ETH,VAR,3024.4328613281227,3148.3937002654734
2895,2025-12-06,2,BTC,VAR,89272.37499999981,92260.88484008536
2895,2025-12-06,2,ETH,VAR,3040.2077636718736,3149.877045980066
2895,2025-12-07,3,BTC,VAR,90405.64062500006,92497.55278770733
2895,2025-12-07,3,ETH,VAR,3061.3017578125014,3151.8631697920623
2895,2025-12-08,4,BTC,VAR,90640.20312499978,92656.63102720836
2895,2025-12-08,4,ETH,VAR,3125.197998046876,3157.6486916348786
2895,2025-12-09,5,BTC,VAR,92691.71093750015,92953.5882497109
2895,2025-12-09,5,ETH,VAR,3321.1149902343755,3172.9042605556388
2895,2025-12-10,6,BTC,VAR,92020.94531250004,92499.96581975158
2895,2025-12-10,6,ETH,VAR,3325.3901367187486,3160.1575941989295
2895,2025-12-11,7,BTC,VAR,92511.3359375001,92371.50217178334
2895,2025-12-11,7,ETH,VAR,3237.0568847656223,3154.2946888294255
2895,2025-12-12,8,BTC,VAR,90270.41406250006,92468.43190002094
2895,2025-12-12,8,ETH,VAR,3084.1726074218736,3157.0743450140417
2895,2025-12-13,9,BTC,VAR,90298.71093750006,92494.19030043097
2895,2025-12-13,9,ETH,VAR,3116.695312500002,3155.36305422735
2895,2025-12-14,10,BTC,VAR,88175.17968749984,92555.10832608942
2895,2025-12-14,10,ETH,VAR,3060.5947265625005,3156.0373918819423
2895,2025-12-05,1,BTC,VECM,89387.75781249994,92277.04139686482
2895,2025-12-05,1,ETH,VECM,3024.4328613281227,3155.803519720964
2895,2025-12-06,2,BTC,VECM,89272.37499999981,92478.71290360593
2895,2025-12-06,2,ETH,VECM,3040.2077636718736,3164.566557807399
2895,2025-12-07,3,BTC,VECM,90405.64062500006,92824.92062260203
2895,2025-12-07,3,ETH,VECM,3061.3017578125014,3174.094393398184
2895,2025-12-08,4,BTC,VECM,90640.20312499978,93092.37625743526
2895,2025-12-08,4,ETH,VECM,3125.197998046876,3187.601982403222
2895,2025-12-09,5,BTC,VECM,92691.71093750015,93503.304934585
2895,2025-12-09,5,ETH,VECM,3321.1149902343755,3210.7018385751758
2895,2025-12-10,6,BTC,VECM,92020.94531250004,93152.09787056108
2895,2025-12-10,6,ETH,VECM,3325.3901367187486,3205.178586057502
2895,2025-12-11,7,BTC,VECM,92511.3359375001,93141.37102400603
2895,2025-12-11,7,ETH,VECM,3237.0568847656223,3207.482484381197
2895,2025-12-12,8,BTC,VECM,90270.41406250006,93347.54614993169
2895,2025-12-12,8,ETH,VECM,3084.1726074218736,3218.2795938064137
2895,2025-12-13,9,BTC,VECM,90298.71093750006,93471.40780765752
2895,2025-12-13,9,ETH,VECM,3116.695312500002,3224.0728076060377
2895,2025-12-14,10,BTC,VECM,88175.17968749984,93630.46442749696
2895,2025-12-14,10,ETH,VECM,3060.5947265625005,3232.3105712869406
2895,2025-12-05,1,BTC,RW,89387.75781249994,92141.62500000003
2895,2025-12-05,1,ETH,RW,3024.4328613281227,3134.316406249999
2895,2025-12-06,2,BTC,RW,89272.37499999981,92141.62500000003
2895,2025-12-06,2,ETH,RW,3040.2077636718736,3134.316406249999
2895,2025-12-07,3,BTC,RW,90405.64062500006,92141.62500000003
2895,2025-12-07,3,ETH,RW,3061.3017578125014,3134.316406249999
2895,2025-12-08,4,BTC,RW,90640.20312499978,92141.62500000003
2895,2025-12-08,4,ETH,RW,3125.197998046876,3134.316406249999
2895,2025-12-09,5,BTC,RW,92691.71093750015,92141.62500000003
2895,2025-12-09,5,ETH,RW,3321.1149902343755,3134.316406249999
2895,2025-12-10,6,BTC,RW,92020.94531250004,92141.62500000003
2895,2025-12-10,6,ETH,RW,3325.3901367187486,3134.316406249999
2895,2025-12-11,7,BTC,RW,92511.3359375001,92141.62500000003
2895,2025-12-11,7,ETH,RW,3237.0568847656223,3134.316406249999
2895,2025-12-12,8,BTC,RW,90270.41406250006,92141.62500000003
2895,2025-12-12,8,ETH,RW,3084.1726074218736,3134.316406249999
2895,2025-12-13,9,BTC,RW,90298.71093750006,92141.62500000003
2895,2025-12-13,9,ETH,RW,3116.695312500002,3134.316406249999
2895,2025-12-14,10,BTC,RW,88175.17968749984,92141.62500000003
2895,2025-12-14,10,ETH,RW,3060.5947265625005,3134.316406249999
2905,2025-12-15,1,BTC,VAR,86419.78124999988,88238.56064001763
2905,2025-12-15,1,ETH,VAR,2964.183105468749,3074.1396666361843
2905,2025-12-16,2,BTC,VAR,87843.984375,87882.55169613319
2905,2025-12-16,2,ETH,VAR,2964.1809082031236,3064.930612371927
2905,2025-12-17,3,BTC,VAR,86143.7578124999,87608.48806642032
2905,2025-12-17,3,ETH,VAR,2831.403564453126,3043.6996907617686
2905,2025-12-18,4,BTC,VAR,85462.50781249997,87583.75234373497
2905,2025-12-18,4,ETH,VAR,2827.0690917968736,3034.158723412161
2905,2025-12-19,5,BTC,VAR,88103.3828125,87914.45557110642
2905,2025-12-19,5,ETH,VAR,2977.970703124999,3045.163558569306
2905,2025-12-20,6,BTC,VAR,88344.00000000015,88049.90388714348
2905,2025-12-20,6,ETH,VAR,2977.58251953125,3050.9976155691024
2905,2025-12-21,7,BTC,VAR,88621.75000000006,88048.68507402376
2905,2025-12-21,7,ETH,VAR,3001.613769531251,3050.8595303667335
2905,2025-12-22,8,BTC,VAR,88490.01562500003,88111.76108537753
2905,2025-12-22,8,ETH,VAR,3006.073730468748,3052.2607397015668
2905,2025-12-23,9,BTC,VAR,87413.99999999999,88144.27675821568
2905,2025-12-23,9,ETH,VAR,2963.3740234374973,3051.706351524929
2905,2025-12-24,10,BTC,VAR,87611.96093750007,88229.12574234216
2905,2025-12-24,10,ETH,VAR,2945.5905761718745,3052.701724849256
2905,2025-12-15,1,BTC,VECM,86419.78124999988,88340.94020907687
2905,2025-12-15,1,ETH,VECM,2964.183105468749,3081.0960822776287
2905,2025-12-16,2,BTC,VECM,87843.984375,88080.95899217736
2905,2025-12-16,2,ETH,VECM,2964.1809082031236,3078.7358375028734
2905,2025-12-17,3,BTC,VECM,86143.7578124999,87906.51392603901
2905,2025-12-17,3,ETH,VECM,2831.403564453126,3064.5401188889423
2905,2025-12-18,4,BTC,VECM,85462.50781249997,87978.85909036962
2905,2025-12-18,4,ETH,VECM,2827.0690917968736,3062.0477128171647
2905,2025-12-19,5,BTC,VECM,88103.3828125,88412.7451955464
2905,2025-12-19,5,ETH,VECM,2977.970703124999,3080.277475630798
2905,2025-12-20,6,BTC,VECM,88344.00000000015,88651.07364906275
2905,2025-12-20,6,ETH,VECM,2977.58251953125,3093.4943450261903
2905,2025-12-21,7,BTC,VECM,88621.75000000006,88756.54178497203
2905,2025-12-21,7,ETH,VECM,3001.613769531251,3100.9805917829303
2905,2025-12-22,8,BTC,VECM,88490.01562500003,88918.05231171208
2905,2025-12-22,8,ETH,VECM,3006.073730468748,3109.7988654054984
2905,2025-12-23,9,BTC,VECM,87413.99999999999,89036.63226870183
2905,2025-12-23,9,ETH,VECM,2963.3740234374973,3116.0664654695443
2905,2025-12-24,10,BTC,VECM,87611.96093750007,89208.4135935016
2905,2025-12-24,10,ETH,VECM,2945.5905761718745,3123.932000482266
2905,2025-12-15,1,BTC,RW,86419.78124999988,88175.17968749984
2905,2025-12-15,1,ETH,RW,2964.183105468749,3060.5947265625005
2905,2025-12-16,2,BTC,RW,87843.984375,88175.17968749984
2905,2025-12-16,2,ETH,RW,2964.1809082031236,3060.5947265625005
2905,2025-12-17,3,BTC,RW,86143.7578124999,88175.17968749984
2905,2025-12-17,3,ETH,RW,2831.403564453126,3060.5947265625005
2905,2025-12-18,4,BTC,RW,85462.50781249997,88175.17968749984
2905,2025-12-18,4,ETH,RW,2827.0690917968736,3060.5947265625005
2905,2025-12-19,5,BTC,RW,88103.3828125,88175.17968749984
2905,2025-12-19,5,ETH,RW,2977.970703124999,3060.5947265625005
2905,2025-12-20,6,BTC,RW,88344.00000000015,88175.17968749984
2905,2025-12-20,6,ETH,RW,2977.58251953125,3060.5947265625005
2905,2025-12-21,7,BTC,RW,88621.75000000006,88175.17968749984
2905,2025-12-21,7,ETH,RW,3001.613769531251,3060.5947265625005
2905,2025-12-22,8,BTC,RW,88490.01562500003,88175.17968749984
2905,2025-12-22,8,ETH,RW,3006.073730468748,3060.5947265625005
2905,2025-12-23,9,BTC,RW,87413.99999999999,88175.17968749984
2905,2025-12-23,9,ETH,RW,2963.3740234374973,3060.5947265625005
2905,2025-12-24,10,BTC,RW,87611.96093750007,88175.17968749984
2905,2025-12-24,10,ETH,RW,2945.5905761718745,3060.5947265625005
2915,2025-12-25,1,BTC,VAR,87234.74218750016,87971.42107821147
2915,2025-12-25,1,ETH,VAR,2903.579589843749,2959.809736350973
2915,2025-12-26,2,BTC,VAR,87301.42968750004,87804.25415093721
2915,2025-12-26,2,ETH,VAR,2925.745605468749,2951.2639706232403
2915,2025-12-27,3,BTC,VAR,87802.15625000001,87701.40951760004
2915,2025-12-27,3,ETH,VAR,2947.9982910156245,2947.116389216392
2915,2025-12-28,4,BTC,VAR,87835.83593750006,87696.78958537018
2915,2025-12-28,4,ETH,VAR,2948.5681152343745,2947.909764122952
2915,2025-12-29,5,BTC,VAR,87138.14062499997,87727.68747197176
2915,2025-12-29,5,ETH,VAR,2934.5383300781245,2947.131992514701
2915,2025-12-30,6,BTC,VAR,88430.13281249994,87768.25113385827
2915,2025-12-30,6,ETH,VAR,2971.4167480468723,2945.91877887031
2915,2025-12-31,7,BTC,VAR,87508.82812499997,87900.96155123756
2915,2025-12-31,7,ETH,VAR,2967.0375976562495,2948.5070604665757
2915,2026-01-01,8,BTC,VAR,88731.98437500007,87973.25858142688
2915,2026-01-01,8,ETH,VAR,3000.3942871093745,2950.2124113346413
2915,2026-01-02,9,BTC,VAR,89944.6953125,88017.75710788797
2915,2026-01-02,9,ETH,VAR,3124.422607421873,2950.700894396343
2915,2026-01-03,10,BTC,VAR,90603.18749999999,88089.12252107289
2915,2026-01-03,10,ETH,VAR,3125.91748046875,2952.3697519770826
2915,2025-12-25,1,BTC,VECM,87234.74218750016,88075.91921301672
2915,2025-12-25,1,ETH,VECM,2903.579589843749,2966.6187449640406
2915,2025-12-26,2,BTC,VECM,87301.42968750004,88003.79142897918
2915,2025-12-26,2,ETH,VECM,2925.745605468749,2964.550687347314
2915,2025-12-27,3,BTC,VECM,87802.15625000001,87998.8449041821
2915,2025-12-27,3,ETH,VECM,2947.9982910156245,2967.0900752706953
2915,2025-12-28,4,BTC,VECM,87835.83593750006,88091.80766901476
2915,2025-12-28,4,ETH,VECM,2948.5681152343745,2974.7637577180844
2915,2025-12-29,5,BTC,VECM,87138.14062499997,88227.73735835595
2915,2025-12-29,5,ETH,VECM,2934.5383300781245,2981.040440608529
2915,2025-12-30,6,BTC,VECM,88430.13281249994,88370.0660471736
2915,2025-12-30,6,ETH,VECM,2971.4167480468723,2986.8219417161763
2915,2025-12-31,7,BTC,VECM,87508.82812499997,88610.4966746595
2915,2025-12-31,7,ETH,VECM,2967.0375976562495,2996.7895565697263
2915,2026-01-01,8,BTC,VECM,88731.98437500007,88780.68052693886
2915,2026-01-01,8,ETH,VECM,3000.3942871093745,3005.5903151879484
2915,2026-01-02,9,BTC,VECM,89944.6953125,88915.71689216746
2915,2026-01-02,9,ETH,VECM,3124.422607421873,3012.9190325774675
2915,2026-01-03,10,BTC,VECM,90603.18749999999,89078.73327526434
2915,2026-01-03,10,ETH,VECM,3125.91748046875,3021.519806427547
2915,2025-12-25,1,BTC,RW,87234.74218750016,87611.96093750007
2915,2025-12-25,1,ETH,RW,2903.579589843749,2945.5905761718745
2915,2025-12-26,2,BTC,RW,87301.42968750004,87611.96093750007
2915,2025-12-26,2,ETH,RW,2925.745605468749,2945.5905761718745
2915,2025-12-27,3,BTC,RW,87802.15625000001,87611.96093750007
2915,2025-12-27,3,ETH,RW,2947.9982910156245,2945.5905761718745
2915,2025-12-28,4,BTC,RW,87835.83593750006,87611.96093750007
2915,2025-12-28,4,ETH,RW,2948.5681152343745,2945.5905761718745
2915,2025-12-29,5,BTC,RW,87138.14062499997,87611.96093750007
2915,2025-12-29,5,ETH,RW,2934.5383300781245,2945.5905761718745
2915,2025-12-30,6,BTC,RW,88430.13281249994,87611.96093750007
2915,2025-12-30,6,ETH,RW,2971.4167480468723,2945.5905761718745
2915,2025-12-31,7,BTC,RW,87508.82812499997,87611.96093750007
2915,2025-12-31,7,ETH,RW,2967.0375976562495,2945.5905761718745
2915,2026-01-01,8,BTC,RW,88731.98437500007,87611.96093750007
2915,2026-01-01,8,ETH,RW,3000.3942871093745,2945.5905761718745
2915,2026-01-02,9,BTC,RW,89944.6953125,87611.96093750007
2915,2026-01-02,9,ETH,RW,3124.422607421873,2945.5905761718745
2915,2026-01-03,10,BTC,RW,90603.18749999999,87611.96093750007
2915,2026-01-03,10,ETH,RW,3125.91748046875,2945.5905761718745
2925,2026-01-04,1,BTC,VAR,91413.49218749999,90774.65770557396
2925,2026-01-04,1,ETH,VAR,3140.7104492187495,3134.252595200015
2925,2026-01-05,2,BTC,VAR,93882.55468749991,90738.14047545248
2925,2026-01-05,2,ETH,VAR,3226.1303710937527,3133.5627974096897
2925,2026-01-06,3,BTC,VAR,93729.03125000003,91016.6754429472
2925,2026-01-06,3,ETH,VAR,3295.9467773437505,3141.8162501981396
2925,2026-01-07,4,BTC,VAR,91308.05468749999,90902.09376183296
2925,2026-01-07,4,ETH,VAR,3166.8439941406264,3139.5731753124282
2925,2026-01-08,5,BTC,VAR,91027.125,91109.38296206869
2925,2026-01-08,5,ETH,VAR,3104.382568359374,3148.8726390166034
2925,2026-01-09,6,BTC,VAR,90513.10156249985,90961.24233153228
2925,2026-01-09,6,ETH,VAR,3083.0471191406273,3144.571534615109
2925,2026-01-10,7,BTC,VAR,90386.64843750006,90871.18393862259
2925,2026-01-10,7,ETH,VAR,3082.3959960937505,3138.418124302041
2925,2026-01-11,8,BTC,VAR,90827.46093749991,90950.86423578691
2925,2026-01-11,8,ETH,VAR,3118.8852539062477,3141.114001009551
2925,2026-01-12,9,BTC,VAR,91192.99218749985,90988.90606065783
2925,2026-01-12,9,ETH,VAR,3092.3251953124977,3140.9005993034452
2925,2026-01-13,10,BTC,VAR,95321.78125000017,91042.1347681702
2925,2026-01-13,10,ETH,VAR,3322.0954589843777,3141.613026266111
2925,2026-01-04,1,BTC,VECM,91413.49218749999,90876.36116884196
2925,2026-01-04,1,ETH,VECM,3140.7104492187495,3141.0703635061795
2925,2026-01-05,2,BTC,VECM,93882.55468749991,90933.25451308863
2925,2026-01-05,2,ETH,VECM,3226.1303710937527,3146.944685080196
2925,2026-01-06,3,BTC,VECM,93729.03125000003,91310.33990526765
2925,2026-01-06,3,ETH,VECM,3295.9467773437505,3162.1220601109767
2925,2026-01-07,4,BTC,VECM,91308.05468749999,91289.34997922741
2925,2026-01-07,4,ETH,VECM,3166.8439941406264,3166.6956216959893
2925,2026-01-08,5,BTC,VECM,91027.125,91600.31120294388
2925,2026-01-08,5,ETH,VECM,3104.382568359374,3183.2079601247447
2925,2026-01-09,6,BTC,VECM,90513.10156249985,91548.2010707984
2925,2026-01-09,6,ETH,VECM,3083.0471191406273,3185.7708551799246
2925,2026-01-10,7,BTC,VECM,90386.64843750006,91562.77555523168
2925,2026-01-10,7,ETH,VECM,3082.3959960937505,3186.9825143061867
2925,2026-01-11,8,BTC,VECM,90827.46093749991,91738.85766300448
2925,2026-01-11,8,ETH,VECM,3118.8852539062477,3196.904614512157
2925,2026-01-12,9,BTC,VECM,91192.99218749985,91866.95880688791
2925,2026-01-12,9,ETH,VECM,3092.3251953124977,3203.686807048836
2925,2026-01-13,10,BTC,VECM,95321.78125000017,92010.29729432114
2925,2026-01-13,10,ETH,VECM,3322.0954589843777,3211.4395118528682
2925,2026-01-04,1,BTC,RW,91413.49218749999,90603.18749999999
2925,2026-01-04,1,ETH,RW,3140.7104492187495,3125.91748046875
2925,2026-01-05,2,BTC,RW,93882.55468749991,90603.18749999999
2925,2026-01-05,2,ETH,RW,3226.1303710937527,3125.91748046875
2925,2026-01-06,3,BTC,RW,93729.03125000003,90603.18749999999
2925,2026-01-06,3,ETH,RW,3295.9467773437505,3125.91748046875
2925,2026-01-07,4,BTC,RW,91308.05468749999,90603.18749999999
2925,2026-01-07,4,ETH,RW,3166.8439941406264,3125.91748046875
2925,2026-01-08,5,BTC,RW,91027.125,90603.18749999999
2925,2026-01-08,5,ETH,RW,3104.382568359374,3125.91748046875
2925,2026-01-09,6,BTC,RW,90513.10156249985,90603.18749999999
2925,2026-01-09,6,ETH,RW,3083.0471191406273,3125.91748046875
2925,2026-01-10,7,BTC,RW,90386.64843750006,90603.18749999999
2925,2026-01-10,7,ETH,RW,3082.3959960937505,3125.91748046875
2925,2026-01-11,8,BTC,RW,90827.46093749991,90603.18749999999
2925,2026-01-11,8,ETH,RW,3118.8852539062477,3125.91748046875
2925,2026-01-12,9,BTC,RW,91192.99218749985,90603.18749999999
2925,2026-01-12,9,ETH,RW,3092.3251953124977,3125.91748046875
2925,2026-01-13,10,BTC,RW,95321.78125000017,90603.18749999999
2925,2026-01-13,10,ETH,RW,3322.0954589843777,3125.91748046875
2935,2026-01-14,1,BTC,VAR,96929.32812499996,94986.62865393644
2935,2026-01-14,1,ETH,VAR,3354.7226562499977,3301.6988334057273
2935,2026-01-15,2,BTC,VAR,95551.18750000003,95536.63633326825
2935,2026-01-15,2,ETH,VAR,3317.101318359377,3323.34020293349
2935,2026-01-16,3,BTC,VAR,95525.11718750001,95594.56429949973
2935,2026-01-16,3,ETH,VAR,3295.482177734373,3331.916105169088
2935,2026-01-17,4,BTC,VAR,95099.92187500004,96009.25832772562
2935,2026-01-17,4,ETH,VAR,3308.8642578125005,3343.9194352676445
2935,2026-01-18,5,BTC,VAR,93634.42968750013,95909.93146561472
2935,2026-01-18,5,ETH,VAR,3281.1577148437514,3340.2574897889644
2935,2026-01-19,6,BTC,VAR,92553.59375000004,96187.89276994053
2935,2026-01-19,6,ETH,VAR,3186.621093749999,3351.8569392013046
2935,2026-01-20,7,BTC,VAR,88310.90624999994,96075.17218865849
2935,2026-01-20,7,ETH,VAR,2935.6057128906255,3349.8543649303706
2935,2026-01-21,8,BTC,VAR,89376.96093749996,95904.61089851041
2935,2026-01-21,8,ETH,VAR,2978.901123046872,3341.9757428893754
2935,2026-01-22,9,BTC,VAR,89462.45312500003,96000.6558317692
2935,2026-01-22,9,ETH,VAR,2949.6333007812514,3345.275144680728
2935,2026-01-23,10,BTC,VAR,89503.875,96023.96726568164
2935,2026-01-23,10,ETH,VAR,2953.2563476562505,3344.7072762130356
2935,2026-01-14,1,BTC,VECM,96929.32812499996,95096.17838080158
2935,2026-01-14,1,ETH,VECM,3354.7226562499977,3309.0584234143357
2935,2026-01-15,2,BTC,VECM,95551.18750000003,95743.86837581483
2935,2026-01-15,2,ETH,VECM,3317.101318359377,3337.5960457826013
2935,2026-01-16,3,BTC,VECM,95525.11718750001,95901.72154138179
2935,2026-01-16,3,ETH,VECM,3295.482177734373,3353.2669606744153
2935,2026-01-17,4,BTC,VECM,95099.92187500004,96416.81651180304
2935,2026-01-17,4,ETH,VECM,3308.8642578125005,3372.5677543092233
2935,2026-01-18,5,BTC,VECM,93634.42968750013,96422.13690697917
2935,2026-01-18,5,ETH,VECM,3281.1577148437514,3376.1792879174113
2935,2026-01-19,6,BTC,VECM,92553.59375000004,96802.38981916121
2935,2026-01-19,6,ETH,VECM,3186.621093749999,3395.1191297735063
2935,2026-01-20,7,BTC,VECM,88310.90624999994,96795.46092765276
2935,2026-01-20,7,ETH,VECM,2935.6057128906255,3400.6803682964955
2935,2026-01-21,8,BTC,VECM,89376.96093749996,96723.76873046416
2935,2026-01-21,8,ETH,VECM,2978.901123046872,3400.2124886063234
2935,2026-01-22,9,BTC,VECM,89462.45312500003,96915.3178739055
2935,2026-01-22,9,ETH,VECM,2949.6333007812514,3410.9872057231637
2935,2026-01-23,10,BTC,VECM,89503.875,97034.00316068609
2935,2026-01-23,10,ETH,VECM,2953.2563476562505,3417.8668443464762
2935,2026-01-14,1,BTC,RW,96929.32812499996,95321.78125000017
2935,2026-01-14,1,ETH,RW,3354.7226562499977,3322.0954589843777
2935,2026-01-15,2,BTC,RW,95551.18750000003,95321.78125000017
2935,2026-01-15,2,ETH,RW,3317.101318359377,3322.0954589843777
2935,2026-01-16,3,BTC,RW,95525.11718750001,95321.78125000017
2935,2026-01-16,3,ETH,RW,3295.482177734373,3322.0954589843777
2935,2026-01-17,4,BTC,RW,95099.92187500004,95321.78125000017
2935,2026-01-17,4,ETH,RW,3308.8642578125005,3322.0954589843777
2935,2026-01-18,5,BTC,RW,93634.42968750013,95321.78125000017
2935,2026-01-18,5,ETH,RW,3281.1577148437514,3322.0954589843777
2935,2026-01-19,6,BTC,RW,92553.59375000004,95321.78125000017
2935,2026-01-19,6,ETH,RW,3186.621093749999,3322.0954589843777
2935,2026-01-20,7,BTC,RW,88310.90624999994,95321.78125000017
2935,2026-01-20,7,ETH,RW,2935.6057128906255,3322.0954589843777
2935,2026-01-21,8,BTC,RW,89376.96093749996,95321.78125000017
2935,2026-01-21,8,ETH,RW,2978.901123046872,3322.0954589843777
2935,2026-01-22,9,BTC,RW,89462.45312500003,95321.78125000017
2935,2026-01-22,9,ETH,RW,2949.6333007812514,3322.0954589843777
2935,2026-01-23,10,BTC,RW,89503.875,95321.78125000017
2935,2026-01-23,10,ETH,RW,2953.2563476562505,3322.0954589843777
2945,2026-01-24,1,BTC,VAR,89110.73437500004,89391.90399700643
2945,2026-01-24,1,ETH,VAR,2948.740722656249,2953.0639693484827
2945,2026-01-25,2,BTC,VAR,86572.21875000007,89462.87398681596
2945,2026-01-25,2,ETH,VAR,2815.9023437499995,2950.1292217833134
2945,2026-01-26,3,BTC,VAR,88267.14062499997,89395.21937981943
2945,2026-01-26,3,ETH,VAR,2926.457031250001,2940.779833864808
2945,2026-01-27,4,BTC,VAR,89102.57031249985,89929.57845129735
2945,2026-01-27,4,ETH,VAR,3022.210937499998,2955.4866000460165
2945,2026-01-28,5,BTC,VAR,89184.57031250001,90189.07905713447
2945,2026-01-28,5,ETH,VAR,3006.6074218750005,2962.1797886941313
2945,2026-01-29,6,BTC,VAR,84561.58593749993,90257.04732992023
2945,2026-01-29,6,ETH,VAR,2818.2326660156255,2962.654861480959
2945,2026-01-30,7,BTC,VAR,84128.6562500002,90384.60943807437
2945,2026-01-30,7,ETH,VAR,2702.375244140626,2967.629018895874
2945,2026-01-31,8,BTC,VAR,78621.11718749991,90443.2297855068
2945,2026-01-31,8,ETH,VAR,2445.091796875001,2968.5854665562892
2945,2026-02-01,9,BTC,VAR,76974.44531249991,90517.79581885683
2945,2026-02-01,9,ETH,VAR,2267.964843750001,2969.6354451604484
2945,2026-02-02,10,BTC,VAR,78688.76562500017,90607.88374767262
2945,2026-02-02,10,ETH,VAR,2344.356689453126,2971.4962812526414
2945,2026-01-24,1,BTC,VECM,89110.73437500004,89504.10719252465
2945,2026-01-24,1,ETH,VECM,2948.740722656249,2960.179263495605
2945,2026-01-25,2,BTC,VECM,86572.21875000007,89678.81993837701
2945,2026-01-25,2,ETH,VECM,2815.9023437499995,2964.1026196961648
2945,2026-01-26,3,BTC,VECM,88267.14062499997,89718.15462372584
2945,2026-01-26,3,ETH,VECM,2926.457031250001,2961.8066345454454
2945,2026-01-27,4,BTC,VECM,89102.57031249985,90357.00081988965
2945,2026-01-27,4,ETH,VECM,3022.210937499998,2983.6293383464426
2945,2026-01-28,5,BTC,VECM,89184.57031250001,90727.3491105369
2945,2026-01-28,5,ETH,VECM,3006.6074218750005,2997.538531565531
2945,2026-01-29,6,BTC,VECM,84561.58593749993,90898.81123108244
2945,2026-01-29,6,ETH,VECM,2818.2326660156255,3004.9284784675606
2945,2026-01-30,7,BTC,VECM,84128.6562500002,91138.02701079285
2945,2026-01-30,7,ETH,VECM,2702.375244140626,3017.3488930311337
2945,2026-01-31,8,BTC,VECM,78621.11718749991,91299.89997889106
2945,2026-01-31,8,ETH,VECM,2445.091796875001,3025.5635700799926
2945,2026-02-01,9,BTC,VECM,76974.44531249991,91469.1377503734
2945,2026-02-01,9,ETH,VECM,2267.964843750001,3033.5553058169094
2945,2026-02-02,10,BTC,VECM,78688.76562500017,91653.88895365817
2945,2026-02-02,10,ETH,VECM,2344.356689453126,3042.3864126870562
2945,2026-01-24,1,BTC,RW,89110.73437500004,89503.875
2945,2026-01-24,1,ETH,RW,2948.740722656249,2953.2563476562505
2945,2026-01-25,2,BTC,RW,86572.21875000007,89503.875
2945,2026-01-25,2,ETH,RW,2815.9023437499995,2953.2563476562505
2945,2026-01-26,3,BTC,RW,88267.14062499997,89503.875
2945,2026-01-26,3,ETH,RW,2926.457031250001,2953.2563476562505
2945,2026-01-27,4,BTC,RW,89102.57031249985,89503.875
2945,2026-01-27,4,ETH,RW,3022.210937499998,2953.2563476562505
2945,2026-01-28,5,BTC,RW,89184.57031250001,89503.875
2945,2026-01-28,5,ETH,RW,3006.6074218750005,2953.2563476562505
2945,2026-01-29,6,BTC,RW,84561.58593749993,89503.875
2945,2026-01-29,6,ETH,RW,2818.2326660156255,2953.2563476562505
2945,2026-01-30,7,BTC,RW,84128.6562500002,89503.875
2945,2026-01-30,7,ETH,RW,2702.375244140626,2953.2563476562505
2945,2026-01-31,8,BTC,RW,78621.11718749991,89503.875
2945,2026-01-31,8,ETH,RW,2445.091796875001,2953.2563476562505
2945,2026-02-01,9,BTC,RW,76974.44531249991,89503.875
2945,2026-02-01,9,ETH,RW,2267.964843750001,2953.2563476562505
2945,2026-02-02,10,BTC,RW,78688.76562500017,89503.875
2945,2026-02-02,10,ETH,RW,2344.356689453126,2953.2563476562505
2955,2026-02-03,1,BTC,VAR,75633.54687499994,78077.85467089085
2955,2026-02-03,1,ETH,VAR,2227.5588378906255,2315.4752426103382
2955,2026-02-04,2,BTC,VAR,73019.70312499996,78057.73079915371
2955,2026-02-04,2,ETH,VAR,2143.5041503906255,2312.0763753696147
2955,2026-02-05,3,BTC,VAR,62702.09765625002,77903.5803380289
2955,2026-02-05,3,ETH,VAR,1821.68310546875,2305.283518678427
2955,2026-02-06,4,BTC,VAR,70555.39062499997,78371.17956524019
2955,2026-02-06,4,ETH,VAR,2063.3869628906255,2309.1771333904035
2955,2026-02-07,5,BTC,VAR,69281.96875000006,78603.54679268415
2955,2026-02-07,5,ETH,VAR,2090.549316406251,2309.246200074089
2955,2026-02-08,6,BTC,VAR,70264.72656249999,79288.67321976241
2955,2026-02-08,6,ETH,VAR,2088.762939453126,2326.403806935702
2955,2026-02-09,7,BTC,VAR,70120.7812500001,79525.8055619313
2955,2026-02-09,7,ETH,VAR,2103.567626953125,2334.9914574246677
2955,2026-02-10,8,BTC,VAR,68793.96093749985,79518.24075335696
2955,2026-02-10,8,ETH,VAR,2019.4974365234373,2333.8372169572585
2955,2026-02-11,9,BTC,VAR,66991.96874999996,79651.39539824733
2955,2026-02-11,9,ETH,VAR,1940.621337890625,2337.9108404922486
2955,2026-02-12,10,BTC,VAR,66221.84375,79727.8081009011
2955,2026-02-12,10,ETH,VAR,1946.9406738281248,2338.989596520959
2955,2026-02-03,1,BTC,VECM,75633.54687499994,78184.5525123327
2955,2026-02-03,1,ETH,VECM,2227.5588378906255,2321.4858198078064
2955,2026-02-04,2,BTC,VECM,73019.70312499996,78263.00380276497
2955,2026-02-04,2,ETH,VECM,2143.5041503906255,2323.878889422832
2955,2026-02-05,3,BTC,VECM,62702.09765625002,78210.96203282209
2955,2026-02-05,3,ETH,VECM,1821.68310546875,2323.0925271009164
2955,2026-02-06,4,BTC,VECM,70555.39062499997,78782.20838822293
2955,2026-02-06,4,ETH,VECM,2063.3869628906255,2333.1723475429794
2955,2026-02-07,5,BTC,VECM,69281.96875000006,79119.60413593045
2955,2026-02-07,5,ETH,VECM,2090.549316406251,2339.2540565341837
2955,2026-02-08,6,BTC,VECM,70264.72656249999,79912.62315066603
2955,2026-02-08,6,ETH,VECM,2088.762939453126,2362.7527075215885
2955,2026-02-09,7,BTC,VECM,70120.7812500001,80255.59807648021
2955,2026-02-09,7,ETH,VECM,2103.567626953125,2377.625192466505
2955,2026-02-10,8,BTC,VECM,68793.96093749985,80347.16580131845
2955,2026-02-10,8,ETH,VECM,2019.4974365234373,2382.611281020704
2955,2026-02-11,9,BTC,VECM,66991.96874999996,80573.04963794776
2955,2026-02-11,9,ETH,VECM,1940.621337890625,2392.717290455574
2955,2026-02-12,10,BTC,VECM,66221.84375,80742.002443529
2955,2026-02-12,10,ETH,VECM,1946.9406738281248,2399.7854030766875
2955,2026-02-03,1,BTC,RW,75633.54687499994,78688.76562500017
2955,2026-02-03,1,ETH,RW,2227.5588378906255,2344.356689453126
2955,2026-02-04,2,BTC,RW,73019.70312499996,78688.76562500017
2955,2026-02-04,2,ETH,RW,2143.5041503906255,2344.356689453126
2955,2026-02-05,3,BTC,RW,62702.09765625002,78688.76562500017
2955,2026-02-05,3,ETH,RW,1821.68310546875,2344.356689453126
2955,2026-02-06,4,BTC,RW,70555.39062499997,78688.76562500017
2955,2026-02-06,4,ETH,RW,2063.3869628906255,2344.356689453126
2955,2026-02-07,5,BTC,RW,69281.96875000006,78688.76562500017
2955,2026-02-07,5,ETH,RW,2090.549316406251,2344.356689453126
2955,2026-02-08,6,BTC,RW,70264.72656249999,78688.76562500017
2955,2026-02-08,6,ETH,RW,2088.762939453126,2344.356689453126
2955,2026-02-09,7,BTC,RW,70120.7812500001,78688.76562500017
2955,2026-02-09,7,ETH,RW,2103.567626953125,2344.356689453126
2955,2026-02-10,8,BTC,RW,68793.96093749985,78688.76562500017
2955,2026-02-10,8,ETH,RW,2019.4974365234373,2344.356689453126
2955,2026-02-11,9,BTC,RW,66991.96874999996,78688.76562500017
2955,2026-02-11,9,ETH,RW,1940.621337890625,2344.356689453126
2955,2026-02-12,10,BTC,RW,66221.84375,78688.76562500017
2955,2026-02-12,10,ETH,RW,1946.9406738281248,2344.356689453126
2965,2026-02-13,1,BTC,VAR,68857.84375,66540.01724153722
2965,2026-02-13,1,ETH,VAR,2048.52734375,1954.7267287035395
2965,2026-02-14,2,BTC,VAR,69767.62499999994,66031.05982078952
2965,2026-02-14,2,ETH,VAR,2086.009765625001,1940.352602038131
2965,2026-02-15,3,BTC,VAR,68788.18750000006,65981.52998618569
2965,2026-02-15,3,ETH,VAR,1966.04296875,1936.0042026952408
2965,2026-02-16,4,BTC,VAR,68843.15625000012,65958.1575791671
2965,2026-02-16,4,ETH,VAR,1997.917724609374,1932.5664563994033
2965,2026-02-17,5,BTC,VAR,67494.21874999991,65910.5433299017
2965,2026-02-17,5,ETH,VAR,1992.1943359374995,1927.3220286535902
2965,2026-02-18,6,BTC,VAR,66425.32031250001,66180.90570864867
2965,2026-02-18,6,ETH,VAR,1953.974121093749,1936.1044785340673
2965,2026-02-19,7,BTC,VAR,66957.52343749999,66236.91095934402
2965,2026-02-19,7,ETH,VAR,1948.2010498046884,1937.776242172029
2965,2026-02-20,8,BTC,VAR,68005.42187500001,66227.74956439532
2965,2026-02-20,8,ETH,VAR,1969.0223388671868,1935.9984460464036
2965,2026-02-21,9,BTC,VAR,68003.76562500012,66260.48706448574
2965,2026-02-21,9,ETH,VAR,1973.7371826171873,1936.6353573340477
2965,2026-02-22,10,BTC,VAR,67659.39062499997,66319.01506519876
2965,2026-02-22,10,ETH,VAR,1957.8059082031252,1937.2328961807825
2965,2026-02-13,1,BTC,VECM,68857.84375,66627.44348272578
2965,2026-02-13,1,ETH,VECM,2048.52734375,1959.7583567936836
2965,2026-02-14,2,BTC,VECM,69767.62499999994,66185.66949150483
2965,2026-02-14,2,ETH,VECM,2086.009765625001,1949.487453613378
2965,2026-02-15,3,BTC,VECM,68788.18750000006,66218.31456355363
2965,2026-02-15,3,ETH,VECM,1966.04296875,1950.061995030506
2965,2026-02-16,4,BTC,VECM,68843.15625000012,66269.8921640644
2965,2026-02-16,4,ETH,VECM,1997.917724609374,1951.2992558855829
2965,2026-02-17,5,BTC,VECM,67494.21874999991,66306.37947665469
2965,2026-02-17,5,ETH,VECM,1992.1943359374995,1950.9657513777909
2965,2026-02-18,6,BTC,VECM,66425.32031250001,66657.57415139489
2965,2026-02-18,6,ETH,VECM,1953.974121093749,1964.7122598788064
2965,2026-02-19,7,BTC,VECM,66957.52343749999,66799.81114441137
2965,2026-02-19,7,ETH,VECM,1948.2010498046884,1971.5735351328417
2965,2026-02-20,8,BTC,VECM,68005.42187500001,66867.19216608547
2965,2026-02-20,8,ETH,VECM,1969.0223388671868,1974.686623423763
2965,2026-02-21,9,BTC,VECM,68003.76562500012,66969.48745465302
2965,2026-02-21,9,ETH,VECM,1973.7371826171873,1979.9606350694664
2965,2026-02-22,10,BTC,VECM,67659.39062499997,67098.63570486513
2965,2026-02-22,10,ETH,VECM,1957.8059082031252,1985.2546237331721
2965,2026-02-13,1,BTC,RW,68857.84375,66221.84375
2965,2026-02-13,1,ETH,RW,2048.52734375,1946.9406738281248
2965,2026-02-14,2,BTC,RW,69767.62499999994,66221.84375
2965,2026-02-14,2,ETH,RW,2086.009765625001,1946.9406738281248
2965,2026-02-15,3,BTC,RW,68788.18750000006,66221.84375
2965,2026-02-15,3,ETH,RW,1966.04296875,1946.9406738281248
2965,2026-02-16,4,BTC,RW,68843.15625000012,66221.84375
2965,2026-02-16,4,ETH,RW,1997.917724609374,1946.9406738281248
2965,2026-02-17,5,BTC,RW,67494.21874999991,66221.84375
2965,2026-02-17,5,ETH,RW,1992.1943359374995,1946.9406738281248
2965,2026-02-18,6,BTC,RW,66425.32031250001,66221.84375
2965,2026-02-18,6,ETH,RW,1953.974121093749,1946.9406738281248
2965,2026-02-19,7,BTC,RW,66957.52343749999,66221.84375
2965,2026-02-19,7,ETH,RW,1948.2010498046884,1946.9406738281248
2965,2026-02-20,8,BTC,RW,68005.42187500001,66221.84375
2965,2026-02-20,8,ETH,RW,1969.0223388671868,1946.9406738281248
2965,2026-02-21,9,BTC,RW,68003.76562500012,66221.84375
2965,2026-02-21,9,ETH,RW,1973.7371826171873,1946.9406738281248
2965,2026-02-22,10,BTC,RW,67659.39062499997,66221.84375
2965,2026-02-22,10,ETH,RW,1957.8059082031252,1946.9406738281248
2975,2026-02-23,1,BTC,VAR,64616.73828124986,67883.52149613078
2975,2026-02-23,1,ETH,VAR,1855.5028076171873,1969.8598917345078
2975,2026-02-24,2,BTC,VAR,64080.042968750015,67807.52314315323
2975,2026-02-24,2,ETH,VAR,1852.9694824218743,1966.8338663565894
2975,2026-02-25,3,BTC,VAR,67960.12499999983,67886.25996683793
2975,2026-02-25,3,ETH,VAR,2054.627929687498,1966.012984295318
2975,2026-02-26,4,BTC,VAR,67453.77343749983,67966.3244270344
2975,2026-02-26,4,ETH,VAR,2026.7926025390618,1966.643994045466
2975,2026-02-27,5,BTC,VAR,65881.79687500001,68056.51616377759
2975,2026-02-27,5,ETH,VAR,1930.761840820313,1968.4774800227617
2975,2026-02-28,6,BTC,VAR,66995.85937500004,68052.25975361826
2975,2026-02-28,6,ETH,VAR,1965.0505371093752,1968.026385934193
2975,2026-03-01,7,BTC,VAR,65738.10156250007,68106.01608147238
2975,2026-03-01,7,ETH,VAR,1939.0666503906243,1969.0505813554555
2975,2026-03-02,8,BTC,VAR,68775.85156249983,68151.07797473115
2975,2026-03-02,8,ETH,VAR,2027.2689208984377,1969.8679293384353
2975,2026-03-03,9,BTC,VAR,68293.64843749997,68171.75489067382
2975,2026-03-03,9,ETH,VAR,1982.7689208984377,1969.4493927487404
2975,2026-03-04,10,BTC,VAR,72710.57812499997,68218.1848989802
2975,2026-03-04,10,ETH,VAR,2126.50537109375,1969.9274322183057
2975,2026-02-23,1,BTC,VECM,64616.73828124986,67966.77809754512
2975,2026-02-23,1,ETH,VECM,1855.5028076171873,1974.555007519897
2975,2026-02-24,2,BTC,VECM,64080.042968750015,67969.43463233544
2975,2026-02-24,2,ETH,VECM,1852.9694824218743,1976.176056362189
2975,2026-02-25,3,BTC,VECM,67960.12499999983,68129.71599048673
2975,2026-02-25,3,ETH,VECM,2054.627929687498,1980.1590643053146
2975,2026-02-26,4,BTC,VECM,67453.77343749983,68286.61114840474
2975,2026-02-26,4,ETH,VECM,2026.7926025390618,1985.4715867895366
2975,2026-02-27,5,BTC,VECM,65881.79687500001,68458.64405200825
2975,2026-02-27,5,ETH,VECM,1930.761840820313,1992.0568107604097
2975,2026-02-28,6,BTC,VECM,66995.85937500004,68534.70395918151
2975,2026-02-28,6,ETH,VECM,1965.0505371093752,1996.3853958615998
2975,2026-03-01,7,BTC,VECM,65738.10156250007,68675.52971923075
2975,2026-03-01,7,ETH,VECM,1939.0666503906243,2002.5512154456644
2975,2026-03-02,8,BTC,VECM,68775.85156249983,68801.15663095491
2975,2026-03-02,8,ETH,VECM,2027.2689208984377,2008.385129327968
2975,2026-03-03,9,BTC,VECM,68293.64843749997,68895.05206615139
2975,2026-03-03,9,ETH,VECM,1982.7689208984377,2012.7301283273518
2975,2026-03-04,10,BTC,VECM,72710.57812499997,69015.1587460613
2975,2026-03-04,10,ETH,VECM,2126.50537109375,2018.007738256938
2975,2026-02-23,1,BTC,RW,64616.73828124986,67659.39062499997
2975,2026-02-23,1,ETH,RW,1855.5028076171873,1957.8059082031252
2975,2026-02-24,2,BTC,RW,64080.042968750015,67659.39062499997
2975,2026-02-24,2,ETH,RW,1852.9694824218743,1957.8059082031252
2975,2026-02-25,3,BTC,RW,67960.12499999983,67659.39062499997
2975,2026-02-25,3,ETH,RW,2054.627929687498,1957.8059082031252
2975,2026-02-26,4,BTC,RW,67453.77343749983,67659.39062499997
2975,2026-02-26,4,ETH,RW,2026.7926025390618,1957.8059082031252
2975,2026-02-27,5,BTC,RW,65881.79687500001,67659.39062499997
2975,2026-02-27,5,ETH,RW,1930.761840820313,1957.8059082031252
2975,2026-02-28,6,BTC,RW,66995.85937500004,67659.39062499997
2975,2026-02-28,6,ETH,RW,1965.0505371093752,1957.8059082031252
2975,2026-03-01,7,BTC,RW,65738.10156250007,67659.39062499997
2975,2026-03-01,7,ETH,RW,1939.0666503906243,1957.8059082031252
2975,2026-03-02,8,BTC,RW,68775.85156249983,67659.39062499997
2975,2026-03-02,8,ETH,RW,2027.2689208984377,1957.8059082031252
2975,2026-03-03,9,BTC,RW,68293.64843749997,67659.39062499997
2975,2026-03-03,9,ETH,RW,1982.7689208984377,1957.8059082031252
2975,2026-03-04,10,BTC,RW,72710.57812499997,67659.39062499997
2975,2026-03-04,10,ETH,RW,2126.50537109375,1957.8059082031252
2985,2026-03-05,1,BTC,VAR,70841.125,72174.756524299
2985,2026-03-05,1,ETH,VAR,2071.6054687499995,2105.3645512259627
2985,2026-03-06,2,BTC,VAR,68136.49218749996,72647.95689884969
2985,2026-03-06,2,ETH,VAR,1978.7512207031243,2118.978563330889
2985,2026-03-07,3,BTC,VAR,67272.59375000013,72852.13770993886
2985,2026-03-07,3,ETH,VAR,1969.455444335938,2131.506178617428
2985,2026-03-08,4,BTC,VAR,65969.78125000004,73087.91713811281
2985,2026-03-08,4,ETH,VAR,1936.6047363281245,2137.061218589849
2985,2026-03-09,5,BTC,VAR,68402.38281250001,73124.13991077774
2985,2026-03-09,5,ETH,VAR,1992.9382324218743,2136.5633230834196
2985,2026-03-10,6,BTC,VAR,69926.92187499991,73255.935477157
2985,2026-03-10,6,ETH,VAR,2037.1204833984364,2140.0580827582453
2985,2026-03-11,7,BTC,VAR,70204.88281249991,73286.58229456708
2985,2026-03-11,7,ETH,VAR,2051.573242187501,2140.502400764383
2985,2026-03-12,8,BTC,VAR,70493.46093749997,73192.6582804549
2985,2026-03-12,8,ETH,VAR,2073.1362304687505,2137.57006924865
2985,2026-03-13,9,BTC,VAR,70968.26562500013,73276.95993377143
2985,2026-03-13,9,ETH,VAR,2092.5634765625005,2139.825738232919
2985,2026-03-14,10,BTC,VAR,71214.62499999983,73286.91059433884
2985,2026-03-14,10,ETH,VAR,2097.0866699218755,2139.4603102208102
2985,2026-03-05,1,BTC,VECM,70841.125,72256.44279712548
2985,2026-03-05,1,ETH,VECM,2071.6054687499995,2109.954179099681
2985,2026-03-06,2,BTC,VECM,68136.49218749996,72805.35709609624
2985,2026-03-06,2,ETH,VECM,1978.7512207031243,2128.029182143125
2985,2026-03-07,3,BTC,VECM,67272.59375000013,73088.56592089309
2985,2026-03-07,3,ETH,VECM,1969.455444335938,2145.2521250730997
2985,2026-03-08,4,BTC,VECM,65969.78125000004,73402.08209049972
2985,2026-03-08,4,ETH,VECM,1936.6047363281245,2155.535018724493
2985,2026-03-09,5,BTC,VECM,68402.38281250001,73522.66696805894
2985,2026-03-09,5,ETH,VECM,1992.9382324218743,2159.92512694928
2985,2026-03-10,6,BTC,VECM,69926.92187499991,73734.60301536314
2985,2026-03-10,6,ETH,VECM,2037.1204833984364,2168.2011429732743
2985,2026-03-11,7,BTC,VECM,70204.88281249991,73853.57730743077
2985,2026-03-11,7,ETH,VECM,2051.573242187501,2173.8614610650884
2985,2026-03-12,8,BTC,VECM,70493.46093749997,73841.55108570786
2985,2026-03-12,8,ETH,VECM,2073.1362304687505,2176.0193976564015
2985,2026-03-13,9,BTC,VECM,70968.26562500013,74007.66908316634
2985,2026-03-13,9,ETH,VECM,2092.5634765625005,2183.5215420950644
2985,2026-03-14,10,BTC,VECM,71214.62499999983,74098.12225347474
2985,2026-03-14,10,ETH,VECM,2097.0866699218755,2188.349654919596
2985,2026-03-05,1,BTC,RW,70841.125,72710.57812499997
2985,2026-03-05,1,ETH,RW,2071.6054687499995,2126.50537109375
2985,2026-03-06,2,BTC,RW,68136.49218749996,72710.57812499997
2985,2026-03-06,2,ETH,RW,1978.7512207031243,2126.50537109375
2985,2026-03-07,3,BTC,RW,67272.59375000013,72710.57812499997
2985,2026-03-07,3,ETH,RW,1969.455444335938,2126.50537109375
2985,2026-03-08,4,BTC,RW,65969.78125000004,72710.57812499997
2985,2026-03-08,4,ETH,RW,1936.6047363281245,2126.50537109375
2985,2026-03-09,5,BTC,RW,68402.38281250001,72710.57812499997
2985,2026-03-09,5,ETH,RW,1992.9382324218743,2126.50537109375
2985,2026-03-10,6,BTC,RW,69926.92187499991,72710.57812499997
2985,2026-03-10,6,ETH,RW,2037.1204833984364,2126.50537109375
2985,2026-03-11,7,BTC,RW,70204.88281249991,72710.57812499997
2985,2026-03-11,7,ETH,RW,2051.573242187501,2126.50537109375
2985,2026-03-12,8,BTC,RW,70493.46093749997,72710.57812499997
2985,2026-03-12,8,ETH,RW,2073.1362304687505,2126.50537109375
2985,2026-03-13,9,BTC,RW,70968.26562500013,72710.57812499997
2985,2026-03-13,9,ETH,RW,2092.5634765625005,2126.50537109375
2985,2026-03-14,10,BTC,RW,71214.62499999983,72710.57812499997
2985,2026-03-14,10,ETH,RW,2097.0866699218755,2126.50537109375
2995,2026-03-15,1,BTC,VAR,72789.91406249991,71337.97269260132
2995,2026-03-15,1,ETH,VAR,2177.476318359375,2099.299009880023
2995,2026-03-16,2,BTC,VAR,74861.08593749997,71449.53507198687
2995,2026-03-16,2,ETH,VAR,2351.176025390626,2100.742792665952
2995,2026-03-17,3,BTC,VAR,73922.47656250006,71446.73714916
2995,2026-03-17,3,ETH,VAR,2318.053466796876,2101.129866234706
2995,2026-03-18,4,BTC,VAR,71245.57812500004,71456.6237313805
2995,2026-03-18,4,ETH,VAR,2203.6716308593745,2102.1557028471975
2995,2026-03-19,5,BTC,VAR,69912.78906249996,71472.25425723355
2995,2026-03-19,5,ETH,VAR,2137.4238281250005,2102.562246185229
2995,2026-03-20,6,BTC,VAR,70522.58593749999,71459.8633903555
2995,2026-03-20,6,ETH,VAR,2146.4970703125,2101.202558433209
2995,2026-03-21,7,BTC,VAR,68711.52343750003,71481.15878956171
2995,2026-03-21,7,ETH,VAR,2076.689941406249,2100.8387271739834
2995,2026-03-22,8,BTC,VAR,67845.21093749997,71514.94794870111
2995,2026-03-22,8,ETH,VAR,2053.0483398437505,2100.9697286386804
2995,2026-03-23,9,BTC,VAR,70914.85937500006,71551.43368724291
2995,2026-03-23,9,ETH,VAR,2152.14599609375,2101.2358423611918
2995,2026-03-24,10,BTC,VAR,70517.85937500001,71587.33511853553
2995,2026-03-24,10,ETH,VAR,2155.7043457031255,2101.6418309576607
2995,2026-03-15,1,BTC,VECM,72789.91406249991,71422.1870614185
2995,2026-03-15,1,ETH,VECM,2177.476318359375,2104.0946460588593
2995,2026-03-16,2,BTC,VECM,74861.08593749997,71608.81209927294
2995,2026-03-16,2,ETH,VECM,2351.176025390626,2110.0230226150097
2995,2026-03-17,3,BTC,VECM,73922.47656250006,71682.70348081886
2995,2026-03-17,3,ETH,VECM,2318.053466796876,2114.9932576883602
2995,2026-03-18,4,BTC,VECM,71245.57812500004,71771.08953722296
2995,2026-03-18,4,ETH,VECM,2203.6716308593745,2120.8564170991895
2995,2026-03-19,5,BTC,VECM,69912.78906249996,71872.58078521404
2995,2026-03-19,5,ETH,VECM,2137.4238281250005,2126.3107843358807
2995,2026-03-20,6,BTC,VECM,70522.58593749999,71943.2615604803
2995,2026-03-20,6,ETH,VECM,2146.4970703125,2129.9556920883197
2995,2026-03-21,7,BTC,VECM,68711.52343750003,72052.49657225225
2995,2026-03-21,7,ETH,VECM,2076.689941406249,2134.85848485883
2995,2026-03-22,8,BTC,VECM,67845.21093749997,72168.77849435233
2995,2026-03-22,8,ETH,VECM,2053.0483398437505,2140.1676799335773
2995,2026-03-23,9,BTC,VECM,70914.85937500006,72281.4646508721
2995,2026-03-23,9,ETH,VECM,2152.14599609375,2145.414811267827
2995,2026-03-24,10,BTC,VECM,70517.85937500001,72394.64005760952
2995,2026-03-24,10,ETH,VECM,2155.7043457031255,2150.8650253794704
2995,2026-03-15,1,BTC,RW,72789.91406249991,71214.62499999983
2995,2026-03-15,1,ETH,RW,2177.476318359375,2097.0866699218755
2995,2026-03-16,2,BTC,RW,74861.08593749997,71214.62499999983
2995,2026-03-16,2,ETH,RW,2351.176025390626,2097.0866699218755
2995,2026-03-17,3,BTC,RW,73922.47656250006,71214.62499999983
2995,2026-03-17,3,ETH,RW,2318.053466796876,2097.0866699218755
2995,2026-03-18,4,BTC,RW,71245.57812500004,71214.62499999983
2995,2026-03-18,4,ETH,RW,2203.6716308593745,2097.0866699218755
2995,2026-03-19,5,BTC,RW,69912.78906249996,71214.62499999983
2995,2026-03-19,5,ETH,RW,2137.4238281250005,2097.0866699218755
2995,2026-03-20,6,BTC,RW,70522.58593749999,71214.62499999983
2995,2026-03-20,6,ETH,RW,2146.4970703125,2097.0866699218755
2995,2026-03-21,7,BTC,RW,68711.52343750003,71214.62499999983
2995,2026-03-21,7,ETH,RW,2076.689941406249,2097.0866699218755
2995,2026-03-22,8,BTC,RW,67845.21093749997,71214.62499999983
2995,2026-03-22,8,ETH,RW,2053.0483398437505,2097.0866699218755
2995,2026-03-23,9,BTC,RW,70914.85937500006,71214.62499999983
2995,2026-03-23,9,ETH,RW,2152.14599609375,2097.0866699218755
2995,2026-03-24,10,BTC,RW,70517.85937500001,71214.62499999983
2995,2026-03-24,10,ETH,RW,2155.7043457031255,2097.0866699218755
3005,2026-03-25,1,BTC,VAR,71309.8828124999,70683.1256552449
3005,2026-03-25,1,ETH,VAR,2168.0214843749995,2159.3982411907223
3005,2026-03-26,2,BTC,VAR,68791.62500000004,70887.53336633723
3005,2026-03-26,2,ETH,VAR,2059.5783691406245,2167.2394351992107
3005,2026-03-27,3,BTC,VAR,66338.375,70981.90680647265
3005,2026-03-27,3,ETH,VAR,1991.2719726562502,2168.0035314715083
3005,2026-03-28,4,BTC,VAR,66319.69531249996,71164.95464183541
3005,2026-03-28,4,ETH,VAR,1992.6945800781255,2173.6099927868854
3005,2026-03-29,5,BTC,VAR,65954.92187499997,71307.51740497636
3005,2026-03-29,5,ETH,VAR,1982.5596923828132,2177.79171204321
3005,2026-03-30,6,BTC,VAR,66691.44531250004,71338.57328478598
3005,2026-03-30,6,ETH,VAR,2023.5148925781243,2178.3853981540487
3005,2026-03-31,7,BTC,VAR,68233.31249999996,71259.62014040888
3005,2026-03-31,7,ETH,VAR,2104.7082519531245,2176.4161095047666
3005,2026-04-01,8,BTC,VAR,68078.55468749994,71297.68261596619
3005,2026-04-01,8,ETH,VAR,2138.7370605468755,2176.6447178138123
3005,2026-04-02,9,BTC,VAR,66888.57031249996,71328.62632545308
3005,2026-04-02,9,ETH,VAR,2056.8525390624995,2176.8362263368
3005,2026-04-03,10,BTC,VAR,66931.1015625,71363.6067534031
3005,2026-04-03,10,ETH,VAR,2053.3852539062505,2176.96280195064
3005,2026-03-25,1,BTC,VECM,71309.8828124999,70765.2833912938
3005,2026-03-25,1,ETH,VECM,2168.0214843749995,2164.3018556124653
3005,2026-03-26,2,BTC,VECM,68791.62500000004,71043.85722782626
3005,2026-03-26,2,ETH,VECM,2059.5783691406245,2176.8070401338136
3005,2026-03-27,3,BTC,VECM,66338.375,71213.62427380877
3005,2026-03-27,3,ETH,VECM,1991.2719726562502,2182.2940355139563
3005,2026-03-28,4,BTC,VECM,66319.69531249996,71470.24086921493
3005,2026-03-28,4,ETH,VECM,1992.6945800781255,2192.675269648551
3005,2026-03-29,5,BTC,VECM,65954.92187499997,71692.99061636071
3005,2026-03-29,5,ETH,VECM,1982.5596923828132,2201.8020276816856
3005,2026-03-30,6,BTC,VECM,66691.44531250004,71798.878467067
3005,2026-03-30,6,ETH,VECM,2023.5148925781243,2207.1488354002336
3005,2026-03-31,7,BTC,VECM,68233.31249999996,71797.87665903101
3005,2026-03-31,7,ETH,VECM,2104.7082519531245,2210.1039215185874
3005,2026-04-01,8,BTC,VECM,68078.55468749994,71912.30398993914
3005,2026-04-01,8,ETH,VECM,2138.7370605468755,2215.3814977164457
3005,2026-04-02,9,BTC,VECM,66888.57031249996,72011.4909362004
3005,2026-04-02,9,ETH,VECM,2056.8525390624995,2220.3114101702145
3005,2026-04-03,10,BTC,VECM,66931.1015625,72115.77280868904
3005,2026-04-03,10,ETH,VECM,2053.3852539062505,2225.2338298482637
3005,2026-03-25,1,BTC,RW,71309.8828124999,70517.85937500001
3005,2026-03-25,1,ETH,RW,2168.0214843749995,2155.7043457031255
3005,2026-03-26,2,BTC,RW,68791.62500000004,70517.85937500001
3005,2026-03-26,2,ETH,RW,2059.5783691406245,2155.7043457031255
3005,2026-03-27,3,BTC,RW,66338.375,70517.85937500001
3005,2026-03-27,3,ETH,RW,1991.2719726562502,2155.7043457031255
3005,2026-03-28,4,BTC,RW,66319.69531249996,70517.85937500001
3005,2026-03-28,4,ETH,RW,1992.6945800781255,2155.7043457031255
3005,2026-03-29,5,BTC,RW,65954.92187499997,70517.85937500001
3005,2026-03-29,5,ETH,RW,1982.5596923828132,2155.7043457031255
3005,2026-03-30,6,BTC,RW,66691.44531250004,70517.85937500001
3005,2026-03-30,6,ETH,RW,2023.5148925781243,2155.7043457031255
3005,2026-03-31,7,BTC,RW,68233.31249999996,70517.85937500001
3005,2026-03-31,7,ETH,RW,2104.7082519531245,2155.7043457031255
3005,2026-04-01,8,BTC,RW,68078.55468749994,70517.85937500001
3005,2026-04-01,8,ETH,RW,2138.7370605468755,2155.7043457031255
3005,2026-04-02,9,BTC,RW,66888.57031249996,70517.85937500001
3005,2026-04-02,9,ETH,RW,2056.8525390624995,2155.7043457031255
3005,2026-04-03,10,BTC,RW,66931.1015625,70517.85937500001
3005,2026-04-03,10,ETH,RW,2053.3852539062505,2155.7043457031255
3015,2026-04-04,1,BTC,VAR,67290.51562499985,66993.49817449713
3015,2026-04-04,1,ETH,VAR,2065.3515624999995,2051.5537768879103
3015,2026-04-05,2,BTC,VAR,68981.89843749999,67135.00783938347
3015,2026-04-05,2,ETH,VAR,2108.9956054687495,2054.2189147856297
3015,2026-04-06,3,BTC,VAR,68859.82812499994,67031.62129803891
3015,2026-04-06,3,ETH,VAR,2107.761474609374,2053.6313379328367
3015,2026-04-07,4,BTC,VAR,71940.70312500003,67028.39719338238
3015,2026-04-07,4,ETH,VAR,2241.8066406249995,2054.752504055393
3015,2026-04-08,5,BTC,VAR,71123.35937500015,66814.41804097427
3015,2026-04-08,5,ETH,VAR,2190.335449218749,2046.2724139602292
3015,2026-04-09,6,BTC,VAR,71767.828125,66882.9564423693
3015,2026-04-09,6,ETH,VAR,2189.1440429687495,2045.5105782470735
3015,2026-04-10,7,BTC,VAR,72979.04687499994,67033.80730972957
3015,2026-04-10,7,ETH,VAR,2245.1486816406255,2049.5407977809673
3015,2026-04-11,8,BTC,VAR,73054.27343749999,67067.57592857986
3015,2026-04-11,8,ETH,VAR,2285.39013671875,2049.3319064836282
3015,2026-04-12,9,BTC,VAR,70753.40625000003,67105.7370156674
3015,2026-04-12,9,ETH,VAR,2192.201171875,2050.0645120058075
3015,2026-04-13,10,BTC,VAR,74484.64062500013,67131.11047878252
3015,2026-04-13,10,ETH,VAR,2370.714843750001,2050.4674088970983
3015,2026-04-04,1,BTC,VECM,67290.51562499985,67069.0056274176
3015,2026-04-04,1,ETH,VECM,2065.3515624999995,2056.119379945196
3015,2026-04-05,2,BTC,VECM,68981.89843749999,67276.39356804507
3015,2026-04-05,2,ETH,VECM,2108.9956054687495,2062.978836667988
3015,2026-04-06,3,BTC,VECM,68859.82812499994,67241.41842950528
3015,2026-04-06,3,ETH,VECM,2107.761474609374,2066.753527841488
3015,2026-04-07,4,BTC,VECM,71940.70312500003,67304.28353840577
3015,2026-04-07,4,ETH,VECM,2241.8066406249995,2072.2417254503525
3015,2026-04-08,5,BTC,VECM,71123.35937500015,67161.16549021297
3015,2026-04-08,5,ETH,VECM,2190.335449218749,2068.171823158283
3015,2026-04-09,6,BTC,VECM,71767.828125,67299.53066286935
3015,2026-04-09,6,ETH,VECM,2189.1440429687495,2071.875116004927
3015,2026-04-10,7,BTC,VECM,72979.04687499994,67523.66527295261
3015,2026-04-10,7,ETH,VECM,2245.1486816406255,2080.5768513639728
3015,2026-04-11,8,BTC,VECM,73054.27343749999,67624.72498177354
3015,2026-04-11,8,ETH,VECM,2285.39013671875,2084.88714442692
3015,2026-04-12,9,BTC,VECM,70753.40625000003,67724.459850872
3015,2026-04-12,9,ETH,VECM,2192.201171875,2089.9578283374544
3015,2026-04-13,10,BTC,VECM,74484.64062500013,67812.16193047453
3015,2026-04-13,10,ETH,VECM,2370.714843750001,2094.7398882649345
3015,2026-04-04,1,BTC,RW,67290.51562499985,66931.1015625
3015,2026-04-04,1,ETH,RW,2065.3515624999995,2053.3852539062505
3015,2026-04-05,2,BTC,RW,68981.89843749999,66931.1015625
3015,2026-04-05,2,ETH,RW,2108.9956054687495,2053.3852539062505
3015,2026-04-06,3,BTC,RW,68859.82812499994,66931.1015625
3015,2026-04-06,3,ETH,RW,2107.761474609374,2053.3852539062505
3015,2026-04-07,4,BTC,RW,71940.70312500003,66931.1015625
3015,2026-04-07,4,ETH,RW,2241.8066406249995,2053.3852539062505
3015,2026-04-08,5,BTC,RW,71123.35937500015,66931.1015625
3015,2026-04-08,5,ETH,RW,2190.335449218749,2053.3852539062505
3015,2026-04-09,6,BTC,RW,71767.828125,66931.1015625
3015,2026-04-09,6,ETH,RW,2189.1440429687495,2053.3852539062505
3015,2026-04-10,7,BTC,RW,72979.04687499994,66931.1015625
3015,2026-04-10,7,ETH,RW,2245.1486816406255,2053.3852539062505
3015,2026-04-11,8,BTC,RW,73054.27343749999,66931.1015625
3015,2026-04-11,8,ETH,RW,2285.39013671875,2053.3852539062505
3015,2026-04-12,9,BTC,RW,70753.40625000003,66931.1015625
3015,2026-04-12,9,ETH,RW,2192.201171875,2053.3852539062505
3015,2026-04-13,10,BTC,RW,74484.64062500013,66931.1015625
3015,2026-04-13,10,ETH,RW,2370.714843750001,2053.3852539062505
3025,2026-04-14,1,BTC,VAR,74181.60937500019,74080.8262528857
3025,2026-04-14,1,ETH,VAR,2323.308593749999,2353.622607656871
3025,2026-04-15,2,BTC,VAR,74805.07812499994,74215.2476132267
3025,2026-04-15,2,ETH,VAR,2359.4370117187495,2354.845350188856
3025,2026-04-16,3,BTC,VAR,75152.1328125,74211.49904642341
3025,2026-04-16,3,ETH,VAR,2348.645019531249,2359.615768103335
3025,2026-04-17,4,BTC,VAR,77126.87499999988,74425.78617262184
3025,2026-04-17,4,ETH,VAR,2421.0717773437495,2366.1576628134944
3025,2026-04-18,5,BTC,VAR,75726.21093749994,74219.30465765986
3025,2026-04-18,5,ETH,VAR,2351.100585937499,2360.3440055657356
3025,2026-04-19,6,BTC,VAR,73856.35156249984,74411.87144778957
3025,2026-04-19,6,ETH,VAR,2264.916992187499,2367.6287194472948
3025,2026-04-20,7,BTC,VAR,75872.52343749994,74384.19440487599
3025,2026-04-20,7,ETH,VAR,2315.21240234375,2367.1184861733755
3025,2026-04-21,8,BTC,VAR,76352.7734375002,74211.693112076
3025,2026-04-21,8,ETH,VAR,2327.970458984376,2359.8997390594577
3025,2026-04-22,9,BTC,VAR,78203.10156250001,74290.44388246535
3025,2026-04-22,9,ETH,VAR,2376.088134765625,2362.1008120742304
3025,2026-04-23,10,BTC,VAR,78268.95312499994,74312.19885176963
3025,2026-04-23,10,ETH,VAR,2331.513916015623,2361.972306065897
3025,2026-04-14,1,BTC,VECM,74181.60937500019,74154.67154810729
3025,2026-04-14,1,ETH,VECM,2323.308593749999,2358.22685518318
3025,2026-04-15,2,BTC,VECM,74805.07812499994,74356.63686933892
3025,2026-04-15,2,ETH,VECM,2359.4370117187495,2363.8669755462106
3025,2026-04-16,3,BTC,VECM,75152.1328125,74425.53260479179
3025,2026-04-16,3,ETH,VECM,2348.645019531249,2373.4110838157826
3025,2026-04-17,4,BTC,VECM,77126.87499999988,74710.78326289348
3025,2026-04-17,4,ETH,VECM,2421.0717773437495,2384.7564319550274
3025,2026-04-18,5,BTC,VECM,75726.21093749994,74580.72579072653
3025,2026-04-18,5,ETH,VECM,2351.100585937499,2383.8843771454717
3025,2026-04-19,6,BTC,VECM,73856.35156249984,74849.38992485768
3025,2026-04-19,6,ETH,VECM,2264.916992187499,2396.238956859364
3025,2026-04-20,7,BTC,VECM,75872.52343749994,74899.79937566513
3025,2026-04-20,7,ETH,VECM,2315.21240234375,2400.8846166648023
3025,2026-04-21,8,BTC,VECM,76352.7734375002,74797.26486230771
3025,2026-04-21,8,ETH,VECM,2327.970458984376,2398.508920966066
3025,2026-04-22,9,BTC,VECM,78203.10156250001,74944.44026931802
3025,2026-04-22,9,ETH,VECM,2376.088134765625,2405.6349580693704
3025,2026-04-23,10,BTC,VECM,78268.95312499994,75033.7300128327
3025,2026-04-23,10,ETH,VECM,2331.513916015623,2410.3818563705236
3025,2026-04-14,1,BTC,RW,74181.60937500019,74484.64062500013
3025,2026-04-14,1,ETH,RW,2323.308593749999,2370.714843750001
3025,2026-04-15,2,BTC,RW,74805.07812499994,74484.64062500013
3025,2026-04-15,2,ETH,RW,2359.4370117187495,2370.714843750001
3025,2026-04-16,3,BTC,RW,75152.1328125,74484.64062500013
3025,2026-04-16,3,ETH,RW,2348.645019531249,2370.714843750001
3025,2026-04-17,4,BTC,RW,77126.87499999988,74484.64062500013
3025,2026-04-17,4,ETH,RW,2421.0717773437495,2370.714843750001
3025,2026-04-18,5,BTC,RW,75726.21093749994,74484.64062500013
3025,2026-04-18,5,ETH,RW,2351.100585937499,2370.714843750001
3025,2026-04-19,6,BTC,RW,73856.35156249984,74484.64062500013
3025,2026-04-19,6,ETH,RW,2264.916992187499,2370.714843750001
3025,2026-04-20,7,BTC,RW,75872.52343749994,74484.64062500013
3025,2026-04-20,7,ETH,RW,2315.21240234375,2370.714843750001
3025,2026-04-21,8,BTC,RW,76352.7734375002,74484.64062500013
3025,2026-04-21,8,ETH,RW,2327.970458984376,2370.714843750001
3025,2026-04-22,9,BTC,RW,78203.10156250001,74484.64062500013
3025,2026-04-22,9,ETH,RW,2376.088134765625,2370.714843750001
3025,2026-04-23,10,BTC,RW,78268.95312499994,74484.64062500013
3025,2026-04-23,10,ETH,RW,2331.513916015623,2370.714843750001
3035,2026-04-24,1,BTC,VAR,77455.31249999996,78404.12637843097
3035,2026-04-24,1,ETH,VAR,2315.690185546875,2333.1933625597953
3035,2026-04-25,2,BTC,VAR,77612.01562500009,78481.06251179516
3035,2026-04-25,2,ETH,VAR,2318.8291015624995,2333.767975641646
3035,2026-04-26,3,BTC,VAR,78657.53906249996,78813.85420356422
3035,2026-04-26,3,ETH,VAR,2369.7290039062505,2342.353808227727
3035,2026-04-27,4,BTC,VAR,77366.62500000001,78954.4786848402
3035,2026-04-27,4,ETH,VAR,2303.0639648437495,2346.6584630179723
3035,2026-04-28,5,BTC,VAR,76350.671875,79087.22445529317
3035,2026-04-28,5,ETH,VAR,2289.419677734375,2349.4893837685045
3035,2026-04-29,6,BTC,VAR,75776.13281249997,79059.64959218387
3035,2026-04-29,6,ETH,VAR,2253.4157714843745,2345.6105922887095
3035,2026-04-30,7,BTC,VAR,76304.32031249985,79169.92157162943
3035,2026-04-30,7,ETH,VAR,2256.2512207031255,2347.366260048377
3035,2026-05-01,8,BTC,VAR,78178.99999999996,79317.0160685349
3035,2026-05-01,8,ETH,VAR,2295.093749999999,2351.808427208404
3035,2026-05-02,9,BTC,VAR,78657.24999999993,79369.66791886125
3035,2026-05-02,9,ETH,VAR,2316.231933593751,2352.4174907413067
3035,2026-05-03,10,BTC,VAR,78538.2265625,79420.02962538227
3035,2026-05-03,10,ETH,VAR,2321.635742187501,2353.2638207029595
3035,2026-04-24,1,BTC,VECM,77455.31249999996,78489.87853598098
3035,2026-04-24,1,ETH,VECM,2315.690185546875,2338.0748763455217
3035,2026-04-25,2,BTC,VECM,77612.01562500009,78646.7226648145
3035,2026-04-25,2,ETH,VECM,2318.8291015624995,2343.407230778274
3035,2026-04-26,3,BTC,VECM,78657.53906249996,79065.32832291284
3035,2026-04-26,3,ETH,VECM,2369.7290039062505,2357.0952750908605
3035,2026-04-27,4,BTC,VECM,77366.62500000001,79288.39599982857
3035,2026-04-27,4,ETH,VECM,2303.0639648437495,2366.472731839288
3035,2026-04-28,5,BTC,VECM,76350.671875,79508.62182844407
3035,2026-04-28,5,ETH,VECM,2289.419677734375,2374.4440712130427
3035,2026-04-29,6,BTC,VECM,75776.13281249997,79568.13979074666
3035,2026-04-29,6,ETH,VECM,2253.4157714843745,2375.772637146509
3035,2026-04-30,7,BTC,VECM,76304.32031249985,79771.80764920679
3035,2026-04-30,7,ETH,VECM,2256.2512207031255,2383.0914624667257
3035,2026-05-01,8,BTC,VECM,78178.99999999996,80009.50026069592
3035,2026-05-01,8,ETH,VECM,2295.093749999999,2393.191609253647
3035,2026-05-02,9,BTC,VECM,78657.24999999993,80146.95797931694
3035,2026-05-02,9,ETH,VECM,2316.231933593751,2399.289817350812
3035,2026-05-03,10,BTC,VECM,78538.2265625,80282.67225588213
3035,2026-05-03,10,ETH,VECM,2321.635742187501,2405.672770317769
3035,2026-04-24,1,BTC,RW,77455.31249999996,78268.95312499994
3035,2026-04-24,1,ETH,RW,2315.690185546875,2331.513916015623
3035,2026-04-25,2,BTC,RW,77612.01562500009,78268.95312499994
3035,2026-04-25,2,ETH,RW,2318.8291015624995,2331.513916015623
3035,2026-04-26,3,BTC,RW,78657.53906249996,78268.95312499994
3035,2026-04-26,3,ETH,RW,2369.7290039062505,2331.513916015623
3035,2026-04-27,4,BTC,RW,77366.62500000001,78268.95312499994
3035,2026-04-27,4,ETH,RW,2303.0639648437495,2331.513916015623
3035,2026-04-28,5,BTC,RW,76350.671875,78268.95312499994
3035,2026-04-28,5,ETH,RW,2289.419677734375,2331.513916015623
3035,2026-04-29,6,BTC,RW,75776.13281249997,78268.95312499994
3035,2026-04-29,6,ETH,RW,2253.4157714843745,2331.513916015623
3035,2026-04-30,7,BTC,RW,76304.32031249985,78268.95312499994
3035,2026-04-30,7,ETH,RW,2256.2512207031255,2331.513916015623
3035,2026-05-01,8,BTC,RW,78178.99999999996,78268.95312499994
3035,2026-05-01,8,ETH,RW,2295.093749999999,2331.513916015623
3035,2026-05-02,9,BTC,RW,78657.24999999993,78268.95312499994
3035,2026-05-02,9,ETH,RW,2316.231933593751,2331.513916015623
3035,2026-05-03,10,BTC,RW,78538.2265625,78268.95312499994
3035,2026-05-03,10,ETH,RW,2321.635742187501,2331.513916015623
3045,2026-05-04,1,BTC,VAR,79827.90624999994,78649.89816373508
3045,2026-05-04,1,ETH,VAR,2346.396972656251,2327.060904084109
3045,2026-05-05,2,BTC,VAR,80927.05468750004,78768.8696945919
3045,2026-05-05,2,ETH,VAR,2361.1826171875005,2331.065857383258
3045,2026-05-06,3,BTC,VAR,81427.53125000016,78936.0531688532
3045,2026-05-06,3,ETH,VAR,2350.8020019531255,2333.3153175967077
3045,2026-05-07,4,BTC,VAR,80009.9921875,79070.95725340286
3045,2026-05-07,4,ETH,VAR,2291.1076660156255,2335.384254710949
3045,2026-05-08,5,BTC,VAR,80186.76562499991,79133.81092282673
3045,2026-05-08,5,ETH,VAR,2306.972167968749,2336.484591460288
3045,2026-05-09,6,BTC,VAR,80664.36718749997,79157.43341014437
3045,2026-05-09,6,ETH,VAR,2326.7272949218755,2337.8728251530674
3045,2026-05-10,7,BTC,VAR,82138.92968750001,79166.18925028846
3045,2026-05-10,7,ETH,VAR,2369.0439453125005,2337.8662349778397
3045,2026-05-11,8,BTC,VAR,81728.29687499996,79201.56023608326
3045,2026-05-11,8,ETH,VAR,2339.36083984375,2338.069855343486
3045,2026-05-12,9,BTC,VAR,80477.49218749999,79238.40445590595
3045,2026-05-12,9,ETH,VAR,2274.6435546875005,2338.1670055909626
3045,2026-05-13,10,BTC,VAR,79277.11718749993,79282.97120735454
3045,2026-05-13,10,ETH,VAR,2257.5764160156255,2338.4074336136187
3045,2026-05-04,1,BTC,VECM,79827.90624999994,78743.40229428574
3045,2026-05-04,1,ETH,VECM,2346.396972656251,2332.3459928801276
3045,2026-05-05,2,BTC,VECM,80927.05468750004,78948.55979892585
3045,2026-05-05,2,ETH,VECM,2361.1826171875005,2341.457412333026
3045,2026-05-06,3,BTC,VECM,81427.53125000016,79205.97025938844
3045,2026-05-06,3,ETH,VECM,2350.8020019531255,2349.034494598743
3045,2026-05-07,4,BTC,VECM,80009.9921875,79426.87534540959
3045,2026-05-07,4,ETH,VECM,2291.1076660156255,2356.351565591031
3045,2026-05-08,5,BTC,VECM,80186.76562499991,79581.7646879466
3045,2026-05-08,5,ETH,VECM,2306.972167968749,2362.818407565029
3045,2026-05-09,6,BTC,VECM,80664.36718749997,79695.37672714858
3045,2026-05-09,6,ETH,VECM,2326.7272949218755,2369.6029228754646
3045,2026-05-10,7,BTC,VECM,82138.92968750001,79802.4741794949
3045,2026-05-10,7,ETH,VECM,2369.0439453125005,2375.4336931855537
3045,2026-05-11,8,BTC,VECM,81728.29687499996,79930.02565375289
3045,2026-05-11,8,ETH,VECM,2339.36083984375,2381.3720565004805
3045,2026-05-12,9,BTC,VECM,80477.49218749999,80051.38508824137
3045,2026-05-12,9,ETH,VECM,2274.6435546875005,2386.943872909907
3045,2026-05-13,10,BTC,VECM,79277.11718749993,80180.9646999581
3045,2026-05-13,10,ETH,VECM,2257.5764160156255,2392.693550075426
3045,2026-05-04,1,BTC,RW,79827.90624999994,78538.2265625
3045,2026-05-04,1,ETH,RW,2346.396972656251,2321.635742187501
3045,2026-05-05,2,BTC,RW,80927.05468750004,78538.2265625
3045,2026-05-05,2,ETH,RW,2361.1826171875005,2321.635742187501
3045,2026-05-06,3,BTC,RW,81427.53125000016,78538.2265625
3045,2026-05-06,3,ETH,RW,2350.8020019531255,2321.635742187501
3045,2026-05-07,4,BTC,RW,80009.9921875,78538.2265625
3045,2026-05-07,4,ETH,RW,2291.1076660156255,2321.635742187501
3045,2026-05-08,5,BTC,RW,80186.76562499991,78538.2265625
3045,2026-05-08,5,ETH,RW,2306.972167968749,2321.635742187501
3045,2026-05-09,6,BTC,RW,80664.36718749997,78538.2265625
3045,2026-05-09,6,ETH,RW,2326.7272949218755,2321.635742187501
3045,2026-05-10,7,BTC,RW,82138.92968750001,78538.2265625
3045,2026-05-10,7,ETH,RW,2369.0439453125005,2321.635742187501
3045,2026-05-11,8,BTC,RW,81728.29687499996,78538.2265625
3045,2026-05-11,8,ETH,RW,2339.36083984375,2321.635742187501
3045,2026-05-12,9,BTC,RW,80477.49218749999,78538.2265625
3045,2026-05-12,9,ETH,RW,2274.6435546875005,2321.635742187501
3045,2026-05-13,10,BTC,RW,79277.11718749993,78538.2265625
3045,2026-05-13,10,ETH,RW,2257.5764160156255,2321.635742187501
3055,2026-05-14,1,BTC,VAR,81051.25,79455.65452218488
3055,2026-05-14,1,ETH,VAR,2280.934814453126,2262.704439710988
3055,2026-05-15,2,BTC,VAR,79065.67968750001,79538.22530406724
3055,2026-05-15,2,ETH,VAR,2223.328857421874,2264.4686808717547
3055,2026-05-16,3,BTC,VAR,78131.43749999996,79477.034872193
3055,2026-05-16,3,ETH,VAR,2179.751953124999,2260.8148469667376
3055,2026-05-17,4,BTC,VAR,77429.35156249994,79479.97965847801
3055,2026-05-17,4,ETH,VAR,2127.6452636718745,2258.1606145505093
3055,2026-05-18,5,BTC,VAR,76954.17187499983,79390.41814452941
3055,2026-05-18,5,ETH,VAR,2128.5161132812505,2253.2221298937475
3055,2026-05-19,6,BTC,VAR,76750.90624999983,79563.64199109381
3055,2026-05-19,6,ETH,VAR,2109.963867187499,2257.7611986639777
3055,2026-05-20,7,BTC,VAR,77457.77343749997,79675.42651391818
3055,2026-05-20,7,ETH,VAR,2126.983398437501,2260.9597225748694
3055,2026-05-21,8,BTC,VAR,77539.17187500004,79710.77578736228
3055,2026-05-21,8,ETH,VAR,2131.4106445312505,2260.3770830185886
3055,2026-05-22,9,BTC,VAR,75488.24218750004,79749.33600735055
3055,2026-05-22,9,ETH,VAR,2064.636962890625,2260.737890298196
3055,2026-05-23,10,BTC,VAR,76673.36718750006,79796.38446599994
3055,2026-05-23,10,ETH,VAR,2115.951416015625,2261.111705798583
3055,2026-05-14,1,BTC,VECM,81051.25,79558.00966841893
3055,2026-05-14,1,ETH,VECM,2280.934814453126,2268.2127890975785
3055,2026-05-15,2,BTC,VECM,79065.67968750001,79736.02340432846
3055,2026-05-15,2,ETH,VECM,2223.328857421874,2275.345686428667
3055,2026-05-16,3,BTC,VECM,78131.43749999996,79773.40454249812
3055,2026-05-16,3,ETH,VECM,2179.751953124999,2277.2303496247005
3055,2026-05-17,4,BTC,VECM,77429.35156249994,79872.65560996007
3055,2026-05-17,4,ETH,VECM,2127.6452636718745,2280.1440579310597
3055,2026-05-18,5,BTC,VECM,76954.17187499983,79885.73210984816
3055,2026-05-18,5,ETH,VECM,2128.5161132812505,2280.8814448587677
3055,2026-05-19,6,BTC,VECM,76750.90624999983,80161.87782925433
3055,2026-05-19,6,ETH,VECM,2109.963867187499,2291.262507079846
3055,2026-05-20,7,BTC,VECM,77457.77343749997,80382.22432061419
3055,2026-05-20,7,ETH,VECM,2126.983398437501,2300.6008006697757
3055,2026-05-21,8,BTC,VECM,77539.17187500004,80518.5933121149
3055,2026-05-21,8,ETH,VECM,2131.4106445312505,2305.9674579200537
3055,2026-05-22,9,BTC,VECM,75488.24218750004,80648.04940068205
3055,2026-05-22,9,ETH,VECM,2064.636962890625,2311.9298102022035
3055,2026-05-23,10,BTC,VECM,76673.36718750006,80787.00078087598
3055,2026-05-23,10,ETH,VECM,2115.951416015625,2317.955216566558
3055,2026-05-14,1,BTC,RW,81051.25,79277.11718749993
3055,2026-05-14,1,ETH,RW,2280.934814453126,2257.5764160156255
3055,2026-05-15,2,BTC,RW,79065.67968750001,79277.11718749993
3055,2026-05-15,2,ETH,RW,2223.328857421874,2257.5764160156255
3055,2026-05-16,3,BTC,RW,78131.43749999996,79277.11718749993
3055,2026-05-16,3,ETH,RW,2179.751953124999,2257.5764160156255
3055,2026-05-17,4,BTC,RW,77429.35156249994,79277.11718749993
3055,2026-05-17,4,ETH,RW,2127.6452636718745,2257.5764160156255
3055,2026-05-18,5,BTC,RW,76954.17187499983,79277.11718749993
3055,2026-05-18,5,ETH,RW,2128.5161132812505,2257.5764160156255
3055,2026-05-19,6,BTC,RW,76750.90624999983,79277.11718749993
3055,2026-05-19,6,ETH,RW,2109.963867187499,2257.5764160156255
3055,2026-05-20,7,BTC,RW,77457.77343749997,79277.11718749993
3055,2026-05-20,7,ETH,RW,2126.983398437501,2257.5764160156255
3055,2026-05-21,8,BTC,RW,77539.17187500004,79277.11718749993
3055,2026-05-21,8,ETH,RW,2131.4106445312505,2257.5764160156255
3055,2026-05-22,9,BTC,RW,75488.24218750004,79277.11718749993
3055,2026-05-22,9,ETH,RW,2064.636962890625,2257.5764160156255
3055,2026-05-23,10,BTC,RW,76673.36718750006,79277.11718749993
3055,2026-05-23,10,ETH,RW,2115.951416015625,2257.5764160156255
3065,2026-05-24,1,BTC,VAR,76981.12499999981,76726.3246942802
3065,2026-05-24,1,ETH,VAR,2097.993896484375,2115.6932007956534
3065,2026-05-25,2,BTC,VAR,77279.92968750003,76869.62152950739
3065,2026-05-25,2,ETH,VAR,2111.3703613281255,2118.020607001248
3065,2026-05-26,3,BTC,VAR,75825.73437499999,76850.92036970303
3065,2026-05-26,3,ETH,VAR,2070.858154296876,2117.0158438311714
3065,2026-05-27,4,BTC,VAR,74344.70312499999,76954.20362859961
3065,2026-05-27,4,ETH,VAR,2022.1982421875005,2118.4761416997644
3065,2026-05-28,5,BTC,VAR,73536.55468750006,76909.94262453364
3065,2026-05-28,5,ETH,VAR,2007.5527343750007,2116.751319940284
3065,2026-05-29,6,BTC,VAR,73372.52343750003,77052.40851017382
3065,2026-05-29,6,ETH,VAR,2011.9785156250007,2120.6849580906132
3065,2026-05-30,7,BTC,VAR,73754.83593749999,77115.59854384967
3065,2026-05-30,7,ETH,VAR,2019.4582519531255,2121.829457030118
3065,2026-05-31,8,BTC,VAR,73579.68749999997,77086.23101955396
3065,2026-05-31,8,ETH,VAR,2004.3415527343734,2119.8492836832393
3065,2026-06-01,9,BTC,VAR,71319.77343750003,77137.71351235817
3065,2026-06-01,9,ETH,VAR,2003.2211914062498,2120.590507136469
3065,2026-06-02,10,BTC,VAR,66703.65625000001,77178.02990296931
3065,2026-06-02,10,ETH,VAR,1857.7163085937507,2120.862452463542
3065,2026-05-24,1,BTC,VECM,76981.12499999981,76828.81401122929
3065,2026-05-24,1,ETH,VECM,2097.993896484375,2121.020324360394
3065,2026-05-25,2,BTC,VECM,77279.92968750003,77065.91174854063
3065,2026-05-25,2,ETH,VECM,2111.3703613281255,2128.4413160004533
3065,2026-05-26,3,BTC,VECM,75825.73437499999,77145.842664049
3065,2026-05-26,3,ETH,VECM,2070.858154296876,2132.7920881679784
3065,2026-05-27,4,BTC,VECM,74344.70312499999,77344.34465174543
3065,2026-05-27,4,ETH,VECM,2022.1982421875005,2139.585781794925
3065,2026-05-28,5,BTC,VECM,73536.55468750006,77401.85000959689
3065,2026-05-28,5,ETH,VECM,2007.5527343750007,2143.317101148789
3065,2026-05-29,6,BTC,VECM,73372.52343750003,77645.0930306206
3065,2026-05-29,6,ETH,VECM,2011.9785156250007,2152.7942919137186
3065,2026-05-30,7,BTC,VECM,73754.83593749999,77814.41242602268
3065,2026-05-30,7,ETH,VECM,2019.4582519531255,2159.7298413556705
3065,2026-05-31,8,BTC,VECM,73579.68749999997,77881.47611407805
3065,2026-05-31,8,ETH,VECM,2004.3415527343734,2163.263425244873
3065,2026-06-01,9,BTC,VECM,71319.77343750003,78023.22771912292
3065,2026-06-01,9,ETH,VECM,2003.2211914062498,2169.3737365553066
3065,2026-06-02,10,BTC,VECM,66703.65625000001,78154.15989338784
3065,2026-06-02,10,ETH,VECM,1857.7163085937507,2175.037154632456
3065,2026-05-24,1,BTC,RW,76981.12499999981,76673.36718750006
3065,2026-05-24,1,ETH,RW,2097.993896484375,2115.951416015625
3065,2026-05-25,2,BTC,RW,77279.92968750003,76673.36718750006
3065,2026-05-25,2,ETH,RW,2111.3703613281255,2115.951416015625
3065,2026-05-26,3,BTC,RW,75825.73437499999,76673.36718750006
3065,2026-05-26,3,ETH,RW,2070.858154296876,2115.951416015625
3065,2026-05-27,4,BTC,RW,74344.70312499999,76673.36718750006
3065,2026-05-27,4,ETH,RW,2022.1982421875005,2115.951416015625
3065,2026-05-28,5,BTC,RW,73536.55468750006,76673.36718750006
3065,2026-05-28,5,ETH,RW,2007.5527343750007,2115.951416015625
3065,2026-05-29,6,BTC,RW,73372.52343750003,76673.36718750006
3065,2026-05-29,6,ETH,RW,2011.9785156250007,2115.951416015625
3065,2026-05-30,7,BTC,RW,73754.83593749999,76673.36718750006
3065,2026-05-30,7,ETH,RW,2019.4582519531255,2115.951416015625
3065,2026-05-31,8,BTC,RW,73579.68749999997,76673.36718750006
3065,2026-05-31,8,ETH,RW,2004.3415527343734,2115.951416015625
3065,2026-06-01,9,BTC,RW,71319.77343750003,76673.36718750006
3065,2026-06-01,9,ETH,RW,2003.2211914062498,2115.951416015625
3065,2026-06-02,10,BTC,RW,66703.65625000001,76673.36718750006
3065,2026-06-02,10,ETH,RW,1857.7163085937507,2115.951416015625
3075,2026-06-03,1,BTC,VAR,64014.36718749999,66944.7467797996
3075,2026-06-03,1,ETH,VAR,1811.7322998046873,1867.6721053083745
3075,2026-06-04,2,BTC,VAR,63801.57421875004,66751.25666174635
3075,2026-06-04,2,ETH,VAR,1769.5805664062502,1858.4942161672334
3075,2026-06-05,3,BTC,VAR,60922.66796875013,66827.23072363166
3075,2026-06-05,3,ETH,VAR,1580.8608398437498,1853.5293408706668
3075,2026-06-06,4,BTC,VAR,60867.41406249991,66512.07944574472
3075,2026-06-06,4,ETH,VAR,1568.7677001953125,1843.5751175934276
3075,2026-06-07,5,BTC,VAR,63239.51953124992,66534.76720016437
3075,2026-06-07,5,ETH,VAR,1686.396240234375,1845.100456786784
3075,2026-06-08,6,BTC,VAR,63090.58984375003,66383.79358806206
3075,2026-06-08,6,ETH,VAR,1690.148559570312,1841.744516302893
3075,2026-06-09,7,BTC,VAR,61643.78125,66443.269685698
3075,2026-06-09,7,ETH,VAR,1637.7066650390618,1841.1183467054118
3075,2026-06-10,8,BTC,VAR,61449.289062499854,66611.50591618344
3075,2026-06-10,8,ETH,VAR,1620.1376953125007,1844.3614595486447
3075,2026-06-11,9,BTC,VAR,63561.054687500146,66616.85372633941
3075,2026-06-11,9,ETH,VAR,1672.2806396484373,1842.9153980157253
3075,2026-06-12,10,BTC,VAR,63543.19921875001,66672.49326030874
3075,2026-06-12,10,ETH,VAR,1665.1278076171882,1843.5800143535769
3075,2026-06-03,1,BTC,VECM,64014.36718749999,67035.93522703236
3075,2026-06-03,1,ETH,VECM,1811.7322998046873,1872.6170162958367
3075,2026-06-04,2,BTC,VECM,63801.57421875004,66924.47965359838
3075,2026-06-04,2,ETH,VECM,1769.5805664062502,1868.09432457812
3075,2026-06-05,3,BTC,VECM,60922.66796875013,67086.1059202523
3075,2026-06-05,3,ETH,VECM,1580.8608398437498,1867.943116967745
3075,2026-06-06,4,BTC,VECM,60867.41406249991,66851.26461266215
3075,2026-06-06,4,ETH,VECM,1568.7677001953125,1862.6878782294418
3075,2026-06-07,5,BTC,VECM,63239.51953124992,66961.00305146216
3075,2026-06-07,5,ETH,VECM,1686.396240234375,1869.0828249237607
3075,2026-06-08,6,BTC,VECM,63090.58984375003,66893.54948160092
3075,2026-06-08,6,ETH,VECM,1690.148559570312,1870.5318947355515
3075,2026-06-09,7,BTC,VECM,61643.78125,67043.90901933101
3075,2026-06-09,7,ETH,VECM,1637.7066650390618,1875.0368722673566
3075,2026-06-10,8,BTC,VECM,61449.289062499854,67292.87465700429
3075,2026-06-10,8,ETH,VECM,1620.1376953125007,1883.1077486341596
3075,2026-06-11,9,BTC,VECM,63561.054687500146,67366.30735955
3075,2026-06-11,9,ETH,VECM,1672.2806396484373,1885.9490220628804
3075,2026-06-12,10,BTC,VECM,63543.19921875001,67491.37050689296
3075,2026-06-12,10,ETH,VECM,1665.1278076171882,1890.9795421112867
3075,2026-06-03,1,BTC,RW,64014.36718749999,66703.65625000001
3075,2026-06-03,1,ETH,RW,1811.7322998046873,1857.7163085937507
3075,2026-06-04,2,BTC,RW,63801.57421875004,66703.65625000001
3075,2026-06-04,2,ETH,RW,1769.5805664062502,1857.7163085937507
3075,2026-06-05,3,BTC,RW,60922.66796875013,66703.65625000001
3075,2026-06-05,3,ETH,RW,1580.8608398437498,1857.7163085937507
3075,2026-06-06,4,BTC,RW,60867.41406249991,66703.65625000001
3075,2026-06-06,4,ETH,RW,1568.7677001953125,1857.7163085937507
3075,2026-06-07,5,BTC,RW,63239.51953124992,66703.65625000001
3075,2026-06-07,5,ETH,RW,1686.396240234375,1857.7163085937507
3075,2026-06-08,6,BTC,RW,63090.58984375003,66703.65625000001
3075,2026-06-08,6,ETH,RW,1690.148559570312,1857.7163085937507
3075,2026-06-09,7,BTC,RW,61643.78125,66703.65625000001
3075,2026-06-09,7,ETH,RW,1637.7066650390618,1857.7163085937507
3075,2026-06-10,8,BTC,RW,61449.289062499854,66703.65625000001
3075,2026-06-10,8,ETH,RW,1620.1376953125007,1857.7163085937507
3075,2026-06-11,9,BTC,RW,63561.054687500146,66703.65625000001
3075,2026-06-11,9,ETH,RW,1672.2806396484373,1857.7163085937507
3075,2026-06-12,10,BTC,RW,63543.19921875001,66703.65625000001
3075,2026-06-12,10,ETH,RW,1665.1278076171882,1857.7163085937507
3085,2026-06-13,1,BTC,VAR,64421.32421875004,64078.4320869248
3085,2026-06-13,1,ETH,VAR,1680.2145996093755,1683.4353280481384
3085,2026-06-14,2,BTC,VAR,65710.3984375,63958.10949662983
3085,2026-06-14,2,ETH,VAR,1724.6132812500002,1683.376237709566
3085,2026-06-15,3,BTC,VAR,66289.50000000003,63823.33207764391
3085,2026-06-15,3,ETH,VAR,1794.9611816406255,1678.4232177129188
3085,2026-06-16,4,BTC,VAR,65600.64062499994,63924.4567509384
3085,2026-06-16,4,ETH,VAR,1790.3981933593755,1680.4142548209704
3085,2026-06-17,5,BTC,VAR,64418.44531250002,64107.31016748782
3085,2026-06-17,5,ETH,VAR,1747.8854980468745,1683.5590349782456
3085,2026-06-18,6,BTC,VAR,62896.47265625001,64144.97532695535
3085,2026-06-18,6,ETH,VAR,1709.5334472656248,1683.2958730479193
3085,2026-06-19,7,BTC,VAR,63540.83593750003,64145.47374866077
3085,2026-06-19,7,ETH,VAR,1710.9824218749998,1683.2615699375824
3085,2026-06-20,8,BTC,VAR,64239.675781249876,64181.71596619936
3085,2026-06-20,8,ETH,VAR,1739.3013916015625,1684.1142346682325
3085,2026-06-21,9,BTC,VAR,63237.5390625,64181.47496416158
3085,2026-06-21,9,ETH,VAR,1704.5805664062507,1683.5813880833914
3085,2026-06-22,10,BTC,VAR,63952.105468749956,64220.17944861994
3085,2026-06-22,10,ETH,VAR,1726.5108642578127,1683.8289007019423
3085,2026-06-13,1,BTC,VECM,64421.32421875004,64154.876797656434
3085,2026-06-13,1,ETH,VECM,1680.2145996093755,1687.3063915552314
3085,2026-06-14,2,BTC,VECM,65710.3984375,64106.03282352492
3085,2026-06-14,2,ETH,VECM,1724.6132812500002,1691.0530567204994
3085,2026-06-15,3,BTC,VECM,66289.50000000003,64045.83123304558
3085,2026-06-15,3,ETH,VECM,1794.9611816406255,1690.059326563488
3085,2026-06-16,4,BTC,VECM,65600.64062499994,64220.62490275314
3085,2026-06-16,4,ETH,VECM,1790.3981933593755,1696.087819159196
3085,2026-06-17,5,BTC,VECM,64418.44531250002,64482.459753867355
3085,2026-06-17,5,ETH,VECM,1747.8854980468745,1703.3626186390275
3085,2026-06-18,6,BTC,VECM,62896.47265625001,64595.12953889782
3085,2026-06-18,6,ETH,VECM,1709.5334472656248,1707.1177548530047
3085,2026-06-19,7,BTC,VECM,63540.83593750003,64675.25325919094
3085,2026-06-19,7,ETH,VECM,1710.9824218749998,1711.3327010666071
3085,2026-06-20,8,BTC,VECM,64239.675781249876,64788.60466362701
3085,2026-06-20,8,ETH,VECM,1739.3013916015625,1716.4889858338297
3085,2026-06-21,9,BTC,VECM,63237.5390625,64859.17072834872
3085,2026-06-21,9,ETH,VECM,1704.5805664062507,1720.072205550216
3085,2026-06-22,10,BTC,VECM,63952.105468749956,64969.650086774775
3085,2026-06-22,10,ETH,VECM,1726.5108642578127,1724.493578531911
3085,2026-06-13,1,BTC,RW,64421.32421875004,63543.19921875001
3085,2026-06-13,1,ETH,RW,1680.2145996093755,1665.1278076171882
3085,2026-06-14,2,BTC,RW,65710.3984375,63543.19921875001
3085,2026-06-14,2,ETH,RW,1724.6132812500002,1665.1278076171882
3085,2026-06-15,3,BTC,RW,66289.50000000003,63543.19921875001
3085,2026-06-15,3,ETH,RW,1794.9611816406255,1665.1278076171882
3085,2026-06-16,4,BTC,RW,65600.64062499994,63543.19921875001
3085,2026-06-16,4,ETH,RW,1790.3981933593755,1665.1278076171882
3085,2026-06-17,5,BTC,RW,64418.44531250002,63543.19921875001
3085,2026-06-17,5,ETH,RW,1747.8854980468745,1665.1278076171882
3085,2026-06-18,6,BTC,RW,62896.47265625001,63543.19921875001
3085,2026-06-18,6,ETH,RW,1709.5334472656248,1665.1278076171882
3085,2026-06-19,7,BTC,RW,63540.83593750003,63543.19921875001
3085,2026-06-19,7,ETH,RW,1710.9824218749998,1665.1278076171882
3085,2026-06-20,8,BTC,RW,64239.675781249876,63543.19921875001
3085,2026-06-20,8,ETH,RW,1739.3013916015625,1665.1278076171882
3085,2026-06-21,9,BTC,RW,63237.5390625,63543.19921875001
3085,2026-06-21,9,ETH,RW,1704.5805664062507,1665.1278076171882
3085,2026-06-22,10,BTC,RW,63952.105468749956,63543.19921875001
3085,2026-06-22,10,ETH,RW,1726.5108642578127,1665.1278076171882
3095,2026-06-23,1,BTC,VAR,62668.01953124995,63651.85966609097
3095,2026-06-23,1,ETH,VAR,1665.4367675781248,1716.7979469351355
3095,2026-06-24,2,BTC,VAR,60995.132812500044,63802.798558293005
3095,2026-06-24,2,ETH,VAR,1619.924926757813,1718.9463070002619
3095,2026-06-25,3,BTC,VAR,59721.67578125014,63837.50110026951
3095,2026-06-25,3,ETH,VAR,1564.8166503906243,1719.3932902044435
3095,2026-06-26,4,BTC,VAR,60016.42968750002,63960.80536932187
3095,2026-06-26,4,ETH,VAR,1576.6160888671873,1721.016728488608
3095,2026-06-27,5,BTC,VAR,59940.09765624995,63956.23117450507
3095,2026-06-27,5,ETH,VAR,1571.5882568359375,1720.8096518198358
3095,2026-06-28,6,BTC,VAR,59532.339843750015,63989.77211985855
3095,2026-06-28,6,ETH,VAR,1570.3612060546875,1720.991911707404
3095,2026-06-29,7,BTC,VAR,60138.378906250044,64049.782049277426
3095,2026-06-29,7,ETH,VAR,1610.2058105468743,1721.9838357365948
3095,2026-06-30,8,BTC,VAR,58558.85937500002,64060.07408119404
3095,2026-06-30,8,ETH,VAR,1569.5838623046873,1721.5655761286805
3095,2026-07-01,9,BTC,VAR,60003.75781249987,64111.72599130026
3095,2026-07-01,9,ETH,VAR,1608.9606933593745,1722.2024808329882
3095,2026-07-02,10,BTC,VAR,61485.30078124995,64139.55313783549
3095,2026-07-02,10,ETH,VAR,1698.1694335937477,1722.2879793360696
3095,2026-06-23,1,BTC,VECM,62668.01953124995,63731.9618747667
3095,2026-06-23,1,ETH,VECM,1665.4367675781248,1720.9925004434324
3095,2026-06-24,2,BTC,VECM,60995.132812500044,63954.77448511483
3095,2026-06-24,2,ETH,VECM,1619.924926757813,1727.0870497863675
3095,2026-06-25,3,BTC,VECM,59721.67578125014,64063.29169946166
3095,2026-06-25,3,ETH,VECM,1564.8166503906243,1731.590164805021
3095,2026-06-26,4,BTC,VECM,60016.42968750002,64257.900551381084
3095,2026-06-26,4,ETH,VECM,1576.6160888671873,1737.2560966192184
3095,2026-06-27,5,BTC,VECM,59940.09765624995,64328.0709804773
3095,2026-06-27,5,ETH,VECM,1571.5882568359375,1741.0918681867797
3095,2026-06-28,6,BTC,VECM,59532.339843750015,64435.313141823586
3095,2026-06-28,6,ETH,VECM,1570.3612060546875,1745.3603265799845
3095,2026-06-29,7,BTC,VECM,60138.378906250044,64574.030860978855
3095,2026-06-29,7,ETH,VECM,1610.2058105468743,1750.6819572657516
3095,2026-06-30,8,BTC,VECM,58558.85937500002,64656.478439261846
3095,2026-06-30,8,ETH,VECM,1569.5838623046873,1754.4437557279073
3095,2026-07-01,9,BTC,VECM,60003.75781249987,64774.94578004354
3095,2026-07-01,9,ETH,VECM,1608.9606933593745,1759.1264060451217
3095,2026-07-02,10,BTC,VECM,61485.30078124995,64869.70639824461
3095,2026-07-02,10,ETH,VECM,1698.1694335937477,1763.2603985382161
3095,2026-06-23,1,BTC,RW,62668.01953124995,63952.105468749956
3095,2026-06-23,1,ETH,RW,1665.4367675781248,1726.5108642578127
3095,2026-06-24,2,BTC,RW,60995.132812500044,63952.105468749956
3095,2026-06-24,2,ETH,RW,1619.924926757813,1726.5108642578127
3095,2026-06-25,3,BTC,RW,59721.67578125014,63952.105468749956
3095,2026-06-25,3,ETH,RW,1564.8166503906243,1726.5108642578127
3095,2026-06-26,4,BTC,RW,60016.42968750002,63952.105468749956
3095,2026-06-26,4,ETH,RW,1576.6160888671873,1726.5108642578127
3095,2026-06-27,5,BTC,RW,59940.09765624995,63952.105468749956
3095,2026-06-27,5,ETH,RW,1571.5882568359375,1726.5108642578127
3095,2026-06-28,6,BTC,RW,59532.339843750015,63952.105468749956
3095,2026-06-28,6,ETH,RW,1570.3612060546875,1726.5108642578127
3095,2026-06-29,7,BTC,RW,60138.378906250044,63952.105468749956
3095,2026-06-29,7,ETH,RW,1610.2058105468743,1726.5108642578127
3095,2026-06-30,8,BTC,RW,58558.85937500002,63952.105468749956
3095,2026-06-30,8,ETH,RW,1569.5838623046873,1726.5108642578127
3095,2026-07-01,9,BTC,RW,60003.75781249987,63952.105468749956
3095,2026-07-01,9,ETH,RW,1608.9606933593745,1726.5108642578127
3095,2026-07-02,10,BTC,RW,61485.30078124995,63952.105468749956
3095,2026-07-02,10,ETH,RW,1698.1694335937477,1726.5108642578127
3105,2026-07-03,1,BTC,VAR,62544.199218750015,61485.13939229988
3105,2026-07-03,1,ETH,VAR,1756.5186767578118,1696.496569698047
3105,2026-07-04,2,BTC,VAR,63088.3046874999,61512.95430273676
3105,2026-07-04,2,ETH,VAR,1779.032958984375,1700.7109977993723
3105,2026-07-05,3,BTC,VAR,63547.8828125,61517.40871761754
3105,2026-07-05,3,ETH,VAR,1783.0059814453118,1703.2254140889113
3105,2026-07-06,4,BTC,VAR,63995.01562499996,61613.04277388002
3105,2026-07-06,4,ETH,VAR,1797.5737304687498,1704.9551301470644
3105,2026-07-07,5,BTC,VAR,63297.39453124994,61537.15640694578
3105,2026-07-07,5,ETH,VAR,1768.5114746093748,1702.7826742237785
3105,2026-07-08,6,BTC,VAR,62257.57421875001,61699.38020324306
3105,2026-07-08,6,ETH,VAR,1742.677612304688,1708.51204084157
3105,2026-07-09,7,BTC,VAR,63193.14843749995,61554.38022154964
3105,2026-07-09,7,ETH,VAR,1744.484619140625,1705.314307470958
3105,2026-07-10,8,BTC,VAR,64127.14062500013,61446.223671579035
3105,2026-07-10,8,ETH,VAR,1795.6932373046868,1701.164607778492
3105,2026-07-11,9,BTC,VAR,63802.02734374996,61476.468300648194
3105,2026-07-11,9,ETH,VAR,1788.0996093749998,1701.8251979273487
3105,2026-07-12,10,BTC,VAR,63758.21874999997,61485.013442008974
3105,2026-07-12,10,ETH,VAR,1805.7880859375005,1701.1127468254897
3105,2026-07-03,1,BTC,VECM,62544.199218750015,61554.8410286622
3105,2026-07-03,1,ETH,VECM,1756.5186767578118,1700.302443488302
3105,2026-07-04,2,BTC,VECM,63088.3046874999,61646.01138753561
3105,2026-07-04,2,ETH,VECM,1779.032958984375,1708.173084299012
3105,2026-07-05,3,BTC,VECM,63547.8828125,61716.681856462026
3105,2026-07-05,3,ETH,VECM,1783.0059814453118,1714.5165938802932
3105,2026-07-06,4,BTC,VECM,63995.01562499996,61877.25991278365
3105,2026-07-06,4,ETH,VECM,1797.5737304687498,1720.1113788029572
3105,2026-07-07,5,BTC,VECM,63297.39453124994,61869.708453944615
3105,2026-07-07,5,ETH,VECM,1768.5114746093748,1721.8189801595126
3105,2026-07-08,6,BTC,VECM,62257.57421875001,62098.47923585475
3105,2026-07-08,6,ETH,VECM,1742.677612304688,1731.4532779960268
3105,2026-07-09,7,BTC,VECM,63193.14843749995,62020.71716942728
3105,2026-07-09,7,ETH,VECM,1744.484619140625,1732.1682166692242
3105,2026-07-10,8,BTC,VECM,64127.14062500013,61976.66566523539
3105,2026-07-10,8,ETH,VECM,1795.6932373046868,1731.9095938102591
3105,2026-07-11,9,BTC,VECM,63802.02734374996,62065.57492705544
3105,2026-07-11,9,ETH,VECM,1788.0996093749998,1736.3253127443807
3105,2026-07-12,10,BTC,VECM,63758.21874999997,62133.1344875207
3105,2026-07-12,10,ETH,VECM,1805.7880859375005,1739.3716871498632
3105,2026-07-03,1,BTC,RW,62544.199218750015,61485.30078124995
3105,2026-07-03,1,ETH,RW,1756.5186767578118,1698.1694335937477
3105,2026-07-04,2,BTC,RW,63088.3046874999,61485.30078124995
3105,2026-07-04,2,ETH,RW,1779.032958984375,1698.1694335937477
3105,2026-07-05,3,BTC,RW,63547.8828125,61485.30078124995
3105,2026-07-05,3,ETH,RW,1783.0059814453118,1698.1694335937477
3105,2026-07-06,4,BTC,RW,63995.01562499996,61485.30078124995
3105,2026-07-06,4,ETH,RW,1797.5737304687498,1698.1694335937477
3105,2026-07-07,5,BTC,RW,63297.39453124994,61485.30078124995
3105,2026-07-07,5,ETH,RW,1768.5114746093748,1698.1694335937477
3105,2026-07-08,6,BTC,RW,62257.57421875001,61485.30078124995
3105,2026-07-08,6,ETH,RW,1742.677612304688,1698.1694335937477
3105,2026-07-09,7,BTC,RW,63193.14843749995,61485.30078124995
3105,2026-07-09,7,ETH,RW,1744.484619140625,1698.1694335937477
3105,2026-07-10,8,BTC,RW,64127.14062500013,61485.30078124995
3105,2026-07-10,8,ETH,RW,1795.6932373046868,1698.1694335937477
3105,2026-07-11,9,BTC,RW,63802.02734374996,61485.30078124995
3105,2026-07-11,9,ETH,RW,1788.0996093749998,1698.1694335937477
3105,2026-07-12,10,BTC,RW,63758.21874999997,61485.30078124995
3105,2026-07-12,10,ETH,RW,1805.7880859375005,1698.1694335937477
3115,2026-07-13,1,BTC,VAR,62239.12109375005,63638.740210633376
3115,2026-07-13,1,ETH,VAR,1773.5007324218743,1803.8229081135773
3115,2026-07-14,2,BTC,VAR,64956.11328124997,63802.771356245896
3115,2026-07-14,2,ETH,VAR,1889.4798583984366,1807.474937021348
3115,2026-07-15,3,BTC,VAR,64712.37500000001,63790.25959740878
3115,2026-07-15,3,ETH,VAR,1916.9437255859366,1805.576653839254
3115,2026-07-16,4,BTC,VAR,63789.28125000005,63952.668695390275
3115,2026-07-16,4,ETH,VAR,1863.1933593750002,1809.0016347358994
3115,2026-07-17,5,BTC,VAR,63899.460937499956,63899.33282506955
3115,2026-07-17,5,ETH,VAR,1840.988159179687,1808.4891754796563
3115,2026-07-18,6,BTC,VAR,64796.6015625,63879.01583583821
3115,2026-07-18,6,ETH,VAR,1861.3920898437505,1808.0072385160486
3115,2026-07-19,7,BTC,VAR,64690.80468749992,63882.76077137204
3115,2026-07-19,7,ETH,VAR,1871.508544921875,1808.2308219921363
3115,2026-07-20,8,BTC,VAR,65230.02734375007,63872.93370263394
3115,2026-07-20,8,ETH,VAR,1903.758911132812,1806.8227192353509
3115,2026-07-21,9,BTC,VAR,66505.12500000016,63906.96083095504
3115,2026-07-21,9,ETH,VAR,1928.3837890624993,1806.9043622746374
3115,2026-07-22,10,BTC,VAR,66100.79687500003,63931.289361496325
3115,2026-07-22,10,ETH,VAR,1933.490112304687,1806.818526523265
3115,2026-07-13,1,BTC,VECM,62239.12109375005,63706.029370232005
3115,2026-07-13,1,ETH,VECM,1773.5007324218743,1807.5917467680488
3115,2026-07-14,2,BTC,VECM,64956.11328124997,63932.89990028735
3115,2026-07-14,2,ETH,VECM,1889.4798583984366,1814.9388082186526
3115,2026-07-15,3,BTC,VECM,64712.37500000001,63986.02924274978
3115,2026-07-15,3,ETH,VECM,1916.9437255859366,1816.8963723096292
3115,2026-07-16,4,BTC,VECM,63789.28125000005,64212.443351648006
3115,2026-07-16,4,ETH,VECM,1863.1933593750002,1824.2053200672783
3115,2026-07-17,5,BTC,VECM,63899.460937499956,64225.82539164536
3115,2026-07-17,5,ETH,VECM,1840.988159179687,1827.573066363236
3115,2026-07-18,6,BTC,VECM,64796.6015625,64272.0220104587
3115,2026-07-18,6,ETH,VECM,1861.3920898437505,1831.0497878712658
3115,2026-07-19,7,BTC,VECM,64690.80468749992,64346.172060662204
3115,2026-07-19,7,ETH,VECM,1871.508544921875,1835.4346752685267
3115,2026-07-20,8,BTC,VECM,65230.02734375007,64401.75389941294
3115,2026-07-20,8,ETH,VECM,1903.758911132812,1838.06989020256
3115,2026-07-21,9,BTC,VECM,66505.12500000016,64495.11232602572
3115,2026-07-21,9,ETH,VECM,1928.3837890624993,1842.0017251067422
3115,2026-07-22,10,BTC,VECM,66100.79687500003,64578.887497537304
3115,2026-07-22,10,ETH,VECM,1933.490112304687,1845.7721956222233
3115,2026-07-13,1,BTC,RW,62239.12109375005,63758.21874999997
3115,2026-07-13,1,ETH,RW,1773.5007324218743,1805.7880859375005
3115,2026-07-14,2,BTC,RW,64956.11328124997,63758.21874999997
3115,2026-07-14,2,ETH,RW,1889.4798583984366,1805.7880859375005
3115,2026-07-15,3,BTC,RW,64712.37500000001,63758.21874999997
3115,2026-07-15,3,ETH,RW,1916.9437255859366,1805.7880859375005
3115,2026-07-16,4,BTC,RW,63789.28125000005,63758.21874999997
3115,2026-07-16,4,ETH,RW,1863.1933593750002,1805.7880859375005
3115,2026-07-17,5,BTC,RW,63899.460937499956,63758.21874999997
3115,2026-07-17,5,ETH,RW,1840.988159179687,1805.7880859375005
3115,2026-07-18,6,BTC,RW,64796.6015625,63758.21874999997
3115,2026-07-18,6,ETH,RW,1861.3920898437505,1805.7880859375005
3115,2026-07-19,7,BTC,RW,64690.80468749992,63758.21874999997
3115,2026-07-19,7,ETH,RW,1871.508544921875,1805.7880859375005
3115,2026-07-20,8,BTC,RW,65230.02734375007,63758.21874999997
3115,2026-07-20,8,ETH,RW,1903.758911132812,1805.7880859375005
3115,2026-07-21,9,BTC,RW,66505.12500000016,63758.21874999997
3115,2026-07-21,9,ETH,RW,1928.3837890624993,1805.7880859375005
3115,2026-07-22,10,BTC,RW,66100.79687500003,63758.21874999997
3115,2026-07-22,10,ETH,RW,1933.490112304687,1805.7880859375005
3125,2026-07-23,1,BTC,VAR,65044.81250000001,66177.11893590292
3125,2026-07-23,1,ETH,VAR,1877.100219726563,1933.3467338262062
3125,2026-07-24,2,BTC,VAR,64098.49609375,66369.10812757109
3125,2026-07-24,2,ETH,VAR,1860.1767578125005,1939.104621688352
3125,2026-07-25,3,BTC,VAR,64311.81249999987,66420.76462788015
3125,2026-07-25,3,ETH,VAR,1873.222412109375,1941.0636944206537
3125,2026-07-26,4,BTC,VAR,65340.300781250175,66538.94147794892
3125,2026-07-26,4,ETH,VAR,1953.4112548828132,1945.0583784894936
3125,2026-07-27,5,BTC,VAR,63724.89843750006,66460.90332552543
3125,2026-07-27,5,ETH,VAR,1890.613525390624,1941.8540106834894
3125,2026-07-28,6,BTC,VAR,63871.363281249956,66484.90695735354
3125,2026-07-28,6,ETH,VAR,1919.948486328125,1942.1353965781393
3125,2026-07-29,7,BTC,VAR,63908.16796875005,66482.8068004413
3125,2026-07-29,7,ETH,VAR,1908.5190429687507,1942.4256790615816
3125,2026-07-30,8,BTC,VAR,64725.30859374994,66499.76021458059
3125,2026-07-30,8,ETH,VAR,1917.3729248046882,1941.6373462610054
3125,2026-07-31,9,BTC,VAR,62813.746093750044,66531.09901924751
3125,2026-07-31,9,ETH,VAR,1860.3459472656243,1941.9859876958856
3125,2026-08-01,10,BTC,VAR,62763.32031249996,66555.09564838377
3125,2026-08-01,10,ETH,VAR,1843.4177246093755,1941.9971731711094
3125,2026-07-23,1,BTC,VECM,65044.81250000001,66243.70777350516
3125,2026-07-23,1,ETH,VECM,1877.100219726563,1937.196768550104
3125,2026-07-24,2,BTC,VECM,64098.49609375,66494.86052913545
3125,2026-07-24,2,ETH,VECM,1860.1767578125005,1946.5611183350245
3125,2026-07-25,3,BTC,VECM,64311.81249999987,66608.248286608
3125,2026-07-25,3,ETH,VECM,1873.222412109375,1952.280411061749
3125,2026-07-26,4,BTC,VECM,65340.300781250175,66787.92963715615
3125,2026-07-26,4,ETH,VECM,1953.4112548828132,1960.1475828494863
3125,2026-07-27,5,BTC,VECM,63724.89843750006,66776.49021816002
3125,2026-07-27,5,ETH,VECM,1890.613525390624,1960.9194344169239
3125,2026-07-28,6,BTC,VECM,63871.363281249956,66864.19063950339
3125,2026-07-28,6,ETH,VECM,1919.948486328125,1965.125907147079
3125,2026-07-29,7,BTC,VECM,63908.16796875005,66929.76882508287
3125,2026-07-29,7,ETH,VECM,1908.5190429687507,1969.5551107836777
3125,2026-07-30,8,BTC,VECM,64725.30859374994,67011.60993831411
3125,2026-07-30,8,ETH,VECM,1917.3729248046882,1972.9068450517418
3125,2026-07-31,9,BTC,VECM,62813.746093750044,67101.46324628821
3125,2026-07-31,9,ETH,VECM,1860.3459472656243,1977.1738307743765
3125,2026-08-01,10,BTC,VECM,62763.32031249996,67184.69355387051
3125,2026-08-01,10,ETH,VECM,1843.4177246093755,1981.1425434784949
3125,2026-07-23,1,BTC,RW,65044.81250000001,66100.79687500003
3125,2026-07-23,1,ETH,RW,1877.100219726563,1933.490112304687
3125,2026-07-24,2,BTC,RW,64098.49609375,66100.79687500003
3125,2026-07-24,2,ETH,RW,1860.1767578125005,1933.490112304687
3125,2026-07-25,3,BTC,RW,64311.81249999987,66100.79687500003
3125,2026-07-25,3,ETH,RW,1873.222412109375,1933.490112304687
3125,2026-07-26,4,BTC,RW,65340.300781250175,66100.79687500003
3125,2026-07-26,4,ETH,RW,1953.4112548828132,1933.490112304687
3125,2026-07-27,5,BTC,RW,63724.89843750006,66100.79687500003
3125,2026-07-27,5,ETH,RW,1890.613525390624,1933.490112304687
3125,2026-07-28,6,BTC,RW,63871.363281249956,66100.79687500003
3125,2026-07-28,6,ETH,RW,1919.948486328125,1933.490112304687
3125,2026-07-29,7,BTC,RW,63908.16796875005,66100.79687500003
3125,2026-07-29,7,ETH,RW,1908.5190429687507,1933.490112304687
3125,2026-07-30,8,BTC,RW,64725.30859374994,66100.79687500003
3125,2026-07-30,8,ETH,RW,1917.3729248046882,1933.490112304687
3125,2026-07-31,9,BTC,RW,62813.746093750044,66100.79687500003
3125,2026-07-31,9,ETH,RW,1860.3459472656243,1933.490112304687
3125,2026-08-01,10,BTC,RW,62763.32031249996,66100.79687500003
3125,2026-08-01,10,ETH,RW,1843.4177246093755,1933.490112304687
3135,2026-08-02,1,BTC,VAR,63482.00000000008,62544.68763710358
3135,2026-08-02,1,ETH,VAR,1882.5219726562493,1837.4432062304586
3135,2026-08-03,2,BTC,VAR,63460.89843749999,62529.40876307945
3135,2026-08-03,2,ETH,VAR,1858.2564697265623,1834.3785036753573
3135,2026-08-04,3,BTC,VAR,64055.95312500005,62588.046336643056
3135,2026-08-04,3,ETH,VAR,1868.3858642578125,1835.1575218852013
3135,2026-08-05,4,BTC,VAR,64597.499999999956,62490.147189299816
3135,2026-08-05,4,ETH,VAR,1906.526000976562,1829.7244728381474
3135,2026-08-06,5,BTC,VAR,64262.11328125004,62560.49620466853
3135,2026-08-06,5,ETH,VAR,1902.0574951171873,1830.8201053446483
3135,2026-08-07,6,BTC,VAR,64880.19140625012,62580.89523247894
3135,2026-08-07,6,ETH,VAR,1913.2794189453114,1830.6594069632813
3135,2026-08-08,7,BTC,VAR,64904.68749999997,62690.1415339024
3135,2026-08-08,7,ETH,VAR,1915.5329589843748,1832.300596216377
3135,2026-08-09,8,BTC,VAR,64844.886718749985,62743.359278902906
3135,2026-08-09,8,ETH,VAR,1908.682739257813,1833.471885831017
3135,2026-08-10,9,BTC,VAR,63910.58593750003,62784.55033966757
3135,2026-08-10,9,ETH,VAR,1871.2786865234377,1833.8168666731076
3135,2026-08-11,10,BTC,VAR,63551.874999999876,62819.70669792521
3135,2026-08-11,10,ETH,VAR,1881.3735351562495,1834.2186328826895
3135,2026-08-02,1,BTC,VECM,63482.00000000008,62607.48709456441
3135,2026-08-02,1,ETH,VECM,1882.5219726562493,1841.1337047191375
3135,2026-08-03,2,BTC,VECM,63460.89843749999,62649.56526667521
3135,2026-08-03,2,ETH,VECM,1858.2564697265623,1841.6108403211067
3135,2026-08-04,3,BTC,VECM,64055.95312500005,62767.45046834369
3135,2026-08-04,3,ETH,VECM,1868.3858642578125,1846.051031065064
3135,2026-08-05,4,BTC,VECM,64597.499999999956,62725.58581200839
3135,2026-08-05,4,ETH,VECM,1906.526000976562,1844.1887981480668
3135,2026-08-06,5,BTC,VECM,64262.11328125004,62856.405267498776
3135,2026-08-06,5,ETH,VECM,1902.0574951171873,1848.945882167973
3135,2026-08-07,6,BTC,VECM,64880.19140625012,62935.271397659795
3135,2026-08-07,6,ETH,VECM,1913.2794189453114,1852.4278483985115
3135,2026-08-08,7,BTC,VECM,64904.68749999997,63108.531035759166
3135,2026-08-08,7,ETH,VECM,1915.5329589843748,1858.0026927173851
3135,2026-08-09,8,BTC,VECM,64844.886718749985,63219.089687873384
3135,2026-08-09,8,ETH,VECM,1908.682739257813,1862.9148970687497
3135,2026-08-10,9,BTC,VECM,63910.58593750003,63313.03315705718
3135,2026-08-10,9,ETH,VECM,1871.2786865234377,1866.8569281879797
3135,2026-08-11,10,BTC,VECM,63551.874999999876,63400.81846185957
3135,2026-08-11,10,ETH,VECM,1881.3735351562495,1870.85528235762
3135,2026-08-02,1,BTC,RW,63482.00000000008,62763.32031249996
3135,2026-08-02,1,ETH,RW,1882.5219726562493,1843.4177246093755
3135,2026-08-03,2,BTC,RW,63460.89843749999,62763.32031249996
3135,2026-08-03,2,ETH,RW,1858.2564697265623,1843.4177246093755
3135,2026-08-04,3,BTC,RW,64055.95312500005,62763.32031249996
3135,2026-08-04,3,ETH,RW,1868.3858642578125,1843.4177246093755
3135,2026-08-05,4,BTC,RW,64597.499999999956,62763.32031249996
3135,2026-08-05,4,ETH,RW,1906.526000976562,1843.4177246093755
3135,2026-08-06,5,BTC,RW,64262.11328125004,62763.32031249996
3135,2026-08-06,5,ETH,RW,1902.0574951171873,1843.4177246093755
3135,2026-08-07,6,BTC,RW,64880.19140625012,62763.32031249996
3135,2026-08-07,6,ETH,RW,1913.2794189453114,1843.4177246093755
3135,2026-08-08,7,BTC,RW,64904.68749999997,62763.32031249996
3135,2026-08-08,7,ETH,RW,1915.5329589843748,1843.4177246093755
3135,2026-08-09,8,BTC,RW,64844.886718749985,62763.32031249996
3135,2026-08-09,8,ETH,RW,1908.682739257813,1843.4177246093755
3135,2026-08-10,9,BTC,RW,63910.58593750003,62763.32031249996
3135,2026-08-10,9,ETH,RW,1871.2786865234377,1843.4177246093755
3135,2026-08-11,10,BTC,RW,63551.874999999876,62763.32031249996
3135,2026-08-11,10,ETH,RW,1881.3735351562495,1843.4177246093755
3145,2026-08-12,1,BTC,VAR,63402.43359374996,63526.028824698165
3145,2026-08-12,1,ETH,VAR,1878.1350097656243,1881.4077960506663
3145,2026-08-13,2,BTC,VAR,63402.17187499997,63463.94099672029
3145,2026-08-13,2,ETH,VAR,1883.991333007813,1878.039236774979
3145,2026-08-14,3,BTC,VAR,62975.59375000003,63441.17665446142
3145,2026-08-14,3,ETH,VAR,1880.650024414062,1876.0117061722376
3145,2026-08-15,4,BTC,VAR,63024.32031250002,63474.834600195
3145,2026-08-15,4,ETH,VAR,1880.908325195312,1875.5053912780882
3145,2026-08-16,5,BTC,VAR,62818.65234375005,63424.93933162008
3145,2026-08-16,5,ETH,VAR,1873.9429931640625,1872.8017177361526
3145,2026-08-17,6,BTC,VAR,64506.25390624998,63513.51569043971
3145,2026-08-17,6,ETH,VAR,1912.2021484375,1875.733338990172
3145,2026-08-18,7,BTC,VAR,64680.71093749995,63547.240450942954
3145,2026-08-18,7,ETH,VAR,1916.4595947265623,1876.700915622857
3145,2026-08-19,8,BTC,VAR,69266.18750000006,63540.42568368945
3145,2026-08-19,8,ETH,VAR,2251.4580078124995,1875.2461242147708
3145,2026-08-20,9,BTC,VAR,73032.75781250001,63572.19408632694
3145,2026-08-20,9,ETH,VAR,2326.3847656250005,1875.513717257166
3145,2026-08-21,10,BTC,VAR,78335.18749999988,63608.031161911065
3145,2026-08-21,10,ETH,VAR,2515.281738281251,1875.780819704561
3145,2026-08-12,1,BTC,VECM,63402.43359374996,63586.982210950984
3145,2026-08-12,1,ETH,VECM,1878.1350097656243,1885.0207829203046
3145,2026-08-13,2,BTC,VECM,63402.17187499997,63581.34922091102
3145,2026-08-13,2,ETH,VECM,1883.991333007813,1885.1703758837195
3145,2026-08-14,3,BTC,VECM,62975.59375000003,63617.16109687387
3145,2026-08-14,3,ETH,VECM,1880.650024414062,1886.7921108754074
3145,2026-08-15,4,BTC,VECM,63024.32031250002,63707.44273771802
3145,2026-08-15,4,ETH,VECM,1880.908325195312,1889.9287941556431
3145,2026-08-16,5,BTC,VECM,62818.65234375005,63719.00880782133
3145,2026-08-16,5,ETH,VECM,1873.9429931640625,1890.9811409046818
3145,2026-08-17,6,BTC,VECM,64506.25390624998,63867.22934282024
3145,2026-08-17,6,ETH,VECM,1912.2021484375,1897.6774983274831
3145,2026-08-18,7,BTC,VECM,64680.71093749995,63964.209198300094
3145,2026-08-18,7,ETH,VECM,1916.4595947265623,1902.5977840873143
3145,2026-08-19,8,BTC,VECM,69266.18750000006,64015.60589188508
3145,2026-08-19,8,ETH,VECM,2251.4580078124995,1904.9584680076969
3145,2026-08-20,9,BTC,VECM,73032.75781250001,64099.788659988764
3145,2026-08-20,9,ETH,VECM,2326.3847656250005,1908.83756485539
3145,2026-08-21,10,BTC,VECM,78335.18749999988,64188.21106294652
3145,2026-08-21,10,ETH,VECM,2515.281738281251,1912.7281381706898
3145,2026-08-12,1,BTC,RW,63402.43359374996,63551.874999999876
3145,2026-08-12,1,ETH,RW,1878.1350097656243,1881.3735351562495
3145,2026-08-13,2,BTC,RW,63402.17187499997,63551.874999999876
3145,2026-08-13,2,ETH,RW,1883.991333007813,1881.3735351562495
3145,2026-08-14,3,BTC,RW,62975.59375000003,63551.874999999876
3145,2026-08-14,3,ETH,RW,1880.650024414062,1881.3735351562495
3145,2026-08-15,4,BTC,RW,63024.32031250002,63551.874999999876
3145,2026-08-15,4,ETH,RW,1880.908325195312,1881.3735351562495
3145,2026-08-16,5,BTC,RW,62818.65234375005,63551.874999999876
3145,2026-08-16,5,ETH,RW,1873.9429931640625,1881.3735351562495
3145,2026-08-17,6,BTC,RW,64506.25390624998,63551.874999999876
3145,2026-08-17,6,ETH,RW,1912.2021484375,1881.3735351562495
3145,2026-08-18,7,BTC,RW,64680.71093749995,63551.874999999876
3145,2026-08-18,7,ETH,RW,1916.4595947265623,1881.3735351562495
3145,2026-08-19,8,BTC,RW,69266.18750000006,63551.874999999876
3145,2026-08-19,8,ETH,RW,2251.4580078124995,1881.3735351562495
3145,2026-08-20,9,BTC,RW,73032.75781250001,63551.874999999876
3145,2026-08-20,9,ETH,RW,2326.3847656250005,1881.3735351562495
3145,2026-08-21,10,BTC,RW,78335.18749999988,63551.874999999876
3145,2026-08-21,10,ETH,RW,2515.281738281251,1881.3735351562495
3155,2026-08-22,1,BTC,VAR,77083.41406249999,78173.33033844938
3155,2026-08-22,1,ETH,VAR,2424.2512207031245,2511.085750077011
3155,2026-08-23,2,BTC,VAR,77755.26562499996,79063.03258491373
3155,2026-08-23,2,ETH,VAR,2463.8159179687495,2540.1266532422283
3155,2026-08-24,3,BTC,VAR,78964.48437500001,78850.65224899467
3155,2026-08-24,3,ETH,VAR,2481.8312988281245,2543.2606932614103
3155,2026-08-25,4,BTC,VAR,78564.97656249988,79668.55088516566
3155,2026-08-25,4,ETH,VAR,2443.1594238281245,2581.6571495101903
3155,2026-08-26,5,BTC,VAR,79027.42187500001,79337.83806242926
3155,2026-08-26,5,ETH,VAR,2506.2609863281245,2575.4157413569574
3155,2026-08-27,6,BTC,VAR,80257.53906249997,79000.43919741653
3155,2026-08-27,6,ETH,VAR,2510.410156250001,2559.1366352036675
3155,2026-08-28,7,BTC,VAR,77830.28906249993,78960.98736291351
3155,2026-08-28,7,ETH,VAR,2442.5358886718745,2560.1813675440926
3155,2026-08-29,8,BTC,VAR,78245.81250000006,78821.77744812693
3155,2026-08-29,8,ETH,VAR,2457.6862792968755,2554.9946651952
3155,2026-08-30,9,BTC,VAR,77667.57031250006,78865.69827081746
3155,2026-08-30,9,ETH,VAR,2417.938720703125,2555.8625539980803
3155,2026-08-31,10,BTC,VAR,78548.63281249994,78852.79357224835
3155,2026-08-31,10,ETH,VAR,2466.8203125000005,2555.605708104384
3155,2026-08-22,1,BTC,VECM,77083.41406249999,78231.90582401698
3155,2026-08-22,1,ETH,VECM,2424.2512207031245,2514.8279325765934
3155,2026-08-23,2,BTC,VECM,77755.26562499996,79174.79020028122
3155,2026-08-23,2,ETH,VECM,2463.8159179687495,2547.44067664548
3155,2026-08-24,3,BTC,VECM,78964.48437500001,79016.10709731949
3155,2026-08-24,3,ETH,VECM,2481.8312988281245,2554.2154400026
3155,2026-08-25,4,BTC,VECM,78564.97656249988,79887.99746208113
3155,2026-08-25,4,ETH,VECM,2443.1594238281245,2596.4342807872513
3155,2026-08-26,5,BTC,VECM,79027.42187500001,79616.15036213958
3155,2026-08-26,5,ETH,VECM,2506.2609863281245,2594.118760701747
3155,2026-08-27,6,BTC,VECM,80257.53906249997,79335.31609072622
3155,2026-08-27,6,ETH,VECM,2510.410156250001,2581.66249723932
3155,2026-08-28,7,BTC,VECM,77830.28906249993,79354.45851781718
3155,2026-08-28,7,ETH,VECM,2442.5358886718745,2586.702072746788
3155,2026-08-29,8,BTC,VECM,78245.81250000006,79275.44363842168
3155,2026-08-29,8,ETH,VECM,2457.6862792968755,2585.7704094724845
3155,2026-08-30,9,BTC,VECM,77667.57031250006,79380.30196781244
3155,2026-08-30,9,ETH,VECM,2417.938720703125,2591.088701217657
3155,2026-08-31,10,BTC,VECM,78548.63281249994,79428.02721532958
3155,2026-08-31,10,ETH,VECM,2466.8203125000005,2595.2821288476216
3155,2026-08-22,1,BTC,RW,77083.41406249999,78335.18749999988
3155,2026-08-22,1,ETH,RW,2424.2512207031245,2515.281738281251
3155,2026-08-23,2,BTC,RW,77755.26562499996,78335.18749999988
3155,2026-08-23,2,ETH,RW,2463.8159179687495,2515.281738281251
3155,2026-08-24,3,BTC,RW,78964.48437500001,78335.18749999988
3155,2026-08-24,3,ETH,RW,2481.8312988281245,2515.281738281251
3155,2026-08-25,4,BTC,RW,78564.97656249988,78335.18749999988
3155,2026-08-25,4,ETH,RW,2443.1594238281245,2515.281738281251
3155,2026-08-26,5,BTC,RW,79027.42187500001,78335.18749999988
3155,2026-08-26,5,ETH,RW,2506.2609863281245,2515.281738281251
3155,2026-08-27,6,BTC,RW,80257.53906249997,78335.18749999988
3155,2026-08-27,6,ETH,RW,2510.410156250001,2515.281738281251
3155,2026-08-28,7,BTC,RW,77830.28906249993,78335.18749999988
3155,2026-08-28,7,ETH,RW,2442.5358886718745,2515.281738281251
3155,2026-08-29,8,BTC,RW,78245.81250000006,78335.18749999988
3155,2026-08-29,8,ETH,RW,2457.6862792968755,2515.281738281251
3155,2026-08-30,9,BTC,RW,77667.57031250006,78335.18749999988
3155,2026-08-30,9,ETH,RW,2417.938720703125,2515.281738281251
3155,2026-08-31,10,BTC,RW,78548.63281249994,78335.18749999988
3155,2026-08-31,10,ETH,RW,2466.8203125000005,2515.281738281251
3165,2026-09-01,1,BTC,VAR,77403.62500000004,78681.67686194641
3165,2026-09-01,1,ETH,VAR,2417.842041015624,2471.530472297901
3165,2026-09-02,2,BTC,VAR,77300.47656250003,78642.94153413788
3165,2026-09-02,2,ETH,VAR,2391.5009765625005,2469.566310904551
3165,2026-09-03,3,BTC,VAR,81271.74218750006,78544.48404094706
3165,2026-09-03,3,ETH,VAR,2508.020751953125,2465.817732258105
3165,2026-09-04,4,BTC,VAR,79671.96875000017,78723.70975057506
3165,2026-09-04,4,ETH,VAR,2456.0781249999995,2471.5859909033666
3165,2026-09-05,5,BTC,VAR,79823.86718750006,78739.776578751
3165,2026-09-05,5,ETH,VAR,2480.735595703126,2469.733153719559
3165,2026-09-06,6,BTC,VAR,80350.0468750002,78859.79341320587
3165,2026-09-06,6,ETH,VAR,2514.548828125,2473.0759912167637
3165,2026-09-07,7,BTC,VAR,79115.85156250004,78905.17302611495
3165,2026-09-07,7,ETH,VAR,2490.958007812499,2474.646358804226
3165,2026-09-08,8,BTC,VAR,78438.57812500006,78884.14613553094
3165,2026-09-08,8,ETH,VAR,2484.9414062499995,2472.8832695878714
3165,2026-09-09,9,BTC,VAR,78259.5234375,78924.56591529658
3165,2026-09-09,9,ETH,VAR,2466.913818359375,2473.5729632640678
3165,2026-09-10,10,BTC,VAR,76568.1250000001,78976.60666955353
3165,2026-09-10,10,ETH,VAR,2437.0986328124995,2474.364896549823
3165,2026-09-01,1,BTC,VECM,77403.62500000004,78752.9674926606
3165,2026-09-01,1,ETH,VECM,2417.842041015624,2475.9523750087415
3165,2026-09-02,2,BTC,VECM,77300.47656250003,78781.1781976256
3165,2026-09-02,2,ETH,VECM,2391.5009765625005,2478.335277326642
3165,2026-09-03,3,BTC,VECM,81271.74218750006,78752.95349202961
3165,2026-09-03,3,ETH,VECM,2508.020751953125,2479.143441657369
3165,2026-09-04,4,BTC,VECM,79671.96875000017,79000.17657350814
3165,2026-09-04,4,ETH,VECM,2456.0781249999995,2489.4727228477504
3165,2026-09-05,5,BTC,VECM,79823.86718750006,79091.32442084362
3165,2026-09-05,5,ETH,VECM,2480.735595703126,2492.3949951991704
3165,2026-09-06,6,BTC,VECM,80350.0468750002,79281.33265611705
3165,2026-09-06,6,ETH,VECM,2514.548828125,2500.3317146823347
3165,2026-09-07,7,BTC,VECM,79115.85156250004,79401.33686627154
3165,2026-09-07,7,ETH,VECM,2490.958007812499,2506.7503597038267
3165,2026-09-08,8,BTC,VECM,78438.57812500006,79449.57955200259
3165,2026-09-08,8,ETH,VECM,2484.9414062499995,2509.7084351016792
3165,2026-09-09,9,BTC,VECM,78259.5234375,79554.43789882508
3165,2026-09-09,9,ETH,VECM,2466.913818359375,2514.9727035900178
3165,2026-09-10,10,BTC,VECM,76568.1250000001,79670.86875791692
3165,2026-09-10,10,ETH,VECM,2437.0986328124995,2520.3571967437283
3165,2026-09-01,1,BTC,RW,77403.62500000004,78548.63281249994
3165,2026-09-01,1,ETH,RW,2417.842041015624,2466.8203125000005
3165,2026-09-02,2,BTC,RW,77300.47656250003,78548.63281249994
3165,2026-09-02,2,ETH,RW,2391.5009765625005,2466.8203125000005
3165,2026-09-03,3,BTC,RW,81271.74218750006,78548.63281249994
3165,2026-09-03,3,ETH,RW,2508.020751953125,2466.8203125000005
3165,2026-09-04,4,BTC,RW,79671.96875000017,78548.63281249994
3165,2026-09-04,4,ETH,RW,2456.0781249999995,2466.8203125000005
3165,2026-09-05,5,BTC,RW,79823.86718750006,78548.63281249994
3165,2026-09-05,5,ETH,RW,2480.735595703126,2466.8203125000005
3165,2026-09-06,6,BTC,RW,80350.0468750002,78548.63281249994
3165,2026-09-06,6,ETH,RW,2514.548828125,2466.8203125000005
3165,2026-09-07,7,BTC,RW,79115.85156250004,78548.63281249994
3165,2026-09-07,7,ETH,RW,2490.958007812499,2466.8203125000005
3165,2026-09-08,8,BTC,RW,78438.57812500006,78548.63281249994
3165,2026-09-08,8,ETH,RW,2484.9414062499995,2466.8203125000005
3165,2026-09-09,9,BTC,RW,78259.5234375,78548.63281249994
3165,2026-09-09,9,ETH,RW,2466.913818359375,2466.8203125000005
3165,2026-09-10,10,BTC,RW,76568.1250000001,78548.63281249994
3165,2026-09-10,10,ETH,RW,2437.0986328124995,2466.8203125000005
3175,2026-09-11,1,BTC,VAR,77173.79687499996,76548.8786868134
3175,2026-09-11,1,ETH,VAR,2514.73388671875,2438.3295038824544
3175,2026-09-12,2,BTC,VAR,77270.46875000006,76521.70881976538
3175,2026-09-12,2,ETH,VAR,2525.9445800781245,2437.3387281507576
3175,2026-09-13,3,BTC,VAR,76838.15625000004,76362.83266481991
3175,2026-09-13,3,ETH,VAR,2477.0207519531245,2430.709913623254
3175,2026-09-14,4,BTC,VAR,78163.3828125,76375.15753783297
3175,2026-09-14,4,ETH,VAR,2514.406982421873,2430.465361304145
3175,2026-09-15,5,BTC,VAR,75612.50781250009,76286.2396243987
3175,2026-09-15,5,ETH,VAR,2399.0869140624995,2425.9936377095114
3175,2026-09-16,6,BTC,VAR,76150.32031250003,76336.63560175763
3175,2026-09-16,6,ETH,VAR,2416.119873046876,2427.131415213629
3175,2026-09-17,7,BTC,VAR,76403.77343749996,76372.03557214512
3175,2026-09-17,7,ETH,VAR,2447.1066894531255,2428.5592996956652
3175,2026-09-18,8,BTC,VAR,80901.46093750001,76405.83682599947
3175,2026-09-18,8,ETH,VAR,2611.347167968749,2427.8554569281937
3175,2026-09-19,9,BTC,VAR,81233.67968750006,76435.32759713092
3175,2026-09-19,9,ETH,VAR,2631.962646484376,2427.949826496736
3175,2026-09-20,10,BTC,VAR,81142.60937499988,76478.48915865966
3175,2026-09-20,10,ETH,VAR,2642.997558593749,2428.4253450539554
3175,2026-09-11,1,BTC,VECM,77173.79687499996,76619.08308965016
3175,2026-09-11,1,ETH,VECM,2514.73388671875,2442.776532073036
3175,2026-09-12,2,BTC,VECM,77270.46875000006,76660.24529504562
3175,2026-09-12,2,ETH,VECM,2525.9445800781245,2446.3171805687316
3175,2026-09-13,3,BTC,VECM,76838.15625000004,76570.54432269007
3175,2026-09-13,3,ETH,VECM,2477.0207519531245,2444.2800486981587
3175,2026-09-14,4,BTC,VECM,78163.3828125,76650.57271050214
3175,2026-09-14,4,ETH,VECM,2514.406982421873,2448.6683962564093
3175,2026-09-15,5,BTC,VECM,75612.50781250009,76633.54414340858
3175,2026-09-15,5,ETH,VECM,2399.0869140624995,2448.8840835142228
3175,2026-09-16,6,BTC,VECM,76150.32031250003,76752.34882036959
3175,2026-09-16,6,ETH,VECM,2416.119873046876,2454.602960009493
3175,2026-09-17,7,BTC,VECM,76403.77343749996,76859.11792649195
3175,2026-09-17,7,ETH,VECM,2447.1066894531255,2460.782731962803
3175,2026-09-18,8,BTC,VECM,80901.46093750001,76959.90301474465
3175,2026-09-18,8,ETH,VECM,2611.347167968749,2464.7353523237466
3175,2026-09-19,9,BTC,VECM,81233.67968750006,77047.8670045419
3175,2026-09-19,9,ETH,VECM,2631.962646484376,2469.1229530951828
3175,2026-09-20,10,BTC,VECM,81142.60937499988,77149.68373886407
3175,2026-09-20,10,ETH,VECM,2642.997558593749,2473.907768539724
3175,2026-09-11,1,BTC,RW,77173.79687499996,76568.1250000001
3175,2026-09-11,1,ETH,RW,2514.73388671875,2437.0986328124995
3175,2026-09-12,2,BTC,RW,77270.46875000006,76568.1250000001
3175,2026-09-12,2,ETH,RW,2525.9445800781245,2437.0986328124995
3175,2026-09-13,3,BTC,RW,76838.15625000004,76568.1250000001
3175,2026-09-13,3,ETH,RW,2477.0207519531245,2437.0986328124995
3175,2026-09-14,4,BTC,RW,78163.3828125,76568.1250000001
3175,2026-09-14,4,ETH,RW,2514.406982421873,2437.0986328124995
3175,2026-09-15,5,BTC,RW,75612.50781250009,76568.1250000001
3175,2026-09-15,5,ETH,RW,2399.0869140624995,2437.0986328124995
3175,2026-09-16,6,BTC,RW,76150.32031250003,76568.1250000001
3175,2026-09-16,6,ETH,RW,2416.119873046876,2437.0986328124995
3175,2026-09-17,7,BTC,RW,76403.77343749996,76568.1250000001
3175,2026-09-17,7,ETH,RW,2447.1066894531255,2437.0986328124995
3175,2026-09-18,8,BTC,RW,80901.46093750001,76568.1250000001
3175,2026-09-18,8,ETH,RW,2611.347167968749,2437.0986328124995
3175,2026-09-19,9,BTC,RW,81233.67968750006,76568.1250000001
3175,2026-09-19,9,ETH,RW,2631.962646484376,2437.0986328124995
3175,2026-09-20,10,BTC,RW,81142.60937499988,76568.1250000001
3175,2026-09-20,10,ETH,RW,2642.997558593749,2437.0986328124995
3185,2026-09-21,1,BTC,VAR,86602.91406249996,81260.54037302155
3185,2026-09-21,1,ETH,VAR,2776.4682617187505,2650.8721129521796
3185,2026-09-22,2,BTC,VAR,86172.28125,81454.01146298007
3185,2026-09-22,2,ETH,VAR,2752.632568359376,2657.0497443775726
3185,2026-09-23,3,BTC,VAR,84383.00781250006,81757.07866415968
3185,2026-09-23,3,ETH,VAR,2684.6918945312495,2668.066866940106
3185,2026-09-24,4,BTC,VAR,84379.0625000002,81849.18112403461
3185,2026-09-24,4,ETH,VAR,2687.301513671874,2671.475296693035
3185,2026-09-25,5,BTC,VAR,84034.92187499996,81757.777955732
3185,2026-09-25,5,ETH,VAR,2690.4755859375005,2668.0706655418517
3185,2026-09-26,6,BTC,VAR,84406.453125,81645.37702795777
3185,2026-09-26,6,ETH,VAR,2695.2131347656236,2665.755062906608
3185,2026-09-27,7,BTC,VAR,84458.08593749996,81660.6179310973
3185,2026-09-27,7,ETH,VAR,2686.9267578125014,2666.1100503807197
3185,2026-09-28,8,BTC,VAR,83502.60937500004,81678.39820357031
3185,2026-09-28,8,ETH,VAR,2688.6687011718755,2665.543690178145
3185,2026-09-29,9,BTC,VAR,83622.42968749997,81710.50831721548
3185,2026-09-29,9,ETH,VAR,2676.7221679687486,2665.547055809933
3185,2026-09-30,10,BTC,VAR,83553.85156249994,81740.9295732681
3185,2026-09-30,10,ETH,VAR,2683.679443359375,2665.649836610372
3185,2026-09-21,1,BTC,VECM,86602.91406249996,81325.02906094833
3185,2026-09-21,1,ETH,VECM,2776.4682617187505,2655.0450415966534
3185,2026-09-22,2,BTC,VECM,86172.28125,81578.36749892264
3185,2026-09-22,2,ETH,VECM,2752.632568359376,2665.2855985436886
3185,2026-09-23,3,BTC,VECM,84383.00781250006,81946.07332658186
3185,2026-09-23,3,ETH,VECM,2684.6918945312495,2680.686046934022
3185,2026-09-24,4,BTC,VECM,84379.0625000002,82098.99282298516
3185,2026-09-24,4,ETH,VECM,2687.301513671874,2688.3632712197796
3185,2026-09-25,5,BTC,VECM,84034.92187499996,82073.03387199907
3185,2026-09-25,5,ETH,VECM,2690.4755859375005,2689.3230359188215
3185,2026-09-26,6,BTC,VECM,84406.453125,82022.991614572
3185,2026-09-26,6,ETH,VECM,2695.2131347656236,2691.303329017688
3185,2026-09-27,7,BTC,VECM,84458.08593749996,82109.51082889008
3185,2026-09-27,7,ETH,VECM,2686.9267578125014,2696.485822413948
3185,2026-09-28,8,BTC,VECM,83502.60937500004,82193.62803868741
3185,2026-09-28,8,ETH,VECM,2688.6687011718755,2700.6392741031946
3185,2026-09-29,9,BTC,VECM,83622.42968749997,82286.86293917251
3185,2026-09-29,9,ETH,VECM,2676.7221679687486,2705.1660077887973
3185,2026-09-30,10,BTC,VECM,83553.85156249994,82378.26351283486
3185,2026-09-30,10,ETH,VECM,2683.679443359375,2709.804292653065
3185,2026-09-21,1,BTC,RW,86602.91406249996,81142.60937499988
3185,2026-09-21,1,ETH,RW,2776.4682617187505,2642.997558593749
3185,2026-09-22,2,BTC,RW,86172.28125,81142.60937499988
3185,2026-09-22,2,ETH,RW,2752.632568359376,2642.997558593749
3185,2026-09-23,3,BTC,RW,84383.00781250006,81142.60937499988
3185,2026-09-23,3,ETH,RW,2684.6918945312495,2642.997558593749
3185,2026-09-24,4,BTC,RW,84379.0625000002,81142.60937499988
3185,2026-09-24,4,ETH,RW,2687.301513671874,2642.997558593749
3185,2026-09-25,5,BTC,RW,84034.92187499996,81142.60937499988
3185,2026-09-25,5,ETH,RW,2690.4755859375005,2642.997558593749
3185,2026-09-26,6,BTC,RW,84406.453125,81142.60937499988
3185,2026-09-26,6,ETH,RW,2695.2131347656236,2642.997558593749
3185,2026-09-27,7,BTC,RW,84458.08593749996,81142.60937499988
3185,2026-09-27,7,ETH,RW,2686.9267578125014,2642.997558593749
3185,2026-09-28,8,BTC,RW,83502.60937500004,81142.60937499988
3185,2026-09-28,8,ETH,RW,2688.6687011718755,2642.997558593749
3185,2026-09-29,9,BTC,RW,83622.42968749997,81142.60937499988
3185,2026-09-29,9,ETH,RW,2676.7221679687486,2642.997558593749
3185,2026-09-30,10,BTC,RW,83553.85156249994,81142.60937499988
3185,2026-09-30,10,ETH,RW,2683.679443359375,2642.997558593749
