origin,date,h,asset,model,y_true,y_pred
2875,2025-11-15,1,BTC,GARCH,1.4696971117994964,8.63007096874971
2875,2025-11-15,1,BTC,EWMA,1.4696971117994964,6.1734141662672775
2875,2025-11-15,1,BTC,HIST,1.4696971117994964,4.593660563094181
2875,2025-11-16,2,BTC,GARCH,2.0920551583028097,8.772716748653986
2875,2025-11-16,2,BTC,EWMA,2.0920551583028097,6.1734141662672775
2875,2025-11-16,2,BTC,HIST,2.0920551583028097,4.593660563094181
2875,2025-11-17,3,BTC,GARCH,5.003445453448415,8.915362528558262
2875,2025-11-17,3,BTC,EWMA,5.003445453448415,6.1734141662672775
2875,2025-11-17,3,BTC,HIST,5.003445453448415,4.593660563094181
2875,2025-11-18,4,BTC,GARCH,0.8539928882716606,9.058008308462538
2875,2025-11-18,4,BTC,EWMA,0.8539928882716606,6.1734141662672775
2875,2025-11-18,4,BTC,HIST,0.8539928882716606,4.593660563094181
2875,2025-11-19,5,BTC,GARCH,2.5864287247934596,9.200654088366814
2875,2025-11-19,5,BTC,EWMA,2.5864287247934596,6.1734141662672775
2875,2025-11-19,5,BTC,HIST,2.5864287247934596,4.593660563094181
2875,2025-11-20,6,BTC,GARCH,29.48396944827254,9.34329986827109
2875,2025-11-20,6,BTC,EWMA,29.48396944827254,6.1734141662672775
2875,2025-11-20,6,BTC,HIST,29.48396944827254,4.593660563094181
2875,2025-11-21,7,BTC,GARCH,3.2222010819574893,9.485945648175365
2875,2025-11-21,7,BTC,EWMA,3.2222010819574893,6.1734141662672775
2875,2025-11-21,7,BTC,HIST,3.2222010819574893,4.593660563094181
2875,2025-11-22,8,BTC,GARCH,0.271636138480037,9.628591428079641
2875,2025-11-22,8,BTC,EWMA,0.271636138480037,6.1734141662672775
2875,2025-11-22,8,BTC,HIST,0.271636138480037,4.593660563094181
2875,2025-11-23,9,BTC,GARCH,6.329544786530288,9.771237207983917
2875,2025-11-23,9,BTC,EWMA,6.329544786530288,6.1734141662672775
2875,2025-11-23,9,BTC,HIST,6.329544786530288,4.593660563094181
2875,2025-11-24,10,BTC,GARCH,2.8030654506617503,9.913882987888192
2875,2025-11-24,10,BTC,EWMA,2.8030654506617503,6.1734141662672775
2875,2025-11-24,10,BTC,HIST,2.8030654506617503,4.593660563094181
2875,2025-11-15,1,ETH,GARCH,4.0183467442381575,21.21604702941495
2875,2025-11-15,1,ETH,EWMA,4.0183467442381575,15.764549322142127
2875,2025-11-15,1,ETH,HIST,4.0183467442381575,11.489386397338551
2875,2025-11-16,2,ETH,GARCH,5.558370799037456,21.750814811930088
2875,2025-11-16,2,ETH,EWMA,5.558370799037456,15.764549322142127
2875,2025-11-16,2,ETH,HIST,5.558370799037456,11.489386397338551
2875,2025-11-17,3,ETH,GARCH,4.987868333293958,22.283409526564014
2875,2025-11-17,3,ETH,EWMA,4.987868333293958,15.764549322142127
2875,2025-11-17,3,ETH,HIST,4.987868333293958,11.489386397338551
2875,2025-11-18,4,ETH,GARCH,10.258396803305025,22.81384000373653
2875,2025-11-18,4,ETH,EWMA,10.258396803305025,15.764549322142127
2875,2025-11-18,4,ETH,HIST,10.258396803305025,11.489386397338551
2875,2025-11-19,5,ETH,GARCH,10.571744372335186,23.342115037984378
2875,2025-11-19,5,ETH,EWMA,10.571744372335186,15.764549322142127
2875,2025-11-19,5,ETH,HIST,10.571744372335186,11.489386397338551
2875,2025-11-20,6,ETH,GARCH,42.73040638857351,23.868243388107068
2875,2025-11-20,6,ETH,EWMA,42.73040638857351,15.764549322142127
2875,2025-11-20,6,ETH,HIST,42.73040638857351,11.489386397338551
2875,2025-11-21,7,ETH,GARCH,5.574865169849968,24.392233777312086
2875,2025-11-21,7,ETH,EWMA,5.574865169849968,15.764549322142127
2875,2025-11-21,7,ETH,HIST,5.574865169849968,11.489386397338551
2875,2025-11-22,8,ETH,GARCH,0.004757072328619386,24.91409489335953
2875,2025-11-22,8,ETH,EWMA,0.004757072328619386,15.764549322142127
2875,2025-11-22,8,ETH,HIST,0.004757072328619386,11.489386397338551
2875,2025-11-23,9,ETH,GARCH,1.4968588397498477,25.433835388706147
2875,2025-11-23,9,ETH,EWMA,1.4968588397498477,15.764549322142127
2875,2025-11-23,9,ETH,HIST,1.4968588397498477,11.489386397338551
2875,2025-11-24,10,ETH,GARCH,27.56955483898934,25.951463880648795
2875,2025-11-24,10,ETH,EWMA,27.56955483898934,15.764549322142127
2875,2025-11-24,10,ETH,HIST,27.56955483898934,11.489386397338551
2885,2025-11-25,1,BTC,GARCH,1.1186186481673777,8.037694473412765
2885,2025-11-25,1,BTC,EWMA,1.1186186481673777,5.877378953853984
2885,2025-11-25,1,BTC,HIST,1.1186186481673777,5.2799487257689055
2885,2025-11-26,2,BTC,GARCH,12.761032872259909,8.18018241260381
2885,2025-11-26,2,BTC,EWMA,12.761032872259909,5.877378953853984
2885,2025-11-26,2,BTC,HIST,12.761032872259909,5.2799487257689055
2885,2025-11-27,3,BTC,GARCH,0.711965719245758,8.322670351794853
2885,2025-11-27,3,BTC,EWMA,0.711965719245758,5.877378953853984
2885,2025-11-27,3,BTC,HIST,0.711965719245758,5.2799487257689055
2885,2025-11-28,4,BTC,GARCH,0.16149682643833677,8.465158290985897
2885,2025-11-28,4,BTC,EWMA,0.16149682643833677,5.877378953853984
2885,2025-11-28,4,BTC,HIST,0.16149682643833677,5.2799487257689055
2885,2025-11-29,5,BTC,GARCH,0.005517200886461508,8.607646230176941
2885,2025-11-29,5,BTC,EWMA,0.005517200886461508,5.877378953853984
2885,2025-11-29,5,BTC,HIST,0.005517200886461508,5.2799487257689055
2885,2025-11-30,6,BTC,GARCH,0.25480209861381714,8.750134169367987
2885,2025-11-30,6,BTC,EWMA,0.25480209861381714,5.877378953853984
2885,2025-11-30,6,BTC,HIST,0.25480209861381714,5.2799487257689055
2885,2025-12-01,7,BTC,GARCH,21.253794719642503,8.892622108559031
2885,2025-12-01,7,BTC,EWMA,21.253794719642503,5.877378953853984
2885,2025-12-01,7,BTC,HIST,21.253794719642503,5.2799487257689055
2885,2025-12-02,8,BTC,GARCH,32.05936946860992,9.035110047750075
2885,2025-12-02,8,BTC,EWMA,32.05936946860992,5.877378953853984
2885,2025-12-02,8,BTC,HIST,32.05936946860992,5.2799487257689055
2885,2025-12-03,9,BTC,GARCH,5.549917090181361,9.17759798694112
2885,2025-12-03,9,BTC,EWMA,5.549917090181361,5.877378953853984
2885,2025-12-03,9,BTC,HIST,5.549917090181361,5.2799487257689055
2885,2025-12-04,10,BTC,GARCH,2.229638136689444,9.320085926132164
2885,2025-12-04,10,BTC,EWMA,2.229638136689444,5.877378953853984
2885,2025-12-04,10,BTC,HIST,2.229638136689444,5.2799487257689055
2885,2025-11-25,1,ETH,GARCH,0.031232968804827486,18.16920476563247
2885,2025-11-25,1,ETH,EWMA,0.031232968804827486,13.935049302371615
2885,2025-11-25,1,ETH,HIST,0.031232968804827486,13.927023194940979
2885,2025-11-26,2,ETH,GARCH,5.451490945117701,18.6979102775532
2885,2025-11-26,2,ETH,EWMA,5.451490945117701,13.935049302371615
2885,2025-11-26,2,ETH,HIST,5.451490945117701,13.927023194940979
2885,2025-11-27,3,ETH,GARCH,0.1929195165606292,19.224222286834433
2885,2025-11-27,3,ETH,EWMA,0.1929195165606292,13.935049302371615
2885,2025-11-27,3,ETH,HIST,0.1929195165606292,13.927023194940979
2885,2025-11-28,4,ETH,GARCH,0.34514249243963235,19.748151629101592
2885,2025-11-28,4,ETH,EWMA,0.34514249243963235,13.935049302371615
2885,2025-11-28,4,ETH,HIST,0.34514249243963235,13.927023194940979
2885,2025-11-29,5,ETH,GARCH,1.818721368028518,20.26970909092614
2885,2025-11-29,5,ETH,EWMA,1.818721368028518,13.935049302371615
2885,2025-11-29,5,ETH,HIST,1.818721368028518,13.927023194940979
2885,2025-11-30,6,ETH,GARCH,0.00020392119489403255,20.78890541004765
2885,2025-11-30,6,ETH,EWMA,0.00020392119489403255,13.935049302371615
2885,2025-11-30,6,ETH,HIST,0.00020392119489403255,13.927023194940979
2885,2025-12-01,7,ETH,GARCH,43.947318373490575,21.30575127559489
2885,2025-12-01,7,ETH,EWMA,43.947318373490575,13.935049302371615
2885,2025-12-01,7,ETH,HIST,43.947318373490575,13.927023194940979
2885,2025-12-02,8,ETH,GARCH,46.56476888377391,21.820257328305857
2885,2025-12-02,8,ETH,EWMA,46.56476888377391,13.935049302371615
2885,2025-12-02,8,ETH,HIST,46.56476888377391,13.927023194940979
2885,2025-12-03,9,ETH,GARCH,39.17286592536918,22.33243416074687
2885,2025-12-03,9,ETH,EWMA,39.17286592536918,13.935049302371615
2885,2025-12-03,9,ETH,HIST,39.17286592536918,13.927023194940979
2885,2025-12-04,10,ETH,GARCH,3.2769752098433464,22.84229231753065
2885,2025-12-04,10,ETH,EWMA,3.2769752098433464,13.935049302371615
2885,2025-12-04,10,ETH,HIST,3.2769752098433464,13.927023194940979
2895,2025-12-05,1,BTC,GARCH,9.207012886874832,9.180107452754598
2895,2025-12-05,1,BTC,EWMA,9.207012886874832,6.923028975660965
2895,2025-12-05,1,BTC,HIST,9.207012886874832,6.4754291101266235
2895,2025-12-06,2,BTC,GARCH,0.016683495509174515,9.323922432629745
2895,2025-12-06,2,BTC,EWMA,0.016683495509174515,6.923028975660965
2895,2025-12-06,2,BTC,HIST,0.016683495509174515,6.4754291101266235
2895,2025-12-07,3,BTC,GARCH,1.5912743244535155,9.467737412504892
2895,2025-12-07,3,BTC,EWMA,1.5912743244535155,6.923028975660965
2895,2025-12-07,3,BTC,HIST,1.5912743244535155,6.4754291101266235
2895,2025-12-08,4,BTC,GARCH,0.0671429660579698,9.61155239238004
2895,2025-12-08,4,BTC,EWMA,0.0671429660579698,6.923028975660965
2895,2025-12-08,4,BTC,HIST,0.0671429660579698,6.4754291101266235
2895,2025-12-09,5,BTC,GARCH,5.009177865938715,9.755367372255186
2895,2025-12-09,5,BTC,EWMA,5.009177865938715,6.923028975660965
2895,2025-12-09,5,BTC,HIST,5.009177865938715,6.4754291101266235
2895,2025-12-10,6,BTC,GARCH,0.5274874095816026,9.899182352130333
2895,2025-12-10,6,BTC,EWMA,0.5274874095816026,6.923028975660965
2895,2025-12-10,6,BTC,HIST,0.5274874095816026,6.4754291101266235
2895,2025-12-11,7,BTC,GARCH,0.28248907250495076,10.04299733200548
2895,2025-12-11,7,BTC,EWMA,0.28248907250495076,6.923028975660965
2895,2025-12-11,7,BTC,HIST,0.28248907250495076,6.4754291101266235
2895,2025-12-12,8,BTC,GARCH,6.013001100337659,10.186812311880628
2895,2025-12-12,8,BTC,EWMA,6.013001100337659,6.923028975660965
2895,2025-12-12,8,BTC,HIST,6.013001100337659,6.4754291101266235
2895,2025-12-13,9,BTC,GARCH,0.000982313163825382,10.330627291755775
2895,2025-12-13,9,BTC,EWMA,0.000982313163825382,6.923028975660965
2895,2025-12-13,9,BTC,HIST,0.000982313163825382,6.4754291101266235
2895,2025-12-14,10,BTC,GARCH,5.663291458769973,10.474442271630924
2895,2025-12-14,10,BTC,EWMA,5.663291458769973,6.923028975660965
2895,2025-12-14,10,BTC,HIST,5.663291458769973,6.4754291101266235
2895,2025-12-05,1,ETH,GARCH,12.735982292590494,21.067112680225563
2895,2025-12-05,1,ETH,EWMA,12.735982292590494,14.872735839446834
2895,2025-12-05,1,ETH,HIST,12.735982292590494,12.888248449365342
2895,2025-12-06,2,ETH,GARCH,0.27063575165016984,21.593202773840563
2895,2025-12-06,2,ETH,EWMA,0.27063575165016984,14.872735839446834
2895,2025-12-06,2,ETH,HIST,0.27063575165016984,12.888248449365342
2895,2025-12-07,3,ETH,GARCH,0.47808652949314534,22.116872367218157
2895,2025-12-07,3,ETH,EWMA,0.47808652949314534,14.872735839446834
2895,2025-12-07,3,ETH,HIST,0.47808652949314534,12.888248449365342
2895,2025-12-08,4,ETH,GARCH,4.267283401739028,22.6381325968946
2895,2025-12-08,4,ETH,EWMA,4.267283401739028,14.872735839446834
2895,2025-12-08,4,ETH,HIST,4.267283401739028,12.888248449365342
2895,2025-12-09,5,ETH,GARCH,36.96995861530038,23.156994548167795
2895,2025-12-09,5,ETH,EWMA,36.96995861530038,14.872735839446834
2895,2025-12-09,5,ETH,HIST,36.96995861530038,12.888248449365342
2895,2025-12-10,6,ETH,GARCH,0.016549139736987604,23.673469255333032
2895,2025-12-10,6,ETH,EWMA,0.016549139736987604,14.872735839446834
2895,2025-12-10,6,ETH,HIST,0.016549139736987604,12.888248449365342
2895,2025-12-11,7,ETH,GARCH,7.248185018397243,24.18756770191766
2895,2025-12-11,7,ETH,EWMA,7.248185018397243,14.872735839446834
2895,2025-12-11,7,ETH,HIST,7.248185018397243,12.888248449365342
2895,2025-12-12,8,ETH,GARCH,23.407332822624873,24.699300820914658
2895,2025-12-12,8,ETH,EWMA,23.407332822624873,14.872735839446834
2895,2025-12-12,8,ETH,HIST,23.407332822624873,12.888248449365342
2895,2025-12-13,9,ETH,GARCH,1.1003638547385013,25.20867949501514
2895,2025-12-13,9,ETH,EWMA,1.1003638547385013,14.872735839446834
2895,2025-12-13,9,ETH,HIST,1.1003638547385013,12.888248449365342
2895,2025-12-14,10,ETH,GARCH,3.299306635425273,25.715714556839792
2895,2025-12-14,10,ETH,EWMA,3.299306635425273,14.872735839446834
2895,2025-12-14,10,ETH,HIST,3.299306635425273,12.888248449365342
2905,2025-12-15,1,BTC,GARCH,4.043684509382431,6.810364472863894
2905,2025-12-15,1,BTC,EWMA,4.043684509382431,5.028687469098067
2905,2025-12-15,1,BTC,HIST,4.043684509382431,5.235022534111413
2905,2025-12-16,2,BTC,GARCH,2.6718311595075996,6.952396277598364
2905,2025-12-16,2,BTC,EWMA,2.6718311595075996,5.028687469098067
2905,2025-12-16,2,BTC,HIST,2.6718311595075996,5.235022534111413
2905,2025-12-17,3,BTC,GARCH,3.8200049859485037,7.094428082332834
2905,2025-12-17,3,BTC,EWMA,3.8200049859485037,5.028687469098067
2905,2025-12-17,3,BTC,HIST,3.8200049859485037,5.235022534111413
2905,2025-12-18,4,BTC,GARCH,0.6303928861828678,7.236459887067303
2905,2025-12-18,4,BTC,EWMA,0.6303928861828678,5.028687469098067
2905,2025-12-18,4,BTC,HIST,0.6303928861828678,5.235022534111413
2905,2025-12-19,5,BTC,GARCH,9.261769213311489,7.3784916918017736
2905,2025-12-19,5,BTC,EWMA,9.261769213311489,5.028687469098067
2905,2025-12-19,5,BTC,HIST,9.261769213311489,5.235022534111413
2905,2025-12-20,6,BTC,GARCH,0.07438465962320023,7.520523496536244
2905,2025-12-20,6,BTC,EWMA,0.07438465962320023,5.028687469098067
2905,2025-12-20,6,BTC,HIST,0.07438465962320023,5.235022534111413
2905,2025-12-21,7,BTC,GARCH,0.0985349720495797,7.6625553012707135
2905,2025-12-21,7,BTC,EWMA,0.0985349720495797,5.028687469098067
2905,2025-12-21,7,BTC,HIST,0.0985349720495797,5.235022534111413
2905,2025-12-22,8,BTC,GARCH,0.022129090099136803,7.804587106005183
2905,2025-12-22,8,BTC,EWMA,0.022129090099136803,5.028687469098067
2905,2025-12-22,8,BTC,HIST,0.022129090099136803,5.235022534111413
2905,2025-12-23,9,BTC,GARCH,1.4967748362447761,7.9466189107396525
2905,2025-12-23,9,BTC,EWMA,1.4967748362447761,5.028687469098067
2905,2025-12-23,9,BTC,HIST,1.4967748362447761,5.235022534111413
2905,2025-12-24,10,BTC,GARCH,0.0511698830057465,8.088650715474122
2905,2025-12-24,10,BTC,EWMA,0.0511698830057465,5.028687469098067
2905,2025-12-24,10,BTC,HIST,0.0511698830057465,5.235022534111413
2905,2025-12-15,1,ETH,GARCH,10.244973509918873,15.800618800566008
2905,2025-12-15,1,ETH,EWMA,10.244973509918873,12.144586565684452
2905,2025-12-15,1,ETH,HIST,10.244973509918873,11.443367853208606
2905,2025-12-16,2,ETH,GARCH,5.494844285048248e-09,16.336602825764842
2905,2025-12-16,2,ETH,EWMA,5.494844285048248e-09,12.144586565684452
2905,2025-12-16,2,ETH,HIST,5.494844285048248e-09,11.443367853208606
2905,2025-12-17,3,ETH,GARCH,21.002232597829995,16.8699727011103
2905,2025-12-17,3,ETH,EWMA,21.002232597829995,12.144586565684452
2905,2025-12-17,3,ETH,HIST,21.002232597829995,11.443367853208606
2905,2025-12-18,4,ETH,GARCH,0.023471143746664983,17.400741176570914
2905,2025-12-18,4,ETH,EWMA,0.023471143746664983,12.144586565684452
2905,2025-12-18,4,ETH,HIST,0.023471143746664983,11.443367853208606
2905,2025-12-19,5,ETH,GARCH,27.041641208749734,17.928920939929917
2905,2025-12-19,5,ETH,EWMA,27.041641208749734,12.144586565684452
2905,2025-12-19,5,ETH,HIST,27.041641208749734,11.443367853208606
2905,2025-12-20,6,ETH,GARCH,0.0001699378521915632,18.454524617088534
2905,2025-12-20,6,ETH,EWMA,0.0001699378521915632,12.144586565684452
2905,2025-12-20,6,ETH,HIST,0.0001699378521915632,11.443367853208606
2905,2025-12-21,7,ETH,GARCH,0.6461476502320052,18.977564772367803
2905,2025-12-21,7,ETH,EWMA,0.6461476502320052,12.144586565684452
2905,2025-12-21,7,ETH,HIST,0.6461476502320052,11.443367853208606
2905,2025-12-22,8,ETH,GARCH,0.02204487257217562,19.498053908808913
2905,2025-12-22,8,ETH,EWMA,0.02204487257217562,12.144586565684452
2905,2025-12-22,8,ETH,HIST,0.02204487257217562,11.443367853208606
2905,2025-12-23,9,ETH,GARCH,2.046709876579059,20.016004468472094
2905,2025-12-23,9,ETH,EWMA,2.046709876579059,12.144586565684452
2905,2025-12-23,9,ETH,HIST,2.046709876579059,11.443367853208606
2905,2025-12-24,10,ETH,GARCH,0.36230284161756515,20.531428832734026
2905,2025-12-24,10,ETH,EWMA,0.36230284161756515,12.144586565684452
2905,2025-12-24,10,ETH,HIST,0.36230284161756515,11.443367853208606
2915,2025-12-25,1,BTC,GARCH,0.1861799831426862,5.184695121804639
2915,2025-12-25,1,BTC,EWMA,0.1861799831426862,3.62488371242757
2915,2025-12-25,1,BTC,HIST,0.1861799831426862,4.221222537249354
2915,2025-12-26,2,BTC,GARCH,0.005839531621806062,5.324868761396252
2915,2025-12-26,2,BTC,EWMA,0.005839531621806062,3.62488371242757
2915,2025-12-26,2,BTC,HIST,0.005839531621806062,4.221222537249354
2915,2025-12-27,3,BTC,GARCH,0.32709472442695425,5.4650424009878655
2915,2025-12-27,3,BTC,EWMA,0.32709472442695425,3.62488371242757
2915,2025-12-27,3,BTC,HIST,0.32709472442695425,4.221222537249354
2915,2025-12-28,4,BTC,GARCH,0.0014708188284184964,5.60521604057948
2915,2025-12-28,4,BTC,EWMA,0.0014708188284184964,3.62488371242757
2915,2025-12-28,4,BTC,HIST,0.0014708188284184964,4.221222537249354
2915,2025-12-29,5,BTC,GARCH,0.6359885268951083,5.745389680171093
2915,2025-12-29,5,BTC,EWMA,0.6359885268951083,3.62488371242757
2915,2025-12-29,5,BTC,HIST,0.6359885268951083,4.221222537249354
2915,2025-12-30,6,BTC,GARCH,2.1662240310912666,5.885563319762706
2915,2025-12-30,6,BTC,EWMA,2.1662240310912666,3.62488371242757
2915,2025-12-30,6,BTC,HIST,2.1662240310912666,4.221222537249354
2915,2025-12-31,7,BTC,GARCH,1.0968580998029969,6.02573695935432
2915,2025-12-31,7,BTC,EWMA,1.0968580998029969,3.62488371242757
2915,2025-12-31,7,BTC,HIST,1.0968580998029969,4.221222537249354
2915,2026-01-01,8,BTC,GARCH,1.9267476695516192,6.165910598945933
2915,2026-01-01,8,BTC,EWMA,1.9267476695516192,3.62488371242757
2915,2026-01-01,8,BTC,HIST,1.9267476695516192,4.221222537249354
2915,2026-01-02,9,BTC,GARCH,1.842689542195524,6.306084238537546
2915,2026-01-02,9,BTC,EWMA,1.842689542195524,3.62488371242757
2915,2026-01-02,9,BTC,HIST,1.842689542195524,4.221222537249354
2915,2026-01-03,10,BTC,GARCH,0.5320841180863087,6.44625787812916
2915,2026-01-03,10,BTC,EWMA,0.5320841180863087,3.62488371242757
2915,2026-01-03,10,BTC,HIST,0.5320841180863087,4.221222537249354
2915,2025-12-25,1,ETH,GARCH,2.063536575827256,11.511896684199485
2915,2025-12-25,1,ETH,EWMA,2.063536575827256,9.072925279700092
2915,2025-12-25,1,ETH,HIST,2.063536575827256,9.732769096868989
2915,2025-12-26,2,ETH,GARCH,0.578366167920615,12.064645573770386
2915,2025-12-26,2,ETH,EWMA,0.578366167920615,9.072925279700092
2915,2025-12-26,2,ETH,HIST,0.578366167920615,9.732769096868989
2915,2025-12-27,3,ETH,GARCH,0.5741151340434538,12.61482024850876
2915,2025-12-27,3,ETH,EWMA,0.5741151340434538,9.072925279700092
2915,2025-12-27,3,ETH,HIST,0.5741151340434538,9.732769096868989
2915,2025-12-28,4,ETH,GARCH,0.00037354541814955955,13.162432696827665
2915,2025-12-28,4,ETH,EWMA,0.00037354541814955955,9.072925279700092
2915,2025-12-28,4,ETH,HIST,0.00037354541814955955,9.732769096868989
2915,2025-12-29,5,ETH,GARCH,0.22748369108859195,13.707494851308741
2915,2025-12-29,5,ETH,EWMA,0.22748369108859195,9.072925279700092
2915,2025-12-29,5,ETH,HIST,0.22748369108859195,9.732769096868989
2915,2025-12-30,6,ETH,GARCH,1.5596802266753251,14.250018588962238
2915,2025-12-30,6,ETH,EWMA,1.5596802266753251,9.072925279700092
2915,2025-12-30,6,ETH,HIST,1.5596802266753251,9.732769096868989
2915,2025-12-31,7,ETH,GARCH,0.021751690999073175,14.790015731485802
2915,2025-12-31,7,ETH,EWMA,0.021751690999073175,9.072925279700092
2915,2025-12-31,7,ETH,HIST,0.021751690999073175,9.732769096868989
2915,2026-01-01,8,ETH,GARCH,1.2498560034204687,15.327498045522086
2915,2026-01-01,8,ETH,EWMA,1.2498560034204687,9.072925279700092
2915,2026-01-01,8,ETH,HIST,1.2498560034204687,9.732769096868989
2915,2026-01-02,9,ETH,GARCH,16.40719138849303,15.862477242915137
2915,2026-01-02,9,ETH,EWMA,16.40719138849303,9.072925279700092
2915,2026-01-02,9,ETH,HIST,16.40719138849303,9.732769096868989
2915,2026-01-03,10,ETH,GARCH,0.0022880279951981402,16.39496498096561
2915,2026-01-03,10,ETH,EWMA,0.0022880279951981402,9.072925279700092
2915,2026-01-03,10,ETH,HIST,0.0022880279951981402,9.732769096868989
2925,2026-01-04,1,BTC,GARCH,0.7927569468311262,3.840784089521973
2925,2026-01-04,1,BTC,EWMA,0.7927569468311262,2.393964297179966
2925,2026-01-04,1,BTC,HIST,0.7927569468311262,1.9725298925537855
2925,2026-01-05,2,BTC,GARCH,7.103023659718426,3.9782780356747165
2925,2026-01-05,2,BTC,EWMA,7.103023659718426,2.393964297179966
2925,2026-01-05,2,BTC,HIST,7.103023659718426,1.9725298925537855
2925,2026-01-06,3,BTC,GARCH,0.026784913477712027,4.11577198182746
2925,2026-01-06,3,BTC,EWMA,0.026784913477712027,2.393964297179966
2925,2026-01-06,3,BTC,HIST,0.026784913477712027,1.9725298925537855
2925,2026-01-07,4,BTC,GARCH,6.8481484693953325,4.253265927980203
2925,2026-01-07,4,BTC,EWMA,6.8481484693953325,2.393964297179966
2925,2026-01-07,4,BTC,HIST,6.8481484693953325,1.9725298925537855
2925,2026-01-08,5,BTC,GARCH,0.09495438211147621,4.390759874132946
2925,2026-01-08,5,BTC,EWMA,0.09495438211147621,2.393964297179966
2925,2026-01-08,5,BTC,HIST,0.09495438211147621,1.9725298925537855
2925,2026-01-09,6,BTC,GARCH,0.32068777878193117,4.5282538202856895
2925,2026-01-09,6,BTC,EWMA,0.32068777878193117,2.393964297179966
2925,2026-01-09,6,BTC,HIST,0.32068777878193117,1.9725298925537855
2925,2026-01-10,7,BTC,GARCH,0.019545344621522506,4.665747766438432
2925,2026-01-10,7,BTC,EWMA,0.019545344621522506,2.393964297179966
2925,2026-01-10,7,BTC,HIST,0.019545344621522506,1.9725298925537855
2925,2026-01-11,8,BTC,GARCH,0.23669304080005943,4.803241712591175
2925,2026-01-11,8,BTC,EWMA,0.23669304080005943,2.393964297179966
2925,2026-01-11,8,BTC,HIST,0.23669304080005943,1.9725298925537855
2925,2026-01-12,9,BTC,GARCH,0.16131316037378324,4.940735658743918
2925,2026-01-12,9,BTC,EWMA,0.16131316037378324,2.393964297179966
2925,2026-01-12,9,BTC,HIST,0.16131316037378324,1.9725298925537855
2925,2026-01-13,10,BTC,GARCH,19.607436424689347,5.078229604896661
2925,2026-01-13,10,BTC,EWMA,19.607436424689347,2.393964297179966
2925,2026-01-13,10,BTC,HIST,19.607436424689347,1.9725298925537855
2925,2026-01-04,1,ETH,GARCH,0.22289712373524345,8.790183565239097
2925,2026-01-04,1,ETH,EWMA,0.22289712373524345,6.077194614519108
2925,2026-01-04,1,ETH,HIST,0.22289712373524345,5.795520672973322
2925,2026-01-05,2,ETH,GARCH,7.200828476302304,9.365750727602581
2925,2026-01-05,2,ETH,EWMA,7.200828476302304,6.077194614519108
2925,2026-01-05,2,ETH,HIST,7.200828476302304,5.795520672973322
2925,2026-01-06,3,ETH,GARCH,4.583912158254393,9.939402615262583
2925,2026-01-06,3,ETH,EWMA,4.583912158254393,6.077194614519108
2925,2026-01-06,3,ETH,HIST,4.583912158254393,5.795520672973322
2925,2026-01-07,4,ETH,GARCH,15.966383872367315,10.511145601545154
2925,2026-01-07,4,ETH,EWMA,15.966383872367315,6.077194614519108
2925,2026-01-07,4,ETH,HIST,15.966383872367315,5.795520672973322
2925,2026-01-08,5,ETH,GARCH,3.968327616949394,11.08098603856827
2925,2026-01-08,5,ETH,EWMA,3.968327616949394,6.077194614519108
2925,2026-01-08,5,ETH,HIST,3.968327616949394,5.795520672973322
2925,2026-01-09,6,ETH,GARCH,0.4756050563410127,11.648930257312411
2925,2026-01-09,6,ETH,EWMA,0.4756050563410127,6.077194614519108
2925,2026-01-09,6,ETH,HIST,0.4756050563410127,5.795520672973322
2925,2026-01-10,7,ETH,GARCH,0.0004461260054261523,12.214984567690893
2925,2026-01-10,7,ETH,EWMA,0.0004461260054261523,6.077194614519108
2925,2026-01-10,7,ETH,HIST,0.0004461260054261523,5.795520672973322
2925,2026-01-11,8,ETH,GARCH,1.3849599625108333,12.779155258619971
2925,2026-01-11,8,ETH,EWMA,1.3849599625108333,6.077194614519108
2925,2026-01-11,8,ETH,HIST,1.3849599625108333,5.795520672973322
2925,2026-01-12,9,ETH,GARCH,0.7314267752627596,13.341448598088718
2925,2026-01-12,9,ETH,EWMA,0.7314267752627596,6.077194614519108
2925,2026-01-12,9,ETH,HIST,0.7314267752627596,5.795520672973322
2925,2026-01-13,10,ETH,GARCH,51.36939780926333,13.90187083322865
2925,2026-01-13,10,ETH,EWMA,51.36939780926333,6.077194614519108
2925,2026-01-13,10,ETH,HIST,51.36939780926333,5.795520672973322
2935,2026-01-14,1,BTC,GARCH,2.7968541358707135,4.8774759220168615
2935,2026-01-14,1,BTC,EWMA,2.7968541358707135,3.0792397034854213
2935,2026-01-14,1,BTC,HIST,2.7968541358707135,2.135956298346931
2935,2026-01-15,2,BTC,GARCH,2.050634961904596,5.015413743468401
2935,2026-01-15,2,BTC,EWMA,2.050634961904596,3.0792397034854213
2935,2026-01-15,2,BTC,HIST,2.050634961904596,2.135956298346931
2935,2026-01-16,3,BTC,GARCH,0.000744627040814197,5.153351564919941
2935,2026-01-16,3,BTC,EWMA,0.000744627040814197,3.0792397034854213
2935,2026-01-16,3,BTC,HIST,0.000744627040814197,2.135956298346931
2935,2026-01-17,4,BTC,GARCH,0.19901163906489913,5.2912893863714805
2935,2026-01-17,4,BTC,EWMA,0.19901163906489913,3.0792397034854213
2935,2026-01-17,4,BTC,HIST,0.19901163906489913,2.135956298346931
2935,2026-01-18,5,BTC,GARCH,2.4118070302141517,5.42922720782302
2935,2026-01-18,5,BTC,EWMA,2.4118070302141517,3.0792397034854213
2935,2026-01-18,5,BTC,HIST,2.4118070302141517,2.135956298346931
2935,2026-01-19,6,BTC,GARCH,1.347987354661812,5.567165029274561
2935,2026-01-19,6,BTC,EWMA,1.347987354661812,3.0792397034854213
2935,2026-01-19,6,BTC,HIST,1.347987354661812,2.135956298346931
2935,2026-01-20,7,BTC,GARCH,22.01885712450016,5.7051028507261
2935,2026-01-20,7,BTC,EWMA,22.01885712450016,3.0792397034854213
2935,2026-01-20,7,BTC,HIST,22.01885712450016,2.135956298346931
2935,2026-01-21,8,BTC,GARCH,1.4398386669548484,5.84304067217764
2935,2026-01-21,8,BTC,EWMA,1.4398386669548484,3.0792397034854213
2935,2026-01-21,8,BTC,HIST,1.4398386669548484,2.135956298346931
2935,2026-01-22,9,BTC,GARCH,0.009140847005739253,5.98097849362918
2935,2026-01-22,9,BTC,EWMA,0.009140847005739253,3.0792397034854213
2935,2026-01-22,9,BTC,HIST,0.009140847005739253,2.135956298346931
2935,2026-01-23,10,BTC,GARCH,0.0021427764216898865,6.118916315080719
2935,2026-01-23,10,BTC,EWMA,0.0021427764216898865,3.0792397034854213
2935,2026-01-23,10,BTC,HIST,0.0021427764216898865,2.135956298346931
2935,2026-01-14,1,ETH,GARCH,0.9551846864824239,13.862744813238168
2935,2026-01-14,1,ETH,EWMA,0.9551846864824239,7.777419084974448
2935,2026-01-14,1,ETH,HIST,0.9551846864824239,5.5912642002291095
2935,2026-01-15,2,ETH,GARCH,1.2718869461064104,14.422222616289732
2935,2026-01-15,2,ETH,EWMA,1.2718869461064104,7.777419084974448
2935,2026-01-15,2,ETH,HIST,1.2718869461064104,5.5912642002291095
2935,2026-01-16,3,ETH,GARCH,0.4275605246871136,14.979540548087144
2935,2026-01-16,3,ETH,EWMA,0.4275605246871136,7.777419084974448
2935,2026-01-16,3,ETH,HIST,0.4275605246871136,5.5912642002291095
2935,2026-01-17,4,ETH,GARCH,0.1642285793147055,15.534706946841155
2935,2026-01-17,4,ETH,EWMA,0.1642285793147055,7.777419084974448
2935,2026-01-17,4,ETH,HIST,0.1642285793147055,5.5912642002291095
2935,2026-01-18,5,ETH,GARCH,0.7070596691547508,16.087730118572754
2935,2026-01-18,5,ETH,EWMA,0.7070596691547508,7.777419084974448
2935,2026-01-18,5,ETH,HIST,0.7070596691547508,5.5912642002291095
2935,2026-01-19,6,ETH,GARCH,8.546960299288626,16.638618337237425
2935,2026-01-19,6,ETH,EWMA,8.546960299288626,7.777419084974448
2935,2026-01-19,6,ETH,HIST,8.546960299288626,5.5912642002291095
2935,2026-01-20,7,ETH,GARCH,67.31764263151844,17.187379844848937
2935,2026-01-20,7,ETH,EWMA,67.31764263151844,7.777419084974448
2935,2026-01-20,7,ETH,HIST,67.31764263151844,5.5912642002291095
2935,2026-01-21,8,ETH,GARCH,2.1434933802092373,17.734022851602663
2935,2026-01-21,8,ETH,EWMA,2.1434933802092373,7.777419084974448
2935,2026-01-21,8,ETH,HIST,2.1434933802092373,5.5912642002291095
2935,2026-01-22,9,ETH,GARCH,0.9748845190702594,18.278555535998414
2935,2026-01-22,9,ETH,EWMA,0.9748845190702594,7.777419084974448
2935,2026-01-22,9,ETH,HIST,0.9748845190702594,5.5912642002291095
2935,2026-01-23,10,ETH,GARCH,0.015068800306314861,18.82098604496279
2935,2026-01-23,10,ETH,EWMA,0.015068800306314861,7.777419084974448
2935,2026-01-23,10,ETH,HIST,0.015068800306314861,5.5912642002291095
2945,2026-01-24,1,BTC,GARCH,0.1937863957163817,5.072037272818799
2945,2026-01-24,1,BTC,EWMA,0.1937863957163817,3.1815844182139412
2945,2026-01-24,1,BTC,HIST,0.1937863957163817,2.5352464863235364
2945,2026-01-25,2,BTC,GARCH,8.352584580145612,5.208908628173582
2945,2026-01-25,2,BTC,EWMA,8.352584580145612,3.1815844182139412
2945,2026-01-25,2,BTC,HIST,8.352584580145612,2.5352464863235364
2945,2026-01-26,3,BTC,GARCH,3.7593101570233025,5.345779983528364
2945,2026-01-26,3,BTC,EWMA,3.7593101570233025,3.1815844182139412
2945,2026-01-26,3,BTC,HIST,3.7593101570233025,2.5352464863235364
2945,2026-01-27,4,BTC,GARCH,0.8874161055320154,5.482651338883146
2945,2026-01-27,4,BTC,EWMA,0.8874161055320154,3.1815844182139412
2945,2026-01-27,4,BTC,HIST,0.8874161055320154,2.5352464863235364
2945,2026-01-28,5,BTC,GARCH,0.008461506993571991,5.619522694237929
2945,2026-01-28,5,BTC,EWMA,0.008461506993571991,3.1815844182139412
2945,2026-01-28,5,BTC,HIST,0.008461506993571991,2.5352464863235364
2945,2026-01-29,6,BTC,GARCH,28.332146084093058,5.756394049592712
2945,2026-01-29,6,BTC,EWMA,28.332146084093058,3.1815844182139412
2945,2026-01-29,6,BTC,HIST,28.332146084093058,2.5352464863235364
2945,2026-01-30,7,BTC,GARCH,0.2634612273502161,5.8932654049474955
2945,2026-01-30,7,BTC,EWMA,0.2634612273502161,3.1815844182139412
2945,2026-01-30,7,BTC,HIST,0.2634612273502161,2.5352464863235364
2945,2026-01-31,8,BTC,GARCH,45.84226917303214,6.030136760302279
2945,2026-01-31,8,BTC,EWMA,45.84226917303214,3.1815844182139412
2945,2026-01-31,8,BTC,HIST,45.84226917303214,2.5352464863235364
2945,2026-02-01,9,BTC,GARCH,4.480352064849692,6.167008115657062
2945,2026-02-01,9,BTC,EWMA,4.480352064849692,3.1815844182139412
2945,2026-02-01,9,BTC,HIST,4.480352064849692,2.5352464863235364
2945,2026-02-02,10,BTC,GARCH,4.8518468299309,6.303879471011845
2945,2026-02-02,10,BTC,EWMA,4.8518468299309,3.1815844182139412
2945,2026-02-02,10,BTC,HIST,4.8518468299309,2.5352464863235364
2945,2026-01-24,1,ETH,GARCH,0.02341520256344188,13.986215043340717
2945,2026-01-24,1,ETH,EWMA,0.02341520256344188,8.247647302450785
2945,2026-01-24,1,ETH,HIST,0.02341520256344188,6.370351524431826
2945,2026-01-25,2,ETH,GARCH,21.247902259215376,14.52661552291941
2945,2026-01-25,2,ETH,EWMA,21.247902259215376,8.247647302450785
2945,2026-01-25,2,ETH,HIST,21.247902259215376,6.370351524431826
2945,2026-01-26,3,ETH,GARCH,14.829991792509785,15.065478107940534
2945,2026-01-26,3,ETH,EWMA,14.829991792509785,8.247647302450785
2945,2026-01-26,3,ETH,HIST,14.829991792509785,6.370351524431826
2945,2026-01-27,4,ETH,GARCH,10.365936874221687,15.60280717500951
2945,2026-01-27,4,ETH,EWMA,10.365936874221687,8.247647302450785
2945,2026-01-27,4,ETH,HIST,10.365936874221687,6.370351524431826
2945,2026-01-28,5,ETH,GARCH,0.26794302275335447,16.138607088276633
2945,2026-01-28,5,ETH,EWMA,0.26794302275335447,8.247647302450785
2945,2026-01-28,5,ETH,HIST,0.26794302275335447,6.370351524431826
2945,2026-01-29,6,ETH,GARCH,41.86396221949742,16.672882199472518
2945,2026-01-29,6,ETH,EWMA,41.86396221949742,8.247647302450785
2945,2026-01-29,6,ETH,HIST,41.86396221949742,6.370351524431826
2945,2026-01-30,7,ETH,GARCH,17.622253558975878,17.205636847943435
2945,2026-01-30,7,ETH,EWMA,17.622253558975878,8.247647302450785
2945,2026-01-30,7,ETH,HIST,17.622253558975878,6.370351524431826
2945,2026-01-31,8,ETH,GARCH,100.09690222227803,17.73687536068656
2945,2026-01-31,8,ETH,EWMA,100.09690222227803,8.247647302450785
2945,2026-01-31,8,ETH,HIST,100.09690222227803,6.370351524431826
2945,2026-02-01,9,ETH,GARCH,56.55007243363626,18.266602052385124
2945,2026-02-01,9,ETH,EWMA,56.55007243363626,8.247647302450785
2945,2026-02-01,9,ETH,HIST,56.55007243363626,6.370351524431826
2945,2026-02-02,10,ETH,GARCH,10.974741006620524,18.79482122544344
2945,2026-02-02,10,ETH,EWMA,10.974741006620524,8.247647302450785
2945,2026-02-02,10,ETH,HIST,10.974741006620524,6.370351524431826
2955,2026-02-03,1,BTC,GARCH,15.681971747185704,9.236988510306466
2955,2026-02-03,1,BTC,EWMA,15.681971747185704,6.5236983558753545
2955,2026-02-03,1,BTC,HIST,15.681971747185704,5.261134383094047
2955,2026-02-04,2,BTC,GARCH,12.369722257226982,9.380412397251387
2955,2026-02-04,2,BTC,EWMA,12.369722257226982,6.5236983558753545
2955,2026-02-04,2,BTC,HIST,12.369722257226982,5.261134383094047
2955,2026-02-05,3,BTC,GARCH,232.05771869986566,9.523836284196307
2955,2026-02-05,3,BTC,EWMA,232.05771869986566,6.5236983558753545
2955,2026-02-05,3,BTC,HIST,232.05771869986566,5.261134383094047
2955,2026-02-06,4,BTC,GARCH,139.24750828421878,9.667260171141226
2955,2026-02-06,4,BTC,EWMA,139.24750828421878,6.5236983558753545
2955,2026-02-06,4,BTC,HIST,139.24750828421878,5.261134383094047
2955,2026-02-07,5,BTC,GARCH,3.3172804201947503,9.810684058086148
2955,2026-02-07,5,BTC,EWMA,3.3172804201947503,6.5236983558753545
2955,2026-02-07,5,BTC,HIST,3.3172804201947503,5.261134383094047
2955,2026-02-08,6,BTC,GARCH,1.9839386992893642,9.954107945031067
2955,2026-02-08,6,BTC,EWMA,1.9839386992893642,6.5236983558753545
2955,2026-02-08,6,BTC,HIST,1.9839386992893642,5.261134383094047
2955,2026-02-09,7,BTC,GARCH,0.04205433741902724,10.097531831975987
2955,2026-02-09,7,BTC,EWMA,0.04205433741902724,6.5236983558753545
2955,2026-02-09,7,BTC,HIST,0.04205433741902724,5.261134383094047
2955,2026-02-10,8,BTC,GARCH,3.64933686416069,10.240955718920908
2955,2026-02-10,8,BTC,EWMA,3.64933686416069,6.5236983558753545
2955,2026-02-10,8,BTC,HIST,3.64933686416069,5.261134383094047
2955,2026-02-11,9,BTC,GARCH,7.045425923290636,10.384379605865828
2955,2026-02-11,9,BTC,EWMA,7.045425923290636,6.5236983558753545
2955,2026-02-11,9,BTC,HIST,7.045425923290636,5.261134383094047
2955,2026-02-12,10,BTC,GARCH,1.336883601228924,10.527803492810747
2955,2026-02-12,10,BTC,EWMA,1.336883601228924,6.5236983558753545
2955,2026-02-12,10,BTC,HIST,1.336883601228924,5.261134383094047
2955,2026-02-03,1,ETH,GARCH,26.11694151559766,30.74931037962824
2955,2026-02-03,1,ETH,EWMA,26.11694151559766,18.23208500431379
2955,2026-02-03,1,ETH,HIST,26.11694151559766,13.822587426764853
2955,2026-02-04,2,ETH,GARCH,14.795062985171032,31.26843497779029
2955,2026-02-04,2,ETH,EWMA,14.795062985171032,18.23208500431379
2955,2026-02-04,2,ETH,HIST,14.795062985171032,13.822587426764853
2955,2026-02-05,3,ETH,GARCH,264.6513585841183,31.785641878097785
2955,2026-02-05,3,ETH,EWMA,264.6513585841183,18.23208500431379
2955,2026-02-05,3,ETH,HIST,264.6513585841183,13.822587426764853
2955,2026-02-06,4,ETH,GARCH,155.2215290812346,32.300938164717174
2955,2026-02-06,4,ETH,EWMA,155.2215290812346,18.23208500431379
2955,2026-02-06,4,ETH,HIST,155.2215290812346,13.822587426764853
2955,2026-02-07,5,ETH,GARCH,1.7103598974786847,32.81433089564529
2955,2026-02-07,5,ETH,EWMA,1.7103598974786847,18.23208500431379
2955,2026-02-07,5,ETH,HIST,1.7103598974786847,13.822587426764853
2955,2026-02-08,6,ETH,GARCH,0.007307967668818417,33.32582710280603
2955,2026-02-08,6,ETH,EWMA,0.007307967668818417,18.23208500431379
2955,2026-02-08,6,ETH,HIST,0.007307967668818417,13.822587426764853
2955,2026-02-09,7,ETH,GARCH,0.49882826304930494,33.83543379214666
2955,2026-02-09,7,ETH,EWMA,0.49882826304930494,18.23208500431379
2955,2026-02-09,7,ETH,HIST,0.49882826304930494,13.822587426764853
2955,2026-02-10,8,ETH,GARCH,16.635048602451292,34.34315794373377
2955,2026-02-10,8,ETH,EWMA,16.635048602451292,18.23208500431379
2955,2026-02-10,8,ETH,HIST,16.635048602451292,13.822587426764853
2955,2026-02-11,9,ETH,GARCH,15.872644520377627,34.84900651184892
2955,2026-02-11,9,ETH,EWMA,15.872644520377627,18.23208500431379
2955,2026-02-11,9,ETH,HIST,15.872644520377627,13.822587426764853
2955,2026-02-12,10,ETH,GARCH,0.10569367127746528,35.352986425083834
2955,2026-02-12,10,ETH,EWMA,0.10569367127746528,18.23208500431379
2955,2026-02-12,10,ETH,HIST,0.10569367127746528,13.822587426764853
2965,2026-02-13,1,BTC,GARCH,15.236351502276195,24.4438009244399
2965,2026-02-13,1,BTC,EWMA,15.236351502276195,20.210283963704743
2965,2026-02-13,1,BTC,HIST,15.236351502276195,16.725165585168313
2965,2026-02-14,2,BTC,GARCH,1.7229011890165713,24.595824856899398
2965,2026-02-14,2,BTC,EWMA,1.7229011890165713,20.210283963704743
2965,2026-02-14,2,BTC,HIST,1.7229011890165713,16.725165585168313
2965,2026-02-15,3,BTC,GARCH,1.9988417698922243,24.747848789358894
2965,2026-02-15,3,BTC,EWMA,1.9988417698922243,20.210283963704743
2965,2026-02-15,3,BTC,HIST,1.9988417698922243,16.725165585168313
2965,2026-02-16,4,BTC,GARCH,0.006380534475574543,24.89987272181839
2965,2026-02-16,4,BTC,EWMA,0.006380534475574543,20.210283963704743
2965,2026-02-16,4,BTC,HIST,0.006380534475574543,16.725165585168313
2965,2026-02-17,5,BTC,GARCH,3.915995064947523,25.051896654277886
2965,2026-02-17,5,BTC,EWMA,3.915995064947523,20.210283963704743
2965,2026-02-17,5,BTC,HIST,3.915995064947523,16.725165585168313
2965,2026-02-18,6,BTC,GARCH,2.5483755493937714,25.203920586737386
2965,2026-02-18,6,BTC,EWMA,2.5483755493937714,20.210283963704743
2965,2026-02-18,6,BTC,HIST,2.5483755493937714,16.725165585168313
2965,2026-02-19,7,BTC,GARCH,0.6368241089135528,25.355944519196882
2965,2026-02-19,7,BTC,EWMA,0.6368241089135528,20.210283963704743
2965,2026-02-19,7,BTC,HIST,0.6368241089135528,16.725165585168313
2965,2026-02-20,8,BTC,GARCH,2.4114970610370796,25.507968451656378
2965,2026-02-20,8,BTC,EWMA,2.4114970610370796,20.210283963704743
2965,2026-02-20,8,BTC,HIST,2.4114970610370796,16.725165585168313
2965,2026-02-21,9,BTC,GARCH,5.931646779088343e-06,25.659992384115878
2965,2026-02-21,9,BTC,EWMA,5.931646779088343e-06,20.210283963704743
2965,2026-02-21,9,BTC,HIST,5.931646779088343e-06,16.725165585168313
2965,2026-02-22,10,BTC,GARCH,0.257751532230008,25.812016316575377
2965,2026-02-22,10,BTC,EWMA,0.257751532230008,20.210283963704743
2965,2026-02-22,10,BTC,HIST,0.257751532230008,16.725165585168313
2965,2026-02-13,1,ETH,GARCH,25.869339628151224,38.368447801348275
2965,2026-02-13,1,ETH,EWMA,25.869339628151224,29.8652709914596
2965,2026-02-13,1,ETH,HIST,25.869339628151224,25.227001241622713
2965,2026-02-14,2,ETH,GARCH,3.287647814263677,38.8929999181872
2965,2026-02-14,2,ETH,EWMA,3.287647814263677,29.8652709914596
2965,2026-02-14,2,ETH,HIST,3.287647814263677,25.227001241622713
2965,2026-02-15,3,ETH,GARCH,35.08211932214309,39.415761445907826
2965,2026-02-15,3,ETH,EWMA,35.08211932214309,29.8652709914596
2965,2026-02-15,3,ETH,HIST,35.08211932214309,25.227001241622713
2965,2026-02-16,4,ETH,GARCH,2.586507655330758,39.93673849679011
2965,2026-02-16,4,ETH,EWMA,2.586507655330758,29.8652709914596
2965,2026-02-16,4,ETH,HIST,2.586507655330758,25.227001241622713
2965,2026-02-17,5,ETH,GARCH,0.08229944008483774,40.4559371622494
2965,2026-02-17,5,ETH,EWMA,0.08229944008483774,29.8652709914596
2965,2026-02-17,5,ETH,HIST,0.08229944008483774,25.227001241622713
2965,2026-02-18,6,ETH,GARCH,3.752512595830154,40.973363512907625
2965,2026-02-18,6,ETH,EWMA,3.752512595830154,29.8652709914596
2965,2026-02-18,6,ETH,HIST,3.752512595830154,25.227001241622713
2965,2026-02-19,7,ETH,GARCH,0.08755096624230921,41.489023598664296
2965,2026-02-19,7,ETH,EWMA,0.08755096624230921,29.8652709914596
2965,2026-02-19,7,ETH,HIST,0.08755096624230921,25.227001241622713
2965,2026-02-20,8,ETH,GARCH,1.130125620361189,42.00292344876725
2965,2026-02-20,8,ETH,EWMA,1.130125620361189,29.8652709914596
2965,2026-02-20,8,ETH,HIST,1.130125620361189,25.227001241622713
2965,2026-02-21,9,ETH,GARCH,0.05719979028566809,42.51506907188311
2965,2026-02-21,9,ETH,EWMA,0.05719979028566809,29.8652709914596
2965,2026-02-21,9,ETH,HIST,0.05719979028566809,25.227001241622713
2965,2026-02-22,10,ETH,GARCH,0.6568099180127819,43.025466456167614
2965,2026-02-22,10,ETH,EWMA,0.6568099180127819,29.8652709914596
2965,2026-02-22,10,ETH,HIST,0.6568099180127819,25.227001241622713
2975,2026-02-23,1,BTC,GARCH,21.171660890874772,13.373778521324267
2975,2026-02-23,1,BTC,EWMA,21.171660890874772,12.0173012642789
2975,2026-02-23,1,BTC,HIST,21.171660890874772,17.211439203412446
2975,2026-02-24,2,BTC,GARCH,0.6956411437879931,13.527925076863626
2975,2026-02-24,2,BTC,EWMA,0.6956411437879931,12.0173012642789
2975,2026-02-24,2,BTC,HIST,0.6956411437879931,17.211439203412446
2975,2026-02-25,3,BTC,GARCH,34.560480866776054,13.682071632402986
2975,2026-02-25,3,BTC,EWMA,34.560480866776054,12.0173012642789
2975,2026-02-25,3,BTC,HIST,34.560480866776054,17.211439203412446
2975,2026-02-26,4,BTC,GARCH,0.5592961968335367,13.836218187942345
2975,2026-02-26,4,BTC,EWMA,0.5592961968335367,12.0173012642789
2975,2026-02-26,4,BTC,HIST,0.5592961968335367,17.211439203412446
2975,2026-02-27,5,BTC,GARCH,5.560326891718694,13.990364743481704
2975,2026-02-27,5,BTC,EWMA,5.560326891718694,12.0173012642789
2975,2026-02-27,5,BTC,HIST,5.560326891718694,17.211439203412446
2975,2026-02-28,6,BTC,GARCH,2.8118719357823463,14.144511299021064
2975,2026-02-28,6,BTC,EWMA,2.8118719357823463,12.0173012642789
2975,2026-02-28,6,BTC,HIST,2.8118719357823463,17.211439203412446
2975,2026-03-01,7,BTC,GARCH,3.5918312749900045,14.298657854560423
2975,2026-03-01,7,BTC,EWMA,3.5918312749900045,12.0173012642789
2975,2026-03-01,7,BTC,HIST,3.5918312749900045,17.211439203412446
2975,2026-03-02,8,BTC,GARCH,20.406901623655997,14.452804410099782
2975,2026-03-02,8,BTC,EWMA,20.406901623655997,12.0173012642789
2975,2026-03-02,8,BTC,HIST,20.406901623655997,17.211439203412446
2975,2026-03-03,9,BTC,GARCH,0.49504189964624057,14.606950965639141
2975,2026-03-03,9,BTC,EWMA,0.49504189964624057,12.0173012642789
2975,2026-03-03,9,BTC,HIST,0.49504189964624057,17.211439203412446
2975,2026-03-04,10,BTC,GARCH,39.27542755549914,14.761097521178502
2975,2026-03-04,10,BTC,EWMA,39.27542755549914,12.0173012642789
2975,2026-03-04,10,BTC,HIST,39.27542755549914,17.211439203412446
2975,2026-02-23,1,ETH,GARCH,28.803290341902667,16.85294655144285
2975,2026-02-23,1,ETH,EWMA,28.803290341902667,18.853891079761244
2975,2026-02-23,1,ETH,HIST,28.803290341902667,26.190666366977517
2975,2026-02-24,2,ETH,GARCH,0.01866602893697131,17.4868123992135
2975,2026-02-24,2,ETH,EWMA,0.01866602893697131,18.853891079761244
2975,2026-02-24,2,ETH,HIST,0.01866602893697131,26.190666366977517
2975,2026-02-25,3,ETH,GARCH,106.71984503144711,18.117457580333166
2975,2026-02-25,3,ETH,EWMA,106.71984503144711,18.853891079761244
2975,2026-02-25,3,ETH,HIST,106.71984503144711,26.190666366977517
2975,2026-02-26,4,ETH,GARCH,1.8605589224817365,18.744898458980042
2975,2026-02-26,4,ETH,EWMA,1.8605589224817365,18.853891079761244
2975,2026-02-26,4,ETH,HIST,1.8605589224817365,26.190666366977517
2975,2026-02-27,5,ETH,GARCH,23.561202984279074,19.369151316186063
2975,2026-02-27,5,ETH,EWMA,23.561202984279074,18.853891079761244
2975,2026-02-27,5,ETH,HIST,23.561202984279074,26.190666366977517
2975,2026-02-28,6,ETH,GARCH,3.0987625594696153,19.990232350259397
2975,2026-02-28,6,ETH,EWMA,3.0987625594696153,18.853891079761244
2975,2026-02-28,6,ETH,HIST,3.0987625594696153,26.190666366977517
2975,2026-03-01,7,ETH,GARCH,1.7718842778243615,20.608157677204748
2975,2026-03-01,7,ETH,EWMA,1.7718842778243615,18.853891079761244
2975,2026-03-01,7,ETH,HIST,1.7718842778243615,26.190666366977517
2975,2026-03-02,8,ETH,GARCH,19.78717611784978,21.22294333114155
2975,2026-03-02,8,ETH,EWMA,19.78717611784978,18.853891079761244
2975,2026-03-02,8,ETH,HIST,19.78717611784978,26.190666366977517
2975,2026-03-03,9,ETH,GARCH,4.926275862513074,21.83460526472002
2975,2026-03-03,9,ETH,EWMA,4.926275862513074,18.853891079761244
2975,2026-03-03,9,ETH,HIST,4.926275862513074,26.190666366977517
2975,2026-03-04,10,ETH,GARCH,48.97991039039563,22.4431593495351
2975,2026-03-04,10,ETH,EWMA,48.97991039039563,18.853891079761244
2975,2026-03-04,10,ETH,HIST,48.97991039039563,26.190666366977517
2985,2026-03-05,1,BTC,GARCH,6.784557990541744,14.442200321889112
2985,2026-03-05,1,BTC,EWMA,6.784557990541744,12.615774116064383
2985,2026-03-05,1,BTC,HIST,6.784557990541744,19.08380666694336
2985,2026-03-06,2,BTC,GARCH,15.152928176996113,14.592578441638889
2985,2026-03-06,2,BTC,EWMA,15.152928176996113,12.615774116064383
2985,2026-03-06,2,BTC,HIST,15.152928176996113,19.08380666694336
2985,2026-03-07,3,BTC,GARCH,1.6281767187384688,14.742956561388665
2985,2026-03-07,3,BTC,EWMA,1.6281767187384688,12.615774116064383
2985,2026-03-07,3,BTC,HIST,1.6281767187384688,19.08380666694336
2985,2026-03-08,4,BTC,GARCH,3.824430525914405,14.893334681138441
2985,2026-03-08,4,BTC,EWMA,3.824430525914405,12.615774116064383
2985,2026-03-08,4,BTC,HIST,3.824430525914405,19.08380666694336
2985,2026-03-09,5,BTC,GARCH,13.112280573205457,15.043712800888219
2985,2026-03-09,5,BTC,EWMA,13.112280573205457,12.615774116064383
2985,2026-03-09,5,BTC,HIST,13.112280573205457,19.08380666694336
2985,2026-03-10,6,BTC,GARCH,4.858966287886533,15.194090920637995
2985,2026-03-10,6,BTC,EWMA,4.858966287886533,12.615774116064383
2985,2026-03-10,6,BTC,HIST,4.858966287886533,19.08380666694336
2985,2026-03-11,7,BTC,GARCH,0.1573820637318097,15.344469040387771
2985,2026-03-11,7,BTC,EWMA,0.1573820637318097,12.615774116064383
2985,2026-03-11,7,BTC,HIST,0.1573820637318097,19.08380666694336
2985,2026-03-12,8,BTC,GARCH,0.16827130146808653,15.494847160137548
2985,2026-03-12,8,BTC,EWMA,0.16827130146808653,12.615774116064383
2985,2026-03-12,8,BTC,HIST,0.16827130146808653,19.08380666694336
2985,2026-03-13,9,BTC,GARCH,0.45062506007943803,15.645225279887324
2985,2026-03-13,9,BTC,EWMA,0.45062506007943803,12.615774116064383
2985,2026-03-13,9,BTC,HIST,0.45062506007943803,19.08380666694336
2985,2026-03-14,10,BTC,GARCH,0.12008931544198871,15.7956033996371
2985,2026-03-14,10,BTC,EWMA,0.12008931544198871,12.615774116064383
2985,2026-03-14,10,BTC,HIST,0.12008931544198871,19.08380666694336
2985,2026-03-05,1,ETH,GARCH,6.841397921080589,24.684496170816374
2985,2026-03-05,1,ETH,EWMA,6.841397921080589,20.911896304525026
2985,2026-03-05,1,ETH,HIST,6.841397921080589,26.818789683015847
2985,2026-03-06,2,ETH,GARCH,21.029512400244187,25.250016986489484
2985,2026-03-06,2,ETH,EWMA,21.029512400244187,20.911896304525026
2985,2026-03-06,2,ETH,HIST,21.029512400244187,26.818789683015847
2985,2026-03-07,3,ETH,GARCH,0.22173445152912197,25.813195875969775
2985,2026-03-07,3,ETH,EWMA,0.22173445152912197,20.911896304525026
2985,2026-03-07,3,ETH,HIST,0.22173445152912197,26.818789683015847
2985,2026-03-08,4,ETH,GARCH,2.829385206471139,26.374042537606343
2985,2026-03-08,4,ETH,EWMA,2.829385206471139,20.911896304525026
2985,2026-03-08,4,ETH,HIST,2.829385206471139,26.818789683015847
2985,2026-03-09,5,ETH,GARCH,8.221836295918953,26.932566629585637
2985,2026-03-09,5,ETH,EWMA,8.221836295918953,20.911896304525026
2985,2026-03-09,5,ETH,HIST,8.221836295918953,26.818789683015847
2985,2026-03-10,6,ETH,GARCH,4.808036118585816,27.48877777009776
2985,2026-03-10,6,ETH,EWMA,4.808036118585816,20.911896304525026
2985,2026-03-10,6,ETH,HIST,4.808036118585816,26.818789683015847
2985,2026-03-11,7,ETH,GARCH,0.49979966242686796,28.042685537502116
2985,2026-03-11,7,ETH,EWMA,0.49979966242686796,20.911896304525026
2985,2026-03-11,7,ETH,HIST,0.49979966242686796,26.818789683015847
2985,2026-03-12,8,ETH,GARCH,1.0931986072377289,28.59429947049236
2985,2026-03-12,8,ETH,EWMA,1.0931986072377289,20.911896304525026
2985,2026-03-12,8,ETH,HIST,1.0931986072377289,26.818789683015847
2985,2026-03-13,9,ETH,GARCH,0.8699871785302654,29.143629068260637
2985,2026-03-13,9,ETH,EWMA,0.8699871785302654,20.911896304525026
2985,2026-03-13,9,ETH,HIST,0.8699871785302654,26.818789683015847
2985,2026-03-14,10,ETH,GARCH,0.04662245278143571,29.690683790661204
2985,2026-03-14,10,ETH,EWMA,0.04662245278143571,20.911896304525026
2985,2026-03-14,10,ETH,HIST,0.04662245278143571,26.818789683015847
2995,2026-03-15,1,BTC,GARCH,4.786992998294664,9.723400742625799
2995,2026-03-15,1,BTC,EWMA,4.786992998294664,8.658546698664061
2995,2026-03-15,1,BTC,HIST,4.786992998294664,6.745331299639624
2995,2026-03-16,2,BTC,GARCH,7.871843690338953,9.874569034064784
2995,2026-03-16,2,BTC,EWMA,7.871843690338953,8.658546698664061
2995,2026-03-16,2,BTC,HIST,7.871843690338953,6.745331299639624
2995,2026-03-17,3,BTC,GARCH,1.5919571834334951,10.02573732550377
2995,2026-03-17,3,BTC,EWMA,1.5919571834334951,8.658546698664061
2995,2026-03-17,3,BTC,HIST,1.5919571834334951,6.745331299639624
2995,2026-03-18,4,BTC,GARCH,13.60442308881107,10.176905616942754
2995,2026-03-18,4,BTC,EWMA,13.60442308881107,8.658546698664061
2995,2026-03-18,4,BTC,HIST,13.60442308881107,6.745331299639624
2995,2026-03-19,5,BTC,GARCH,3.5661153847276577,10.32807390838174
2995,2026-03-19,5,BTC,EWMA,3.5661153847276577,8.658546698664061
2995,2026-03-19,5,BTC,HIST,3.5661153847276577,6.745331299639624
2995,2026-03-20,6,BTC,GARCH,0.7541935303921375,10.479242199820725
2995,2026-03-20,6,BTC,EWMA,0.7541935303921375,8.658546698664061
2995,2026-03-20,6,BTC,HIST,0.7541935303921375,6.745331299639624
2995,2026-03-21,7,BTC,GARCH,6.7683775220423446,10.63041049125971
2995,2026-03-21,7,BTC,EWMA,6.7683775220423446,8.658546698664061
2995,2026-03-21,7,BTC,HIST,6.7683775220423446,6.745331299639624
2995,2026-03-22,8,BTC,GARCH,1.6098839131893137,10.781578782698693
2995,2026-03-22,8,BTC,EWMA,1.6098839131893137,8.658546698664061
2995,2026-03-22,8,BTC,HIST,1.6098839131893137,6.745331299639624
2995,2026-03-23,9,BTC,GARCH,19.581680849941403,10.932747074137678
2995,2026-03-23,9,BTC,EWMA,19.581680849941403,8.658546698664061
2995,2026-03-23,9,BTC,HIST,19.581680849941403,6.745331299639624
2995,2026-03-24,10,BTC,GARCH,0.3151690091795552,11.083915365576663
2995,2026-03-24,10,BTC,EWMA,0.3151690091795552,8.658546698664061
2995,2026-03-24,10,BTC,HIST,0.3151690091795552,6.745331299639624
2995,2026-03-15,1,ETH,GARCH,14.150742429232258,12.665422474152292
2995,2026-03-15,1,ETH,EWMA,14.150742429232258,13.115550277899766
2995,2026-03-15,1,ETH,HIST,14.150742429232258,11.891384538015021
2995,2026-03-16,2,ETH,GARCH,58.90422085261363,13.296743506970923
2995,2026-03-16,2,ETH,EWMA,58.90422085261363,13.115550277899766
2995,2026-03-16,2,ETH,HIST,58.90422085261363,11.891384538015021
2995,2026-03-17,3,ETH,GARCH,2.0129448455156633,13.92507489503495
2995,2026-03-17,3,ETH,EWMA,2.0129448455156633,13.115550277899766
2995,2026-03-17,3,ETH,HIST,2.0129448455156633,11.891384538015021
2995,2026-03-18,4,ETH,GARCH,25.60655329502038,14.550430795920775
2995,2026-03-18,4,ETH,EWMA,25.60655329502038,13.115550277899766
2995,2026-03-18,4,ETH,HIST,25.60655329502038,11.891384538015021
2995,2026-03-19,5,ETH,GARCH,9.316905933645252,15.172825300161065
2995,2026-03-19,5,ETH,EWMA,9.316905933645252,13.115550277899766
2995,2026-03-19,5,ETH,HIST,9.316905933645252,11.891384538015021
2995,2026-03-20,6,ETH,GARCH,0.179433451374866,15.792272431562232
2995,2026-03-20,6,ETH,EWMA,0.179433451374866,13.115550277899766
2995,2026-03-20,6,ETH,HIST,0.179433451374866,11.891384538015021
2995,2026-03-21,7,ETH,GARCH,10.930953154119692,16.408786147520416
2995,2026-03-21,7,ETH,EWMA,10.930953154119692,13.115550277899766
2995,2026-03-21,7,ETH,HIST,10.930953154119692,11.891384538015021
2995,2026-03-22,8,ETH,GARCH,1.3109260955118542,17.022380339335985
2995,2026-03-22,8,ETH,EWMA,1.3109260955118542,13.115550277899766
2995,2026-03-22,8,ETH,HIST,1.3109260955118542,11.891384538015021
2995,2026-03-23,9,ETH,GARCH,22.221605871288055,17.633068832526515
2995,2026-03-23,9,ETH,EWMA,22.221605871288055,13.115550277899766
2995,2026-03-23,9,ETH,HIST,22.221605871288055,11.891384538015021
2995,2026-03-24,10,ETH,GARCH,0.02729205296969218,18.240865387138324
2995,2026-03-24,10,ETH,EWMA,0.02729205296969218,13.115550277899766
2995,2026-03-24,10,ETH,HIST,0.02729205296969218,11.891384538015021
3005,2026-03-25,1,BTC,GARCH,1.2474487405811066,8.842778616654572
3005,2026-03-25,1,BTC,EWMA,1.2474487405811066,7.479493310016393
3005,2026-03-25,1,BTC,HIST,1.2474487405811066,7.842202053254023
3005,2026-03-26,2,BTC,GARCH,12.926123707726399,8.990836082369537
3005,2026-03-26,2,BTC,EWMA,12.926123707726399,7.479493310016393
3005,2026-03-26,2,BTC,HIST,12.926123707726399,7.842202053254023
3005,2026-03-27,3,BTC,GARCH,13.18668080578506,9.1388935480845
3005,2026-03-27,3,BTC,EWMA,13.18668080578506,7.479493310016393
3005,2026-03-27,3,BTC,HIST,13.18668080578506,7.842202053254023
3005,2026-03-28,4,BTC,GARCH,0.0007931071383696932,9.286951013799463
3005,2026-03-28,4,BTC,EWMA,0.0007931071383696932,7.479493310016393
3005,2026-03-28,4,BTC,HIST,0.0007931071383696932,7.842202053254023
3005,2026-03-29,5,BTC,GARCH,0.3041974563367687,9.435008479514428
3005,2026-03-29,5,BTC,EWMA,0.3041974563367687,7.479493310016393
3005,2026-03-29,5,BTC,HIST,0.3041974563367687,7.842202053254023
3005,2026-03-30,6,BTC,GARCH,1.233250612832048,9.583065945229393
3005,2026-03-30,6,BTC,EWMA,1.233250612832048,7.479493310016393
3005,2026-03-30,6,BTC,HIST,1.233250612832048,7.842202053254023
3005,2026-03-31,7,BTC,GARCH,5.224063429959293,9.731123410944356
3005,2026-03-31,7,BTC,EWMA,5.224063429959293,7.479493310016393
3005,2026-03-31,7,BTC,HIST,5.224063429959293,7.842202053254023
3005,2026-04-01,8,BTC,GARCH,0.05155825328314497,9.87918087665932
3005,2026-04-01,8,BTC,EWMA,0.05155825328314497,7.479493310016393
3005,2026-04-01,8,BTC,HIST,0.05155825328314497,7.842202053254023
3005,2026-04-02,9,BTC,GARCH,3.10963219026254,10.027238342374284
3005,2026-04-02,9,BTC,EWMA,3.10963219026254,7.479493310016393
3005,2026-04-02,9,BTC,HIST,3.10963219026254,7.842202053254023
3005,2026-04-03,10,BTC,GARCH,0.0040405119265320205,10.175295808089249
3005,2026-04-03,10,BTC,EWMA,0.0040405119265320205,7.479493310016393
3005,2026-04-03,10,BTC,HIST,0.0040405119265320205,7.842202053254023
3005,2026-03-25,1,ETH,GARCH,0.3246128504369501,15.639928269200036
3005,2026-03-25,1,ETH,EWMA,0.3246128504369501,13.131184013689442
3005,2026-03-25,1,ETH,HIST,0.3246128504369501,14.251995789577018
3005,2026-03-26,2,ETH,GARCH,26.330964867910364,16.230705625073185
3005,2026-03-26,2,ETH,EWMA,26.330964867910364,13.131184013689442
3005,2026-03-26,2,ETH,HIST,26.330964867910364,14.251995789577018
3005,2026-03-27,3,ETH,GARCH,11.375557163743007,16.818515223336526
3005,2026-03-27,3,ETH,EWMA,11.375557163743007,13.131184013689442
3005,2026-03-27,3,ETH,HIST,11.375557163743007,14.251995789577018
3005,2026-03-28,4,ETH,GARCH,0.005100336160538262,17.40337197245793
3005,2026-03-28,4,ETH,EWMA,0.005100336160538262,13.131184013689442
3005,2026-03-28,4,ETH,HIST,0.005100336160538262,14.251995789577018
3005,2026-03-29,5,ETH,GARCH,0.2599979528647903,17.985290706012897
3005,2026-03-29,5,ETH,EWMA,0.2599979528647903,13.131184013689442
3005,2026-03-29,5,ETH,HIST,0.2599979528647903,14.251995789577018
3005,2026-03-30,6,ETH,GARCH,4.180904984960948,18.564286183060773
3005,2026-03-30,6,ETH,EWMA,4.180904984960948,13.131184013689442
3005,2026-03-30,6,ETH,HIST,4.180904984960948,14.251995789577018
3005,2026-03-31,7,ETH,GARCH,15.476997062837153,19.140373088519077
3005,2026-03-31,7,ETH,EWMA,15.476997062837153,13.131184013689442
3005,2026-03-31,7,ETH,HIST,15.476997062837153,14.251995789577018
3005,2026-04-01,8,ETH,GARCH,2.5723785490346125,19.713566033535958
3005,2026-04-01,8,ETH,EWMA,2.5723785490346125,13.131184013689442
3005,2026-04-01,8,ETH,HIST,2.5723785490346125,14.251995789577018
3005,2026-04-02,9,ETH,GARCH,15.240103751927016,20.283879555860768
3005,2026-04-02,9,ETH,EWMA,15.240103751927016,13.131184013689442
3005,2026-04-02,9,ETH,HIST,15.240103751927016,14.251995789577018
3005,2026-04-03,10,ETH,GARCH,0.028464622048709268,20.851328120212777
3005,2026-04-03,10,ETH,EWMA,0.028464622048709268,13.131184013689442
3005,2026-04-03,10,ETH,HIST,0.028464622048709268,14.251995789577018
3015,2026-04-04,1,BTC,GARCH,0.28681856843594183,6.86827982707561
3015,2026-04-04,1,BTC,EWMA,0.28681856843594183,5.567192863595703
3015,2026-04-04,1,BTC,HIST,0.28681856843594183,4.723652582305115
3015,2026-04-05,2,BTC,GARCH,6.162721246935341,7.015729093613954
3015,2026-04-05,2,BTC,EWMA,6.162721246935341,5.567192863595703
3015,2026-04-05,2,BTC,HIST,6.162721246935341,4.723652582305115
3015,2026-04-06,3,BTC,GARCH,0.03137031809804085,7.163178360152298
3015,2026-04-06,3,BTC,EWMA,0.03137031809804085,5.567192863595703
3015,2026-04-06,3,BTC,HIST,0.03137031809804085,4.723652582305115
3015,2026-04-07,4,BTC,GARCH,19.157472533228933,7.310627626690641
3015,2026-04-07,4,BTC,EWMA,19.157472533228933,5.567192863595703
3015,2026-04-07,4,BTC,HIST,19.157472533228933,4.723652582305115
3015,2026-04-08,5,BTC,GARCH,1.3056231057044603,7.458076893228985
3015,2026-04-08,5,BTC,EWMA,1.3056231057044603,5.567192863595703
3015,2026-04-08,5,BTC,HIST,1.3056231057044603,4.723652582305115
3015,2026-04-09,6,BTC,GARCH,0.8136895096662049,7.605526159767329
3015,2026-04-09,6,BTC,EWMA,0.8136895096662049,5.567192863595703
3015,2026-04-09,6,BTC,HIST,0.8136895096662049,4.723652582305115
3015,2026-04-10,7,BTC,GARCH,2.800960876975748,7.752975426305673
3015,2026-04-10,7,BTC,EWMA,2.800960876975748,5.567192863595703
3015,2026-04-10,7,BTC,HIST,2.800960876975748,4.723652582305115
3015,2026-04-11,8,BTC,GARCH,0.010614476571677758,7.900424692844016
3015,2026-04-11,8,BTC,EWMA,0.010614476571677758,5.567192863595703
3015,2026-04-11,8,BTC,HIST,0.010614476571677758,4.723652582305115
3015,2026-04-12,9,BTC,GARCH,10.241252144522358,8.04787395938236
3015,2026-04-12,9,BTC,EWMA,10.241252144522358,5.567192863595703
3015,2026-04-12,9,BTC,HIST,10.241252144522358,4.723652582305115
3015,2026-04-13,10,BTC,GARCH,26.41164159955457,8.195323225920703
3015,2026-04-13,10,BTC,EWMA,26.41164159955457,5.567192863595703
3015,2026-04-13,10,BTC,HIST,26.41164159955457,4.723652582305115
3015,2026-04-04,1,ETH,GARCH,0.33764066624903316,13.101082801867427
3015,2026-04-04,1,ETH,EWMA,0.33764066624903316,10.465892076741488
3015,2026-04-04,1,ETH,HIST,0.33764066624903316,8.883668867460063
3015,2026-04-05,2,ETH,GARCH,4.372848801990179,13.692287939086249
3015,2026-04-05,2,ETH,EWMA,4.372848801990179,10.465892076741488
3015,2026-04-05,2,ETH,HIST,4.372848801990179,8.883668867460063
3015,2026-04-06,3,ETH,GARCH,0.003426299117949964,14.280312353646613
3015,2026-04-06,3,ETH,EWMA,0.003426299117949964,10.465892076741488
3015,2026-04-06,3,ETH,HIST,0.003426299117949964,8.883668867460063
3015,2026-04-07,4,ETH,GARCH,38.01413624257246,14.865173158046352
3015,2026-04-07,4,ETH,EWMA,38.01413624257246,10.465892076741488
3015,2026-04-07,4,ETH,HIST,38.01413624257246,8.883668867460063
3015,2026-04-08,5,ETH,GARCH,5.3951078805472115,15.446887372716931
3015,2026-04-08,5,ETH,EWMA,5.3951078805472115,10.465892076741488
3015,2026-04-08,5,ETH,HIST,5.3951078805472115,8.883668867460063
3015,2026-04-09,6,ETH,GARCH,0.002960293467519551,16.025471926518776
3015,2026-04-09,6,ETH,EWMA,0.002960293467519551,10.465892076741488
3015,2026-04-09,6,ETH,HIST,0.002960293467519551,8.883668867460063
3015,2026-04-10,7,ETH,GARCH,6.38124559315976,16.600943657233916
3015,2026-04-10,7,ETH,EWMA,6.38124559315976,10.465892076741488
3015,2026-04-10,7,ETH,HIST,6.38124559315976,8.883668867460063
3015,2026-04-11,8,ETH,GARCH,3.1559526190382896,17.173319312056012
3015,2026-04-11,8,ETH,EWMA,3.1559526190382896,10.465892076741488
3015,2026-04-11,8,ETH,HIST,3.1559526190382896,8.883668867460063
3015,2026-04-12,9,ETH,GARCH,17.331074872402112,17.74261554807771
3015,2026-04-12,9,ETH,EWMA,17.331074872402112,10.465892076741488
3015,2026-04-12,9,ETH,HIST,17.331074872402112,8.883668867460063
3015,2026-04-13,10,ETH,GARCH,61.28602465737057,18.308848932775398
3015,2026-04-13,10,ETH,EWMA,61.28602465737057,10.465892076741488
3015,2026-04-13,10,ETH,HIST,61.28602465737057,8.883668867460063
3025,2026-04-14,1,BTC,GARCH,0.1661924366192133,8.291143538453062
3025,2026-04-14,1,BTC,EWMA,0.1661924366192133,6.426084627722252
3025,2026-04-14,1,BTC,HIST,0.1661924366192133,5.476291489011434
3025,2026-04-15,2,BTC,GARCH,0.700486086509399,8.438964504144087
3025,2026-04-15,2,BTC,EWMA,0.700486086509399,6.426084627722252
3025,2026-04-15,2,BTC,HIST,0.700486086509399,5.476291489011434
3025,2026-04-16,3,BTC,GARCH,0.2142509037721532,8.586785469835112
3025,2026-04-16,3,BTC,EWMA,0.2142509037721532,6.426084627722252
3025,2026-04-16,3,BTC,HIST,0.2142509037721532,5.476291489011434
3025,2026-04-17,4,BTC,GARCH,6.727433537960568,8.734606435526139
3025,2026-04-17,4,BTC,EWMA,6.727433537960568,6.426084627722252
3025,2026-04-17,4,BTC,HIST,6.727433537960568,5.476291489011434
3025,2026-04-18,5,BTC,GARCH,3.358952430322964,8.882427401217166
3025,2026-04-18,5,BTC,EWMA,3.358952430322964,6.426084627722252
3025,2026-04-18,5,BTC,HIST,3.358952430322964,5.476291489011434
3025,2026-04-19,6,BTC,GARCH,6.251168302053686,9.030248366908191
3025,2026-04-19,6,BTC,EWMA,6.251168302053686,6.426084627722252
3025,2026-04-19,6,BTC,HIST,6.251168302053686,5.476291489011434
3025,2026-04-20,7,BTC,GARCH,7.253647958296768,9.178069332599216
3025,2026-04-20,7,BTC,EWMA,7.253647958296768,6.426084627722252
3025,2026-04-20,7,BTC,HIST,7.253647958296768,5.476291489011434
3025,2026-04-21,8,BTC,GARCH,0.39812913538318834,9.325890298290243
3025,2026-04-21,8,BTC,EWMA,0.39812913538318834,6.426084627722252
3025,2026-04-21,8,BTC,HIST,0.39812913538318834,5.476291489011434
3025,2026-04-22,9,BTC,GARCH,5.7336074416166465,9.473711263981269
3025,2026-04-22,9,BTC,EWMA,5.7336074416166465,6.426084627722252
3025,2026-04-22,9,BTC,HIST,5.7336074416166465,5.476291489011434
3025,2026-04-23,10,BTC,GARCH,0.007084653918425537,9.621532229672294
3025,2026-04-23,10,BTC,EWMA,0.007084653918425537,6.426084627722252
3025,2026-04-23,10,BTC,HIST,0.007084653918425537,5.476291489011434
3025,2026-04-14,1,ETH,GARCH,4.08009448893502,19.67804606272741
3025,2026-04-14,1,ETH,EWMA,4.08009448893502,12.759918220411322
3025,2026-04-14,1,ETH,HIST,4.08009448893502,11.724111817828904
3025,2026-04-15,2,ETH,GARCH,2.3810799893123873,20.23402607453564
3025,2026-04-15,2,ETH,EWMA,2.3810799893123873,12.759918220411322
3025,2026-04-15,2,ETH,HIST,2.3810799893123873,11.724111817828904
3025,2026-04-16,3,ETH,GARCH,0.21017289907100273,20.786711542074986
3025,2026-04-16,3,ETH,EWMA,0.21017289907100273,12.759918220411322
3025,2026-04-16,3,ETH,HIST,0.21017289907100273,11.724111817828904
3025,2026-04-17,4,ETH,GARCH,9.224432522806486,21.336121987669465
3025,2026-04-17,4,ETH,EWMA,9.224432522806486,12.759918220411322
3025,2026-04-17,4,ETH,HIST,9.224432522806486,11.724111817828904
3025,2026-04-18,5,ETH,GARCH,8.600595771410642,21.88227681796059
3025,2026-04-18,5,ETH,EWMA,8.600595771410642,12.759918220411322
3025,2026-04-18,5,ETH,HIST,8.600595771410642,11.724111817828904
3025,2026-04-19,6,ETH,GARCH,13.946820934920908,22.42519532459287
3025,2026-04-19,6,ETH,EWMA,13.946820934920908,12.759918220411322
3025,2026-04-19,6,ETH,HIST,13.946820934920908,11.724111817828904
3025,2026-04-20,7,ETH,GARCH,4.823875826464086,22.964896684895226
3025,2026-04-20,7,ETH,EWMA,4.823875826464086,12.759918220411322
3025,2026-04-20,7,ETH,HIST,4.823875826464086,11.724111817828904
3025,2026-04-21,8,ETH,GARCH,0.30199493118307413,23.501399962558406
3025,2026-04-21,8,ETH,EWMA,0.30199493118307413,12.759918220411322
3025,2026-04-21,8,ETH,HIST,0.30199493118307413,11.724111817828904
3025,2026-04-22,9,ETH,GARCH,4.1855653249514,24.03472410830834
3025,2026-04-22,9,ETH,EWMA,4.1855653249514,12.759918220411322
3025,2026-04-22,9,ETH,HIST,4.1855653249514,11.724111817828904
3025,2026-04-23,10,ETH,GARCH,3.5863605042737374,24.564887960575554
3025,2026-04-23,10,ETH,EWMA,3.5863605042737374,12.759918220411322
3025,2026-04-23,10,ETH,HIST,3.5863605042737374,11.724111817828904
3035,2026-04-24,1,BTC,GARCH,1.0919947789555569,6.537958042677954
3035,2026-04-24,1,BTC,EWMA,1.0919947789555569,4.9264571237982935
3035,2026-04-24,1,BTC,HIST,1.0919947789555569,4.389859498477275
3035,2026-04-25,2,BTC,GARCH,0.04084839470251022,6.684401812202962
3035,2026-04-25,2,BTC,EWMA,0.04084839470251022,4.9264571237982935
3035,2026-04-25,2,BTC,HIST,0.04084839470251022,4.389859498477275
3035,2026-04-26,3,BTC,GARCH,1.7905718325369355,6.830845581727969
3035,2026-04-26,3,BTC,EWMA,1.7905718325369355,4.9264571237982935
3035,2026-04-26,3,BTC,HIST,1.7905718325369355,4.389859498477275
3035,2026-04-27,4,BTC,GARCH,2.738361288537786,6.977289351252976
3035,2026-04-27,4,BTC,EWMA,2.738361288537786,4.9264571237982935
3035,2026-04-27,4,BTC,HIST,2.738361288537786,4.389859498477275
3035,2026-04-28,5,BTC,GARCH,1.747328265454894,7.123733120777984
3035,2026-04-28,5,BTC,EWMA,1.747328265454894,4.9264571237982935
3035,2026-04-28,5,BTC,HIST,1.747328265454894,4.389859498477275
3035,2026-04-29,6,BTC,GARCH,0.570547434952619,7.2701768903029915
3035,2026-04-29,6,BTC,EWMA,0.570547434952619,4.9264571237982935
3035,2026-04-29,6,BTC,HIST,0.570547434952619,4.389859498477275
3035,2026-04-30,7,BTC,GARCH,0.4824951210429773,7.416620659827999
3035,2026-04-30,7,BTC,EWMA,0.4824951210429773,4.9264571237982935
3035,2026-04-30,7,BTC,HIST,0.4824951210429773,4.389859498477275
3035,2026-05-01,8,BTC,GARCH,5.891061925362437,7.563064429353006
3035,2026-05-01,8,BTC,EWMA,5.891061925362437,4.9264571237982935
3035,2026-05-01,8,BTC,HIST,5.891061925362437,4.389859498477275
3035,2026-05-02,9,BTC,GARCH,0.37194587076747493,7.709508198878014
3035,2026-05-02,9,BTC,EWMA,0.37194587076747493,4.9264571237982935
3035,2026-05-02,9,BTC,HIST,0.37194587076747493,4.389859498477275
3035,2026-05-03,10,BTC,GARCH,0.022932164358883286,7.855951968403021
3035,2026-05-03,10,BTC,EWMA,0.022932164358883286,4.9264571237982935
3035,2026-05-03,10,BTC,HIST,0.022932164358883286,4.389859498477275
3035,2026-04-24,1,ETH,GARCH,0.46376461408307107,12.666002182206789
3035,2026-04-24,1,ETH,EWMA,0.46376461408307107,9.229754896901195
3035,2026-04-24,1,ETH,HIST,0.46376461408307107,8.712254153376461
3035,2026-04-25,2,ETH,GARCH,0.01834890399149735,13.244461330856398
3035,2026-04-25,2,ETH,EWMA,0.01834890399149735,9.229754896901195
3035,2026-04-25,2,ETH,HIST,0.01834890399149735,8.712254153376461
3035,2026-04-26,3,ETH,GARCH,4.714649473171566,13.819301646378992
3035,2026-04-26,3,ETH,EWMA,4.714649473171566,9.229754896901195
3035,2026-04-26,3,ETH,HIST,4.714649473171566,8.712254153376461
3035,2026-04-27,4,ETH,GARCH,8.142581663195433,14.3905457681489
3035,2026-04-27,4,ETH,EWMA,8.142581663195433,9.229754896901195
3035,2026-04-27,4,ETH,HIST,8.142581663195433,8.712254153376461
3035,2026-04-28,5,ETH,GARCH,0.3530766600107261,14.958216193908815
3035,2026-04-28,5,ETH,EWMA,0.3530766600107261,9.229754896901195
3035,2026-04-28,5,ETH,HIST,0.3530766600107261,8.712254153376461
3035,2026-04-29,6,ETH,GARCH,2.5126003162096944,15.522335280655831
3035,2026-04-29,6,ETH,EWMA,2.5126003162096944,9.229754896901195
3035,2026-04-29,6,ETH,HIST,2.5126003162096944,8.712254153376461
3035,2026-04-30,7,ETH,GARCH,0.015813023138815798,16.082925245521956
3035,2026-04-30,7,ETH,EWMA,0.015813023138815798,9.229754896901195
3035,2026-04-30,7,ETH,HIST,0.015813023138815798,8.712254153376461
3035,2026-05-01,8,ETH,GARCH,2.9135104163565124,16.640008166649096
3035,2026-05-01,8,ETH,EWMA,2.9135104163565124,9.229754896901195
3035,2026-05-01,8,ETH,HIST,2.9135104163565124,8.712254153376461
3035,2026-05-02,9,ETH,GARCH,0.8405234105772852,17.193605984058582
3035,2026-05-02,9,ETH,EWMA,0.8405234105772852,9.229754896901195
3035,2026-05-02,9,ETH,HIST,0.8405234105772852,8.712254153376461
3035,2026-05-03,10,ETH,GARCH,0.054302971186033035,17.743740500515248
3035,2026-05-03,10,ETH,EWMA,0.054302971186033035,9.229754896901195
3035,2026-05-03,10,ETH,HIST,0.054302971186033035,8.712254153376461
3045,2026-05-04,1,BTC,GARCH,2.6528841765563644,4.812497485230437
3045,2026-05-04,1,BTC,EWMA,2.6528841765563644,3.3379051187257347
3045,2026-05-04,1,BTC,HIST,2.6528841765563644,3.475207317778177
3045,2026-05-05,2,BTC,GARCH,1.8700682311034498,4.956788399017372
3045,2026-05-05,2,BTC,EWMA,1.8700682311034498,3.3379051187257347
3045,2026-05-05,2,BTC,HIST,1.8700682311034498,3.475207317778177
3045,2026-05-06,3,BTC,GARCH,0.3801028360771467,5.101079312804307
3045,2026-05-06,3,BTC,EWMA,0.3801028360771467,3.3379051187257347
3045,2026-05-06,3,BTC,HIST,0.3801028360771467,3.475207317778177
3045,2026-05-07,4,BTC,GARCH,3.0842062492550246,5.245370226591243
3045,2026-05-07,4,BTC,EWMA,3.0842062492550246,3.3379051187257347
3045,2026-05-07,4,BTC,HIST,3.0842062492550246,3.475207317778177
3045,2026-05-08,5,BTC,GARCH,0.04870649899828449,5.389661140378179
3045,2026-05-08,5,BTC,EWMA,0.04870649899828449,3.3379051187257347
3045,2026-05-08,5,BTC,HIST,0.04870649899828449,3.475207317778177
3045,2026-05-09,6,BTC,GARCH,0.3526515314222081,5.533952054165114
3045,2026-05-09,6,BTC,EWMA,0.3526515314222081,3.3379051187257347
3045,2026-05-09,6,BTC,HIST,0.3526515314222081,3.475207317778177
3045,2026-05-10,7,BTC,GARCH,3.2815854926615233,5.67824296795205
3045,2026-05-10,7,BTC,EWMA,3.2815854926615233,3.3379051187257347
3045,2026-05-10,7,BTC,HIST,3.2815854926615233,3.475207317778177
3045,2026-05-11,8,BTC,GARCH,0.25117991086288405,5.822533881738986
3045,2026-05-11,8,BTC,EWMA,0.25117991086288405,3.3379051187257347
3045,2026-05-11,8,BTC,HIST,0.25117991086288405,3.475207317778177
3045,2026-05-12,9,BTC,GARCH,2.3786114679266293,5.9668247955259215
3045,2026-05-12,9,BTC,EWMA,2.3786114679266293,3.3379051187257347
3045,2026-05-12,9,BTC,HIST,2.3786114679266293,3.475207317778177
3045,2026-05-13,10,BTC,GARCH,2.2584133195836458,6.111115709312857
3045,2026-05-13,10,BTC,EWMA,2.2584133195836458,3.3379051187257347
3045,2026-05-13,10,BTC,HIST,2.2584133195836458,3.475207317778177
3045,2026-05-04,1,ETH,GARCH,1.1254981894413423,8.433062968631125
3045,2026-05-04,1,ETH,EWMA,1.1254981894413423,5.847545076988732
3045,2026-05-04,1,ETH,HIST,1.1254981894413423,6.754180813210965
3045,2026-05-05,2,ETH,GARCH,0.39459177348813584,9.032241106301878
3045,2026-05-05,2,ETH,EWMA,0.39459177348813584,5.847545076988732
3045,2026-05-05,2,ETH,HIST,0.39459177348813584,6.754180813210965
3045,2026-05-06,3,ETH,GARCH,0.1941332190609298,9.628395367561941
3045,2026-05-06,3,ETH,EWMA,0.1941332190609298,5.847545076988732
3045,2026-05-06,3,ETH,HIST,0.1941332190609298,6.754180813210965
3045,2026-05-07,4,ETH,GARCH,6.615775464420729,10.221541013029103
3045,2026-05-07,4,ETH,EWMA,6.615775464420729,5.847545076988732
3045,2026-05-07,4,ETH,HIST,6.615775464420729,6.754180813210965
3045,2026-05-08,5,ETH,GARCH,0.4761714011412208,10.81169322630529
3045,2026-05-08,5,ETH,EWMA,0.4761714011412208,5.847545076988732
3045,2026-05-08,5,ETH,HIST,0.4761714011412208,6.754180813210965
3045,2026-05-09,6,ETH,GARCH,0.727058203319036,11.398867114365238
3045,2026-05-09,6,ETH,EWMA,0.727058203319036,5.847545076988732
3045,2026-05-09,6,ETH,HIST,0.727058203319036,6.754180813210965
3045,2026-05-10,7,ETH,GARCH,3.2485698439330783,11.983077707943215
3045,2026-05-10,7,ETH,EWMA,3.2485698439330783,5.847545076988732
3045,2026-05-10,7,ETH,HIST,3.2485698439330783,6.754180813210965
3045,2026-05-11,8,ETH,GARCH,1.5898003350191745,12.564339961917776
3045,2026-05-11,8,ETH,EWMA,1.5898003350191745,5.847545076988732
3045,2026-05-11,8,ETH,HIST,1.5898003350191745,6.754180813210965
3045,2026-05-12,9,ETH,GARCH,7.870485639341625,13.142668755694586
3045,2026-05-12,9,ETH,EWMA,7.870485639341625,5.847545076988732
3045,2026-05-12,9,ETH,HIST,7.870485639341625,6.754180813210965
3045,2026-05-13,10,ETH,GARCH,0.5672357196757687,13.718078893587318
3045,2026-05-13,10,ETH,EWMA,0.5672357196757687,5.847545076988732
3045,2026-05-13,10,ETH,HIST,0.5672357196757687,6.754180813210965
3055,2026-05-14,1,BTC,GARCH,4.89831784705333,4.130873539025052
3055,2026-05-14,1,BTC,EWMA,4.89831784705333,2.5650766162852157
3055,2026-05-14,1,BTC,HIST,4.89831784705333,2.02737783167808
3055,2026-05-15,2,BTC,GARCH,6.151776544949582,4.273514342408713
3055,2026-05-15,2,BTC,EWMA,6.151776544949582,2.5650766162852157
3055,2026-05-15,2,BTC,HIST,6.151776544949582,2.02737783167808
3055,2026-05-16,3,BTC,GARCH,1.412862872624461,4.4161551457923744
3055,2026-05-16,3,BTC,EWMA,1.412862872624461,2.5650766162852157
3055,2026-05-16,3,BTC,HIST,1.412862872624461,2.02737783167808
3055,2026-05-17,4,BTC,GARCH,0.8147908868756158,4.5587959491760355
3055,2026-05-17,4,BTC,EWMA,0.8147908868756158,2.5650766162852157
3055,2026-05-17,4,BTC,HIST,0.8147908868756158,2.02737783167808
3055,2026-05-18,5,BTC,GARCH,0.3789453414939386,4.7014367525596965
3055,2026-05-18,5,BTC,EWMA,0.3789453414939386,2.5650766162852157
3055,2026-05-18,5,BTC,HIST,0.3789453414939386,2.02737783167808
3055,2026-05-19,6,BTC,GARCH,0.06995390212878137,4.8440775559433575
3055,2026-05-19,6,BTC,EWMA,0.06995390212878137,2.5650766162852157
3055,2026-05-19,6,BTC,HIST,0.06995390212878137,2.02737783167808
3055,2026-05-20,7,BTC,GARCH,0.8404736106270254,4.9867183593270195
3055,2026-05-20,7,BTC,EWMA,0.8404736106270254,2.5650766162852157
3055,2026-05-20,7,BTC,HIST,0.8404736106270254,2.02737783167808
3055,2026-05-21,8,BTC,GARCH,0.01103178856652327,5.1293591627106805
3055,2026-05-21,8,BTC,EWMA,0.01103178856652327,2.5650766162852157
3055,2026-05-21,8,BTC,HIST,0.01103178856652327,2.02737783167808
3055,2026-05-22,9,BTC,GARCH,7.185799018650597,5.2719999660943415
3055,2026-05-22,9,BTC,EWMA,7.185799018650597,2.5650766162852157
3055,2026-05-22,9,BTC,HIST,7.185799018650597,2.02737783167808
3055,2026-05-23,10,BTC,GARCH,2.426586004134637,5.4146407694780025
3055,2026-05-23,10,BTC,EWMA,2.426586004134637,2.5650766162852157
3055,2026-05-23,10,BTC,HIST,2.426586004134637,2.02737783167808
3055,2026-05-14,1,ETH,GARCH,1.05956341921126,7.80071407276778
3055,2026-05-14,1,ETH,EWMA,1.05956341921126,4.263231004198048
3055,2026-05-14,1,ETH,HIST,1.05956341921126,3.112747499961344
3055,2026-05-15,2,ETH,GARCH,6.5432653495628825,8.390074773264288
3055,2026-05-15,2,ETH,EWMA,6.5432653495628825,4.263231004198048
3055,2026-05-15,2,ETH,HIST,6.5432653495628825,3.112747499961344
3055,2026-05-16,3,ETH,GARCH,3.9182107214496282,8.977122425914224
3055,2026-05-16,3,ETH,EWMA,3.9182107214496282,4.263231004198048
3055,2026-05-16,3,ETH,HIST,3.9182107214496282,3.112747499961344
3055,2026-05-17,4,ETH,GARCH,5.854091148717531,9.561866108673307
3055,2026-05-17,4,ETH,EWMA,5.854091148717531,4.263231004198048
3055,2026-05-17,4,ETH,HIST,5.854091148717531,3.112747499961344
3055,2026-05-18,5,ETH,GARCH,0.0016745964010231103,10.144314863869246
3055,2026-05-18,5,ETH,EWMA,0.0016745964010231103,4.263231004198048
3055,2026-05-18,5,ETH,HIST,0.0016745964010231103,3.112747499961344
3055,2026-05-19,6,ETH,GARCH,0.7663695825879799,10.724477698341579
3055,2026-05-19,6,ETH,EWMA,0.7663695825879799,4.263231004198048
3055,2026-05-19,6,ETH,HIST,0.7663695825879799,3.112747499961344
3055,2026-05-20,7,ETH,GARCH,0.6454368173739007,11.302363583580943
3055,2026-05-20,7,ETH,EWMA,0.6454368173739007,4.263231004198048
3055,2026-05-20,7,ETH,HIST,0.6454368173739007,3.112747499961344
3055,2026-05-21,8,ETH,GARCH,0.04323504744122535,11.877981455867815
3055,2026-05-21,8,ETH,EWMA,0.04323504744122535,4.263231004198048
3055,2026-05-21,8,ETH,HIST,0.04323504744122535,3.112747499961344
3055,2026-05-22,9,ETH,GARCH,10.131252746574498,12.451340216410689
3055,2026-05-22,9,ETH,EWMA,10.131252746574498,4.263231004198048
3055,2026-05-22,9,ETH,HIST,10.131252746574498,3.112747499961344
3055,2026-05-23,10,ETH,GARCH,6.027097361570607,13.022448731483736
3055,2026-05-23,10,ETH,EWMA,6.027097361570607,4.263231004198048
3055,2026-05-23,10,ETH,HIST,6.027097361570607,3.112747499961344
3065,2026-05-24,1,BTC,GARCH,0.16046813395247378,4.230829522568477
3065,2026-05-24,1,BTC,EWMA,0.16046813395247378,2.4769938388716657
3065,2026-05-24,1,BTC,HIST,0.16046813395247378,1.8451875997196485
3065,2026-05-25,2,BTC,GARCH,0.15008016461455187,4.373478803217934
3065,2026-05-25,2,BTC,EWMA,0.15008016461455187,2.4769938388716657
3065,2026-05-25,2,BTC,HIST,0.15008016461455187,1.8451875997196485
3065,2026-05-26,3,BTC,GARCH,3.6086858535310657,4.516128083867391
3065,2026-05-26,3,BTC,EWMA,3.6086858535310657,2.4769938388716657
3065,2026-05-26,3,BTC,HIST,3.6086858535310657,1.8451875997196485
3065,2026-05-27,4,BTC,GARCH,3.8908788316264165,4.658777364516849
3065,2026-05-27,4,BTC,EWMA,3.8908788316264165,2.4769938388716657
3065,2026-05-27,4,BTC,HIST,3.8908788316264165,1.8451875997196485
3065,2026-05-28,5,BTC,GARCH,1.1946058622777465,4.801426645166307
3065,2026-05-28,5,BTC,EWMA,1.1946058622777465,2.4769938388716657
3065,2026-05-28,5,BTC,HIST,1.1946058622777465,1.8451875997196485
3065,2026-05-29,6,BTC,GARCH,0.04986734818633608,4.944075925815763
3065,2026-05-29,6,BTC,EWMA,0.04986734818633608,2.4769938388716657
3065,2026-05-29,6,BTC,HIST,0.04986734818633608,1.8451875997196485
3065,2026-05-30,7,BTC,GARCH,0.2700922117462702,5.086725206465221
3065,2026-05-30,7,BTC,EWMA,0.2700922117462702,2.4769938388716657
3065,2026-05-30,7,BTC,HIST,0.2700922117462702,1.8451875997196485
3065,2026-05-31,8,BTC,GARCH,0.056528035102452426,5.229374487114679
3065,2026-05-31,8,BTC,EWMA,0.056528035102452426,2.4769938388716657
3065,2026-05-31,8,BTC,HIST,0.056528035102452426,1.8451875997196485
3065,2026-06-01,9,BTC,GARCH,9.73152126611718,5.372023767764136
3065,2026-06-01,9,BTC,EWMA,9.73152126611718,2.4769938388716657
3065,2026-06-01,9,BTC,HIST,9.73152126611718,1.8451875997196485
3065,2026-06-02,10,BTC,GARCH,44.774631244612394,5.514673048413593
3065,2026-06-02,10,BTC,EWMA,44.774631244612394,2.4769938388716657
3065,2026-06-02,10,BTC,HIST,44.774631244612394,1.8451875997196485
3065,2026-05-24,1,ETH,GARCH,0.7264072228663929,8.480884076250476
3065,2026-05-24,1,ETH,EWMA,0.7264072228663929,3.9702086292913825
3065,2026-05-24,1,ETH,HIST,0.7264072228663929,2.489716588143193
3065,2026-05-25,2,ETH,GARCH,0.40393603842610815,9.055583244656113
3065,2026-05-25,2,ETH,EWMA,0.40393603842610815,3.9702086292913825
3065,2026-05-25,2,ETH,HIST,0.40393603842610815,2.489716588143193
3065,2026-05-26,3,ETH,GARCH,3.7535607489152887,9.627911424672881
3065,2026-05-26,3,ETH,EWMA,3.7535607489152887,3.9702086292913825
3065,2026-05-26,3,ETH,HIST,3.7535607489152887,2.489716588143193
3065,2026-05-27,4,ETH,GARCH,5.653899666830372,10.197878398089669
3065,2026-05-27,4,ETH,EWMA,5.653899666830372,3.9702086292913825
3065,2026-05-27,4,ETH,HIST,5.653899666830372,2.489716588143193
3065,2026-05-28,5,ETH,GARCH,0.5283433759172673,10.765493906339456
3065,2026-05-28,5,ETH,EWMA,0.5283433759172673,3.9702086292913825
3065,2026-05-28,5,ETH,HIST,0.5283433759172673,2.489716588143193
3065,2026-05-29,6,ETH,GARCH,0.04849415681952911,11.330767650665804
3065,2026-05-29,6,ETH,EWMA,0.04849415681952911,3.9702086292913825
3065,2026-05-29,6,ETH,HIST,0.04849415681952911,2.489716588143193
3065,2026-05-30,7,ETH,GARCH,0.13769363353795494,11.893709292288664
3065,2026-05-30,7,ETH,EWMA,0.13769363353795494,3.9702086292913825
3065,2026-05-30,7,ETH,HIST,0.13769363353795494,2.489716588143193
3065,2026-05-31,8,ETH,GARCH,0.5645537428547991,12.4543284525695
3065,2026-05-31,8,ETH,EWMA,0.5645537428547991,3.9702086292913825
3065,2026-05-31,8,ETH,HIST,0.5645537428547991,2.489716588143193
3065,2026-06-01,9,ETH,GARCH,0.0031261914591499463,13.012634713175729
3065,2026-06-01,9,ETH,EWMA,0.0031261914591499463,3.9702086292913825
3065,2026-06-01,9,ETH,HIST,0.0031261914591499463,2.489716588143193
3065,2026-06-02,10,ETH,GARCH,56.864476562758476,13.568637616244477
3065,2026-06-02,10,ETH,EWMA,56.864476562758476,3.9702086292913825
3065,2026-06-02,10,ETH,HIST,56.864476562758476,2.489716588143193
3075,2026-06-03,1,BTC,GARCH,16.935053994213593,7.612440365514761
3075,2026-06-03,1,BTC,EWMA,16.935053994213593,4.953345531061756
3075,2026-06-03,1,BTC,HIST,16.935053994213593,3.1914848312996087
3075,2026-06-04,2,BTC,GARCH,0.11086776556911439,7.759371793606427
3075,2026-06-04,2,BTC,EWMA,0.11086776556911439,4.953345531061756
3075,2026-06-04,2,BTC,HIST,0.11086776556911439,3.1914848312996087
3075,2026-06-05,3,BTC,GARCH,21.319036924770742,7.906303221698092
3075,2026-06-05,3,BTC,EWMA,21.319036924770742,4.953345531061756
3075,2026-06-05,3,BTC,HIST,21.319036924770742,3.1914848312996087
3075,2026-06-06,4,BTC,GARCH,0.008233077013792554,8.053234649789758
3075,2026-06-06,4,BTC,EWMA,0.008233077013792554,4.953345531061756
3075,2026-06-06,4,BTC,HIST,0.008233077013792554,3.1914848312996087
3075,2026-06-07,5,BTC,GARCH,14.616442370108079,8.200166077881423
3075,2026-06-07,5,BTC,EWMA,14.616442370108079,4.953345531061756
3075,2026-06-07,5,BTC,HIST,14.616442370108079,3.1914848312996087
3075,2026-06-08,6,BTC,GARCH,0.055591604106202494,8.347097505973089
3075,2026-06-08,6,BTC,EWMA,0.055591604106202494,4.953345531061756
3075,2026-06-08,6,BTC,HIST,0.055591604106202494,3.1914848312996087
3075,2026-06-09,7,BTC,GARCH,5.382063566732788,8.494028934064755
3075,2026-06-09,7,BTC,EWMA,5.382063566732788,4.953345531061756
3075,2026-06-09,7,BTC,HIST,5.382063566732788,3.1914848312996087
3075,2026-06-10,8,BTC,GARCH,0.09986144067180408,8.64096036215642
3075,2026-06-10,8,BTC,EWMA,0.09986144067180408,4.953345531061756
3075,2026-06-10,8,BTC,HIST,0.09986144067180408,3.1914848312996087
3075,2026-06-11,9,BTC,GARCH,11.416741206291949,8.787891790248086
3075,2026-06-11,9,BTC,EWMA,11.416741206291949,4.953345531061756
3075,2026-06-11,9,BTC,HIST,11.416741206291949,3.1914848312996087
3075,2026-06-12,10,BTC,GARCH,0.0007893731273214039,8.934823218339751
3075,2026-06-12,10,BTC,EWMA,0.0007893731273214039,4.953345531061756
3075,2026-06-12,10,BTC,HIST,0.0007893731273214039,3.1914848312996087
3075,2026-06-03,1,ETH,GARCH,6.2822830813669315,13.304827000233097
3075,2026-06-03,1,ETH,EWMA,6.2822830813669315,6.032609078928282
3075,2026-06-03,1,ETH,HIST,6.2822830813669315,3.6639654323639284
3075,2026-06-04,2,ETH,GARCH,5.54174392761722,13.857300582621711
3075,2026-06-04,2,ETH,EWMA,5.54174392761722,6.032609078928282
3075,2026-06-04,2,ETH,HIST,5.54174392761722,3.6639654323639284
3075,2026-06-05,3,ETH,GARCH,127.17753218517394,14.408459370999745
3075,2026-06-05,3,ETH,EWMA,127.17753218517394,6.032609078928282
3075,2026-06-05,3,ETH,HIST,127.17753218517394,3.6639654323639284
3075,2026-06-06,4,ETH,GARCH,0.5896899435106624,14.958306494355345
3075,2026-06-06,4,ETH,EWMA,0.5896899435106624,6.032609078928282
3075,2026-06-06,4,ETH,HIST,0.5896899435106624,3.6639654323639284
3075,2026-06-07,5,ETH,GARCH,52.277878801454655,15.506845074230188
3075,2026-06-07,5,ETH,EWMA,52.277878801454655,6.032609078928282
3075,2026-06-07,5,ETH,HIST,52.277878801454655,3.6639654323639284
3075,2026-06-08,6,ETH,GARCH,0.04939862935977844,16.054078224737218
3075,2026-06-08,6,ETH,EWMA,0.04939862935977844,6.032609078928282
3075,2026-06-08,6,ETH,HIST,0.04939862935977844,3.6639654323639284
3075,2026-06-09,7,ETH,GARCH,9.934815229444927,16.600009052578308
3075,2026-06-09,7,ETH,EWMA,9.934815229444927,6.032609078928282
3075,2026-06-09,7,ETH,HIST,9.934815229444927,3.6639654323639284
3075,2026-06-10,8,ETH,GARCH,1.1633230561263492,17.144640657061903
3075,2026-06-10,8,ETH,EWMA,1.1633230561263492,6.032609078928282
3075,2026-06-10,8,ETH,HIST,1.1633230561263492,3.6639654323639284
3075,2026-06-11,9,ETH,GARCH,10.034452861255032,17.68797613012062
3075,2026-06-11,9,ETH,EWMA,10.034452861255032,6.032609078928282
3075,2026-06-11,9,ETH,HIST,10.034452861255032,3.6639654323639284
3075,2026-06-12,10,ETH,GARCH,0.18373785963751882,18.2300185563288
3075,2026-06-12,10,ETH,EWMA,0.18373785963751882,6.032609078928282
3075,2026-06-12,10,ETH,HIST,0.18373785963751882,3.6639654323639284
3085,2026-06-13,1,BTC,GARCH,1.8836800648610288,8.015329604038987
3085,2026-06-13,1,BTC,EWMA,1.8836800648610288,5.6477486974078515
3085,2026-06-13,1,BTC,HIST,1.8836800648610288,4.723613562439241
3085,2026-06-14,2,BTC,GARCH,3.925345521796566,8.165239609795451
3085,2026-06-14,2,BTC,EWMA,3.925345521796566,5.6477486974078515
3085,2026-06-14,2,BTC,HIST,3.925345521796566,4.723613562439241
3085,2026-06-15,3,BTC,GARCH,0.7698885190766874,8.315149615551915
3085,2026-06-15,3,BTC,EWMA,0.7698885190766874,5.6477486974078515
3085,2026-06-15,3,BTC,HIST,0.7698885190766874,4.723613562439241
3085,2026-06-16,4,BTC,GARCH,1.091200040939357,8.465059621308379
3085,2026-06-16,4,BTC,EWMA,1.091200040939357,5.6477486974078515
3085,2026-06-16,4,BTC,HIST,1.091200040939357,4.723613562439241
3085,2026-06-17,5,BTC,GARCH,3.3071064738137466,8.614969627064843
3085,2026-06-17,5,BTC,EWMA,3.3071064738137466,5.6477486974078515
3085,2026-06-17,5,BTC,HIST,3.3071064738137466,4.723613562439241
3085,2026-06-18,6,BTC,GARCH,5.716845833007736,8.764879632821307
3085,2026-06-18,6,BTC,EWMA,5.716845833007736,5.6477486974078515
3085,2026-06-18,6,BTC,HIST,5.716845833007736,4.723613562439241
3085,2026-06-19,7,BTC,GARCH,1.0389115980447807,8.914789638577771
3085,2026-06-19,7,BTC,EWMA,1.0389115980447807,5.6477486974078515
3085,2026-06-19,7,BTC,HIST,1.0389115980447807,4.723613562439241
3085,2026-06-20,8,BTC,GARCH,1.1964504609076196,9.064699644334235
3085,2026-06-20,8,BTC,EWMA,1.1964504609076196,5.6477486974078515
3085,2026-06-20,8,BTC,HIST,1.1964504609076196,4.723613562439241
3085,2026-06-21,9,BTC,GARCH,2.4721038015121617,9.214609650090699
3085,2026-06-21,9,BTC,EWMA,2.4721038015121617,5.6477486974078515
3085,2026-06-21,9,BTC,HIST,2.4721038015121617,4.723613562439241
3085,2026-06-22,10,BTC,GARCH,1.2625564727703247,9.364519655847165
3085,2026-06-22,10,BTC,EWMA,1.2625564727703247,5.6477486974078515
3085,2026-06-22,10,BTC,HIST,1.2625564727703247,4.723613562439241
3085,2026-06-13,1,ETH,GARCH,0.8135392921770936,19.21424678924594
3085,2026-06-13,1,ETH,EWMA,0.8135392921770936,12.078712091254756
3085,2026-06-13,1,ETH,HIST,0.8135392921770936,9.53417083326383
3085,2026-06-14,2,ETH,GARCH,6.802351197943833,19.771598887781856
3085,2026-06-14,2,ETH,EWMA,6.802351197943833,12.078712091254756
3085,2026-06-14,2,ETH,HIST,6.802351197943833,9.53417083326383
3085,2026-06-15,3,ETH,GARCH,15.984448030479914,20.327451561255703
3085,2026-06-15,3,ETH,EWMA,15.984448030479914,12.078712091254756
3085,2026-06-15,3,ETH,HIST,15.984448030479914,9.53417083326383
3085,2026-06-16,4,ETH,GARCH,0.06478788170679958,20.881808843518836
3085,2026-06-16,4,ETH,EWMA,0.06478788170679958,12.078712091254756
3085,2026-06-16,4,ETH,HIST,0.06478788170679958,9.53417083326383
3085,2026-06-17,5,ETH,GARCH,5.775023687457033,21.434674757570477
3085,2026-06-17,5,ETH,EWMA,5.775023687457033,12.078712091254756
3085,2026-06-17,5,ETH,HIST,5.775023687457033,9.53417083326383
3085,2026-06-18,6,ETH,GARCH,4.922308031143782,21.986053315586908
3085,2026-06-18,6,ETH,EWMA,4.922308031143782,12.078712091254756
3085,2026-06-18,6,ETH,HIST,4.922308031143782,9.53417083326383
3085,2026-06-19,7,ETH,GARCH,0.007177916049548384,22.535948518950597
3085,2026-06-19,7,ETH,EWMA,0.007177916049548384,12.078712091254756
3085,2026-06-19,7,ETH,HIST,0.007177916049548384,9.53417083326383
3085,2026-06-20,8,ETH,GARCH,2.694788923055641,23.084364358279235
3085,2026-06-20,8,ETH,EWMA,2.694788923055641,12.078712091254756
3085,2026-06-20,8,ETH,HIST,2.694788923055641,9.53417083326383
3085,2026-06-21,9,ETH,GARCH,4.066052519122493,23.631304813454683
3085,2026-06-21,9,ETH,EWMA,4.066052519122493,12.078712091254756
3085,2026-06-21,9,ETH,HIST,4.066052519122493,9.53417083326383
3085,2026-06-22,10,ETH,GARCH,1.6341664791224066,24.176773853651873
3085,2026-06-22,10,ETH,EWMA,1.6341664791224066,12.078712091254756
3085,2026-06-22,10,ETH,HIST,1.6341664791224066,9.53417083326383
3095,2026-06-23,1,BTC,GARCH,4.114077543981121,5.896693560263303
3095,2026-06-23,1,BTC,EWMA,4.114077543981121,4.069228220059989
3095,2026-06-23,1,BTC,HIST,4.114077543981121,4.850835378560352
3095,2026-06-24,2,BTC,GARCH,7.320915936059945,6.044422808794141
3095,2026-06-24,2,BTC,EWMA,7.320915936059945,4.069228220059989
3095,2026-06-24,2,BTC,HIST,7.320915936059945,4.850835378560352
3095,2026-06-25,3,BTC,GARCH,4.451694094402329,6.192152057324978
3095,2026-06-25,3,BTC,EWMA,4.451694094402329,4.069228220059989
3095,2026-06-25,3,BTC,HIST,4.451694094402329,4.850835378560352
3095,2026-06-26,4,BTC,GARCH,0.24239079316132053,6.3398813058558146
3095,2026-06-26,4,BTC,EWMA,0.24239079316132053,4.069228220059989
3095,2026-06-26,4,BTC,HIST,0.24239079316132053,4.850835378560352
3095,2026-06-27,5,BTC,GARCH,0.016196679106536178,6.487610554386651
3095,2026-06-27,5,BTC,EWMA,0.016196679106536178,4.069228220059989
3095,2026-06-27,5,BTC,HIST,0.016196679106536178,4.850835378560352
3095,2026-06-28,6,BTC,GARCH,0.4659426836133225,6.635339802917489
3095,2026-06-28,6,BTC,EWMA,0.4659426836133225,4.069228220059989
3095,2026-06-28,6,BTC,HIST,0.4659426836133225,4.850835378560352
3095,2026-06-29,7,BTC,GARCH,1.0258712367962832,6.783069051448327
3095,2026-06-29,7,BTC,EWMA,1.0258712367962832,4.069228220059989
3095,2026-06-29,7,BTC,HIST,1.0258712367962832,4.850835378560352
3095,2026-06-30,8,BTC,GARCH,7.084024218271227,6.9307982999791635
3095,2026-06-30,8,BTC,EWMA,7.084024218271227,4.069228220059989
3095,2026-06-30,8,BTC,HIST,7.084024218271227,4.850835378560352
3095,2026-07-01,9,BTC,GARCH,5.941308210163284,7.07852754851
3095,2026-07-01,9,BTC,EWMA,5.941308210163284,4.069228220059989
3095,2026-07-01,9,BTC,HIST,5.941308210163284,4.850835378560352
3095,2026-07-02,10,BTC,GARCH,5.949181535229672,7.226256797040837
3095,2026-07-02,10,BTC,EWMA,5.949181535229672,4.069228220059989
3095,2026-07-02,10,BTC,HIST,5.949181535229672,4.850835378560352
3095,2026-06-23,1,ETH,GARCH,12.970887659850247,11.505669838307735
3095,2026-06-23,1,ETH,EWMA,12.970887659850247,8.36263532605504
3095,2026-06-23,1,ETH,HIST,12.970887659850247,10.36310655195865
3095,2026-06-24,2,ETH,GARCH,7.67711388055584,12.078488940249786
3095,2026-06-24,2,ETH,EWMA,7.67711388055584,8.36263532605504
3095,2026-06-24,2,ETH,HIST,7.67711388055584,10.36310655195865
3095,2026-06-25,3,ETH,GARCH,11.979314159499056,12.649593446814158
3095,2026-06-25,3,ETH,EWMA,11.979314159499056,8.36263532605504
3095,2026-06-25,3,ETH,HIST,11.979314159499056,10.36310655195865
3095,2026-06-26,4,ETH,GARCH,0.5643275144146737,13.218988490227236
3095,2026-06-26,4,ETH,EWMA,0.5643275144146737,8.36263532605504
3095,2026-06-26,4,ETH,HIST,0.5643275144146737,10.36310655195865
3095,2026-06-27,5,ETH,GARCH,0.10202260831340436,13.78667918735333
3095,2026-06-27,5,ETH,EWMA,0.10202260831340436,8.36263532605504
3095,2026-06-27,5,ETH,HIST,0.10202260831340436,10.36310655195865
3095,2026-06-28,6,ETH,GARCH,0.006100799010356578,14.352670639740651
3095,2026-06-28,6,ETH,EWMA,0.006100799010356578,8.36263532605504
3095,2026-06-28,6,ETH,HIST,0.006100799010356578,10.36310655195865
3095,2026-06-29,7,ETH,GARCH,6.278203252749959,14.916967933667163
3095,2026-06-29,7,ETH,EWMA,6.278203252749959,8.36263532605504
3095,2026-06-29,7,ETH,HIST,6.278203252749959,10.36310655195865
3095,2026-06-30,8,ETH,GARCH,6.528778795032544,15.479576140186284
3095,2026-06-30,8,ETH,EWMA,6.528778795032544,8.36263532605504
3095,2026-06-30,8,ETH,HIST,6.528778795032544,10.36310655195865
3095,2026-07-01,9,ETH,GARCH,6.139448292255363,16.040500315172466
3095,2026-07-01,9,ETH,EWMA,6.139448292255363,8.36263532605504
3095,2026-07-01,9,ETH,HIST,6.139448292255363,10.36310655195865
3095,2026-07-02,10,ETH,GARCH,29.11943705609659,16.599745499366616
3095,2026-07-02,10,ETH,EWMA,29.11943705609659,8.36263532605504
3095,2026-07-02,10,ETH,HIST,29.11943705609659,10.36310655195865
3105,2026-07-03,1,BTC,GARCH,2.9156791043724803,5.82255873784902
3105,2026-07-03,1,BTC,EWMA,2.9156791043724803,3.9254591215722563
3105,2026-07-03,1,BTC,HIST,2.9156791043724803,4.233612460402156
3105,2026-07-04,2,BTC,GARCH,0.7502872614759017,5.970714988236721
3105,2026-07-04,2,BTC,EWMA,0.7502872614759017,3.9254591215722563
3105,2026-07-04,2,BTC,HIST,0.7502872614759017,4.233612460402156
3105,2026-07-05,3,BTC,GARCH,0.5268255728950053,6.118871238624422
3105,2026-07-05,3,BTC,EWMA,0.5268255728950053,3.9254591215722563
3105,2026-07-05,3,BTC,HIST,0.5268255728950053,4.233612460402156
3105,2026-07-06,4,BTC,GARCH,0.4916138031493505,6.267027489012123
3105,2026-07-06,4,BTC,EWMA,0.4916138031493505,3.9254591215722563
3105,2026-07-06,4,BTC,HIST,0.4916138031493505,4.233612460402156
3105,2026-07-07,5,BTC,GARCH,1.2014421829987671,6.415183739399824
3105,2026-07-07,5,BTC,EWMA,1.2014421829987671,3.9254591215722563
3105,2026-07-07,5,BTC,HIST,1.2014421829987671,4.233612460402156
3105,2026-07-08,6,BTC,GARCH,2.7436495372613616,6.563339989787525
3105,2026-07-08,6,BTC,EWMA,2.7436495372613616,3.9254591215722563
3105,2026-07-08,6,BTC,HIST,2.7436495372613616,4.233612460402156
3105,2026-07-09,7,BTC,GARCH,2.224775795778553,6.711496240175225
3105,2026-07-09,7,BTC,EWMA,2.224775795778553,3.9254591215722563
3105,2026-07-09,7,BTC,HIST,2.224775795778553,4.233612460402156
3105,2026-07-10,8,BTC,GARCH,2.1526173059130707,6.859652490562926
3105,2026-07-10,8,BTC,EWMA,2.1526173059130707,3.9254591215722563
3105,2026-07-10,8,BTC,HIST,2.1526173059130707,4.233612460402156
3105,2026-07-11,9,BTC,GARCH,0.25834028431401546,7.007808740950627
3105,2026-07-11,9,BTC,EWMA,0.25834028431401546,3.9254591215722563
3105,2026-07-11,9,BTC,HIST,0.25834028431401546,4.233612460402156
3105,2026-07-12,10,BTC,GARCH,0.004717891553063625,7.155964991338328
3105,2026-07-12,10,BTC,EWMA,0.004717891553063625,3.9254591215722563
3105,2026-07-12,10,BTC,HIST,0.004717891553063625,4.233612460402156
3105,2026-07-03,1,ETH,GARCH,11.412882838228727,13.27268982989712
3105,2026-07-03,1,ETH,EWMA,11.412882838228727,8.47763205547798
3105,2026-07-03,1,ETH,HIST,11.412882838228727,11.155909843821895
3105,2026-07-04,2,ETH,GARCH,1.6220848767227456,13.825708442438994
3105,2026-07-04,2,ETH,EWMA,1.6220848767227456,8.47763205547798
3105,2026-07-04,2,ETH,HIST,1.6220848767227456,11.155909843821895
3105,2026-07-05,3,ETH,GARCH,0.0497628295090525,14.376481157049835
3105,2026-07-05,3,ETH,EWMA,0.0497628295090525,8.47763205547798
3105,2026-07-05,3,ETH,HIST,0.0497628295090525,11.155909843821895
3105,2026-07-06,4,ETH,GARCH,0.6621295834912899,14.925017094683986
3105,2026-07-06,4,ETH,EWMA,0.6621295834912899,8.47763205547798
3105,2026-07-06,4,ETH,HIST,0.6621295834912899,11.155909843821895
3105,2026-07-07,5,ETH,GARCH,2.6567729078750375,15.471325339254122
3105,2026-07-07,5,ETH,EWMA,2.6567729078750375,8.47763205547798
3105,2026-07-07,5,ETH,HIST,2.6567729078750375,11.155909843821895
3105,2026-07-08,6,ETH,GARCH,2.165438779185533,16.01541493778168
3105,2026-07-08,6,ETH,EWMA,2.165438779185533,8.47763205547798
3105,2026-07-08,6,ETH,HIST,2.165438779185533,11.155909843821895
3105,2026-07-09,7,ETH,GARCH,0.010740768483047409,16.557294900546687
3105,2026-07-09,7,ETH,EWMA,0.010740768483047409,8.47763205547798
3105,2026-07-09,7,ETH,HIST,0.010740768483047409,11.155909843821895
3105,2026-07-10,8,ETH,GARCH,8.370598819250207,17.096974201236957
3105,2026-07-10,8,ETH,EWMA,8.370598819250207,8.47763205547798
3105,2026-07-10,8,ETH,HIST,8.370598819250207,11.155909843821895
3105,2026-07-11,9,ETH,GARCH,0.17958668028715274,17.634461777096718
3105,2026-07-11,9,ETH,EWMA,0.17958668028715274,8.47763205547798
3105,2026-07-11,9,ETH,HIST,0.17958668028715274,11.155909843821895
3105,2026-07-12,10,ETH,GARCH,0.968989034511435,18.169766529074597
3105,2026-07-12,10,ETH,EWMA,0.968989034511435,8.47763205547798
3105,2026-07-12,10,ETH,HIST,0.968989034511435,11.155909843821895
3115,2026-07-13,1,BTC,GARCH,5.815013343836105,4.342357159157091
3115,2026-07-13,1,BTC,EWMA,5.815013343836105,2.7041190065390683
3115,2026-07-13,1,BTC,HIST,5.815013343836105,2.4180612186295503
3115,2026-07-14,2,BTC,GARCH,18.256907897608663,4.487289012951456
3115,2026-07-14,2,BTC,EWMA,18.256907897608663,2.7041190065390683
3115,2026-07-14,2,BTC,HIST,18.256907897608663,2.4180612186295503
3115,2026-07-15,3,BTC,GARCH,0.14133170802181774,4.632220866745822
3115,2026-07-15,3,BTC,EWMA,0.14133170802181774,2.7041190065390683
3115,2026-07-15,3,BTC,HIST,0.14133170802181774,2.4180612186295503
3115,2026-07-16,4,BTC,GARCH,2.0641873043692884,4.777152720540187
3115,2026-07-16,4,BTC,EWMA,2.0641873043692884,2.7041190065390683
3115,2026-07-16,4,BTC,HIST,2.0641873043692884,2.4180612186295503
3115,2026-07-17,5,BTC,GARCH,0.029782288175552743,4.922084574334552
3115,2026-07-17,5,BTC,EWMA,0.029782288175552743,2.7041190065390683
3115,2026-07-17,5,BTC,HIST,0.029782288175552743,2.4180612186295503
3115,2026-07-18,6,BTC,GARCH,1.943858232359101,5.067016428128918
3115,2026-07-18,6,BTC,EWMA,1.943858232359101,2.7041190065390683
3115,2026-07-18,6,BTC,HIST,1.943858232359101,2.4180612186295503
3115,2026-07-19,7,BTC,GARCH,0.02670243096537249,5.2119482819232825
3115,2026-07-19,7,BTC,EWMA,0.02670243096537249,2.7041190065390683
3115,2026-07-19,7,BTC,HIST,0.02670243096537249,2.4180612186295503
3115,2026-07-20,8,BTC,GARCH,0.6890387641277342,5.356880135717647
3115,2026-07-20,8,BTC,EWMA,0.6890387641277342,2.7041190065390683
3115,2026-07-20,8,BTC,HIST,0.6890387641277342,2.4180612186295503
3115,2026-07-21,9,BTC,GARCH,3.7477503791987536,5.501811989512012
3115,2026-07-21,9,BTC,EWMA,3.7477503791987536,2.7041190065390683
3115,2026-07-21,9,BTC,HIST,3.7477503791987536,2.4180612186295503
3115,2026-07-22,10,BTC,GARCH,0.37188164946383545,5.646743843306377
3115,2026-07-22,10,BTC,EWMA,0.37188164946383545,2.7041190065390683
3115,2026-07-22,10,BTC,HIST,0.37188164946383545,2.4180612186295503
3115,2026-07-13,1,ETH,GARCH,3.255029747032482,8.897633245131138
3115,2026-07-13,1,ETH,EWMA,3.255029747032482,5.7782294475140645
3115,2026-07-13,1,ETH,HIST,3.255029747032482,5.001237326397783
3115,2026-07-14,2,ETH,GARCH,40.127379867123956,9.455779324795696
3115,2026-07-14,2,ETH,EWMA,40.127379867123956,5.7782294475140645
3115,2026-07-14,2,ETH,HIST,40.127379867123956,5.001237326397783
3115,2026-07-15,3,ETH,GARCH,2.0824002798138985,10.012057553686823
3115,2026-07-15,3,ETH,EWMA,2.0824002798138985,5.7782294475140645
3115,2026-07-15,3,ETH,HIST,2.0824002798138985,5.001237326397783
3115,2026-07-16,4,ETH,GARCH,8.08846835412308,10.566474182617055
3115,2026-07-16,4,ETH,EWMA,8.08846835412308,5.7782294475140645
3115,2026-07-16,4,ETH,HIST,8.08846835412308,5.001237326397783
3115,2026-07-17,5,ETH,GARCH,1.437458319565511,11.119035441480419
3115,2026-07-17,5,ETH,EWMA,1.437458319565511,5.7782294475140645
3115,2026-07-17,5,ETH,HIST,1.437458319565511,5.001237326397783
3115,2026-07-18,6,ETH,GARCH,1.214882907979731,11.669747539322431
3115,2026-07-18,6,ETH,EWMA,1.214882907979731,5.7782294475140645
3115,2026-07-18,6,ETH,HIST,1.214882907979731,5.001237326397783
3115,2026-07-19,7,ETH,GARCH,0.29378253447810754,12.218616664409872
3115,2026-07-19,7,ETH,EWMA,0.29378253447810754,5.7782294475140645
3115,2026-07-19,7,ETH,HIST,0.29378253447810754,5.001237326397783
3115,2026-07-20,8,ETH,GARCH,2.919140328243861,12.765648984300325
3115,2026-07-20,8,ETH,EWMA,2.919140328243861,5.7782294475140645
3115,2026-07-20,8,ETH,HIST,2.919140328243861,5.001237326397783
3115,2026-07-21,9,ETH,GARCH,1.651721316564957,13.310850645911476
3115,2026-07-21,9,ETH,EWMA,1.651721316564957,5.7782294475140645
3115,2026-07-21,9,ETH,HIST,1.651721316564957,5.001237326397783
3115,2026-07-22,10,ETH,GARCH,0.06993280142106789,13.854227775590182
3115,2026-07-22,10,ETH,EWMA,0.06993280142106789,5.7782294475140645
3115,2026-07-22,10,ETH,HIST,0.06993280142106789,5.001237326397783
3125,2026-07-23,1,BTC,GARCH,2.593499907796822,4.500979784812821
3125,2026-07-23,1,BTC,EWMA,2.593499907796822,2.7789867782147684
3125,2026-07-23,1,BTC,HIST,2.593499907796822,2.7534661741814315
3125,2026-07-24,2,BTC,GARCH,2.1478525291194397,4.645370901284301
3125,2026-07-24,2,BTC,EWMA,2.1478525291194397,2.7789867782147684
3125,2026-07-24,2,BTC,HIST,2.1478525291194397,2.7534661741814315
3125,2026-07-25,3,BTC,GARCH,0.11038486427290002,4.789762017755781
3125,2026-07-25,3,BTC,EWMA,0.11038486427290002,2.7789867782147684
3125,2026-07-25,3,BTC,HIST,0.11038486427290002,2.7534661741814315
3125,2026-07-26,4,BTC,GARCH,2.517199903593301,4.9341531342272615
3125,2026-07-26,4,BTC,EWMA,2.517199903593301,2.7789867782147684
3125,2026-07-26,4,BTC,HIST,2.517199903593301,2.7534661741814315
3125,2026-07-27,5,BTC,GARCH,6.266837819534013,5.078544250698742
3125,2026-07-27,5,BTC,EWMA,6.266837819534013,2.7789867782147684
3125,2026-07-27,5,BTC,HIST,6.266837819534013,2.7534661741814315
3125,2026-07-28,6,BTC,GARCH,0.05270493191147817,5.222935367170222
3125,2026-07-28,6,BTC,EWMA,0.05270493191147817,2.7789867782147684
3125,2026-07-28,6,BTC,HIST,0.05270493191147817,2.7534661741814315
3125,2026-07-29,7,BTC,GARCH,0.0033185143753693054,5.367326483641702
3125,2026-07-29,7,BTC,EWMA,0.0033185143753693054,2.7789867782147684
3125,2026-07-29,7,BTC,HIST,0.0033185143753693054,2.7534661741814315
3125,2026-07-30,8,BTC,GARCH,1.6141997109852164,5.511717600113182
3125,2026-07-30,8,BTC,EWMA,1.6141997109852164,2.7789867782147684
3125,2026-07-30,8,BTC,HIST,1.6141997109852164,2.7534661741814315
3125,2026-07-31,9,BTC,GARCH,8.987018901363575,5.656108716584662
3125,2026-07-31,9,BTC,EWMA,8.987018901363575,2.7789867782147684
3125,2026-07-31,9,BTC,HIST,8.987018901363575,2.7534661741814315
3125,2026-08-01,10,BTC,GARCH,0.006449776155018416,5.800499833056143
3125,2026-08-01,10,BTC,EWMA,0.006449776155018416,2.7789867782147684
3125,2026-08-01,10,BTC,HIST,0.006449776155018416,2.7534661741814315
3125,2026-07-23,1,ETH,GARCH,8.760752525813972,8.9151907900986
3125,2026-07-23,1,ETH,EWMA,8.760752525813972,5.494559029718748
3125,2026-07-23,1,ETH,HIST,8.760752525813972,5.544385956629932
3125,2026-07-24,2,ETH,GARCH,0.8202264576020756,9.462956225781076
3125,2026-07-24,2,ETH,EWMA,0.8202264576020756,5.494559029718748
3125,2026-07-24,2,ETH,HIST,0.8202264576020756,5.544385956629932
3125,2026-07-25,3,ETH,GARCH,0.4884120890161658,10.009013297346186
3125,2026-07-25,3,ETH,EWMA,0.4884120890161658,5.494559029718748
3125,2026-07-25,3,ETH,HIST,0.4884120890161658,5.544385956629932
3125,2026-07-26,4,ETH,GARCH,17.570384801733066,10.553367332818974
3125,2026-07-26,4,ETH,EWMA,17.570384801733066,5.494559029718748
3125,2026-07-26,4,ETH,HIST,17.570384801733066,5.544385956629932
3125,2026-07-27,5,ETH,GARCH,10.677087355806933,11.0960236436075
3125,2026-07-27,5,ETH,EWMA,10.677087355806933,5.494559029718748
3125,2026-07-27,5,ETH,HIST,10.677087355806933,5.544385956629932
3125,2026-07-28,6,ETH,GARCH,2.370664584928522,11.63698752455467
3125,2026-07-28,6,ETH,EWMA,2.370664584928522,5.494559029718748
3125,2026-07-28,6,ETH,HIST,2.370664584928522,5.544385956629932
3125,2026-07-29,7,ETH,GARCH,0.3565026769042285,12.176264253989899
3125,2026-07-29,7,ETH,EWMA,0.3565026769042285,5.494559029718748
3125,2026-07-29,7,ETH,HIST,0.3565026769042285,5.544385956629932
3125,2026-07-30,8,ETH,GARCH,0.21422175839659255,12.713859093780616
3125,2026-07-30,8,ETH,EWMA,0.21422175839659255,5.494559029718748
3125,2026-07-30,8,ETH,HIST,0.21422175839659255,5.544385956629932
3125,2026-07-31,9,ETH,GARCH,9.116484803540338,13.249777289383601
3125,2026-07-31,9,ETH,EWMA,9.116484803540338,5.494559029718748
3125,2026-07-31,9,ETH,HIST,9.116484803540338,5.544385956629932
3125,2026-08-01,10,ETH,GARCH,0.8356073082569087,13.784024069896166
3125,2026-08-01,10,ETH,EWMA,0.8356073082569087,5.494559029718748
3125,2026-08-01,10,ETH,HIST,0.8356073082569087,5.544385956629932
3135,2026-08-02,1,BTC,GARCH,1.296311989209323,4.485312627867982
3135,2026-08-02,1,BTC,EWMA,1.296311989209323,2.644434236291544
3135,2026-08-02,1,BTC,HIST,1.296311989209323,2.350493032625
3135,2026-08-03,2,BTC,GARCH,0.0011052802456450106,4.629164660530358
3135,2026-08-03,2,BTC,EWMA,0.0011052802456450106,2.644434236291544
3135,2026-08-03,2,BTC,HIST,0.0011052802456450106,2.350493032625
3135,2026-08-04,3,BTC,GARCH,0.8710536299542464,4.773016693192734
3135,2026-08-04,3,BTC,EWMA,0.8710536299542464,2.644434236291544
3135,2026-08-04,3,BTC,HIST,0.8710536299542464,2.350493032625
3135,2026-08-05,4,BTC,GARCH,0.7087520610006148,4.916868725855109
3135,2026-08-05,4,BTC,EWMA,0.7087520610006148,2.644434236291544
3135,2026-08-05,4,BTC,HIST,0.7087520610006148,2.350493032625
3135,2026-08-06,5,BTC,GARCH,0.2709692608180432,5.060720758517485
3135,2026-08-06,5,BTC,EWMA,0.2709692608180432,2.644434236291544
3135,2026-08-06,5,BTC,HIST,0.2709692608180432,2.350493032625
3135,2026-08-07,6,BTC,GARCH,0.91625488863399,5.204572791179861
3135,2026-08-07,6,BTC,EWMA,0.91625488863399,2.644434236291544
3135,2026-08-07,6,BTC,HIST,0.91625488863399,2.350493032625
3135,2026-08-08,7,BTC,GARCH,0.0014249692088722163,5.348424823842236
3135,2026-08-08,7,BTC,EWMA,0.0014249692088722163,2.644434236291544
3135,2026-08-08,7,BTC,HIST,0.0014249692088722163,2.350493032625
3135,2026-08-09,8,BTC,GARCH,0.008496926970581877,5.492276856504611
3135,2026-08-09,8,BTC,EWMA,0.008496926970581877,2.644434236291544
3135,2026-08-09,8,BTC,HIST,0.008496926970581877,2.350493032625
3135,2026-08-10,9,BTC,GARCH,2.1062856357297672,5.6361288891669865
3135,2026-08-10,9,BTC,EWMA,2.1062856357297672,2.644434236291544
3135,2026-08-10,9,BTC,HIST,2.1062856357297672,2.350493032625
3135,2026-08-11,10,BTC,GARCH,0.31680127733580066,5.779980921829361
3135,2026-08-11,10,BTC,EWMA,0.31680127733580066,2.644434236291544
3135,2026-08-11,10,BTC,HIST,0.31680127733580066,2.350493032625
3135,2026-08-02,1,ETH,GARCH,4.406239694209778,9.250471130841785
3135,2026-08-02,1,ETH,EWMA,4.406239694209778,5.211564424726726
3135,2026-08-02,1,ETH,HIST,4.406239694209778,4.6068114065633585
3135,2026-08-03,2,ETH,GARCH,1.6831653997333762,9.787819237460507
3135,2026-08-03,2,ETH,EWMA,1.6831653997333762,5.211564424726726
3135,2026-08-03,2,ETH,HIST,1.6831653997333762,4.6068114065633585
3135,2026-08-04,3,ETH,GARCH,0.29552462696025766,10.32326357337629
3135,2026-08-04,3,ETH,EWMA,0.29552462696025766,5.211564424726726
3135,2026-08-04,3,ETH,HIST,0.29552462696025766,4.6068114065633585
3135,2026-08-05,4,ETH,GARCH,4.08357378117392,10.856810883458692
3135,2026-08-05,4,ETH,EWMA,4.08357378117392,5.211564424726726
3135,2026-08-05,4,ETH,HIST,4.08357378117392,4.6068114065633585
3135,2026-08-06,5,ETH,GARCH,0.055062774537757604,11.388467888680879
3135,2026-08-06,5,ETH,EWMA,0.055062774537757604,5.211564424726726
3135,2026-08-06,5,ETH,HIST,0.055062774537757604,4.6068114065633585
3135,2026-08-07,6,ETH,GARCH,0.34604401328806655,11.918241286204278
3135,2026-08-07,6,ETH,EWMA,0.34604401328806655,5.211564424726726
3135,2026-08-07,6,ETH,HIST,0.34604401328806655,4.6068114065633585
3135,2026-08-08,7,ETH,GARCH,0.013856784995004687,12.446137749462942
3135,2026-08-08,7,ETH,EWMA,0.013856784995004687,5.211564424726726
3135,2026-08-08,7,ETH,HIST,0.013856784995004687,4.6068114065633585
3135,2026-08-09,8,ETH,GARCH,0.12834683532387142,12.97216392824761
3135,2026-08-09,8,ETH,EWMA,0.12834683532387142,5.211564424726726
3135,2026-08-09,8,ETH,HIST,0.12834683532387142,4.6068114065633585
3135,2026-08-10,9,ETH,GARCH,3.9169761582182216,13.496326448789484
3135,2026-08-10,9,ETH,EWMA,3.9169761582182216,5.211564424726726
3135,2026-08-10,9,ETH,HIST,3.9169761582182216,4.6068114065633585
3135,2026-08-11,10,ETH,GARCH,0.28945767759508556,14.01863191384368
3135,2026-08-11,10,ETH,EWMA,0.28945767759508556,5.211564424726726
3135,2026-08-11,10,ETH,HIST,0.28945767759508556,4.6068114065633585
3145,2026-08-12,1,BTC,GARCH,0.05542521603358102,3.3653723959091497
3145,2026-08-12,1,BTC,EWMA,0.05542521603358102,1.725345699855193
3145,2026-08-12,1,BTC,HIST,0.05542521603358102,2.1293291376209424
3145,2026-08-13,2,BTC,GARCH,1.7039608481180726e-07,3.5023252010552035
3145,2026-08-13,2,BTC,EWMA,1.7039608481180726e-07,1.725345699855193
3145,2026-08-13,2,BTC,HIST,1.7039608481180726e-07,2.1293291376209424
3145,2026-08-14,3,BTC,GARCH,0.45574205536485124,3.6392780062012577
3145,2026-08-14,3,BTC,EWMA,0.45574205536485124,1.725345699855193
3145,2026-08-14,3,BTC,HIST,0.45574205536485124,2.1293291376209424
3145,2026-08-15,4,BTC,GARCH,0.005982064420532173,3.7762308113473115
3145,2026-08-15,4,BTC,EWMA,0.005982064420532173,1.725345699855193
3145,2026-08-15,4,BTC,HIST,0.005982064420532173,2.1293291376209424
3145,2026-08-16,5,BTC,GARCH,0.10684055739643702,3.9131836164933653
3145,2026-08-16,5,BTC,EWMA,0.10684055739643702,1.725345699855193
3145,2026-08-16,5,BTC,HIST,0.10684055739643702,2.1293291376209424
3145,2026-08-17,6,BTC,GARCH,7.027873992945901,4.05013642163942
3145,2026-08-17,6,BTC,EWMA,7.027873992945901,1.725345699855193
3145,2026-08-17,6,BTC,HIST,7.027873992945901,2.1293291376209424
3145,2026-08-18,7,BTC,GARCH,0.07294576531161744,4.187089226785473
3145,2026-08-18,7,BTC,EWMA,0.07294576531161744,1.725345699855193
3145,2026-08-18,7,BTC,HIST,0.07294576531161744,2.1293291376209424
3145,2026-08-19,8,BTC,GARCH,46.91406940241952,4.324042031931527
3145,2026-08-19,8,BTC,EWMA,46.91406940241952,1.725345699855193
3145,2026-08-19,8,BTC,HIST,46.91406940241952,2.1293291376209424
3145,2026-08-20,9,BTC,GARCH,28.038301522287814,4.460994837077581
3145,2026-08-20,9,BTC,EWMA,28.038301522287814,1.725345699855193
3145,2026-08-20,9,BTC,HIST,28.038301522287814,2.1293291376209424
3145,2026-08-21,10,BTC,GARCH,49.12442374316479,4.597947642223636
3145,2026-08-21,10,BTC,EWMA,49.12442374316479,1.725345699855193
3145,2026-08-21,10,BTC,HIST,49.12442374316479,2.1293291376209424
3145,2026-08-12,1,ETH,GARCH,0.02968196621009903,6.844213369987861
3145,2026-08-12,1,ETH,EWMA,0.02968196621009903,3.465014312447974
3145,2026-08-12,1,ETH,HIST,0.02968196621009903,4.233610614268273
3145,2026-08-13,2,ETH,GARCH,0.09692683235456753,7.36470426149717
3145,2026-08-13,2,ETH,EWMA,0.09692683235456753,3.465014312447974
3145,2026-08-13,2,ETH,HIST,0.09692683235456753,4.233610614268273
3145,2026-08-14,3,ETH,GARCH,0.03150983846918515,7.884439424521374
3145,2026-08-14,3,ETH,EWMA,0.03150983846918515,3.465014312447974
3145,2026-08-14,3,ETH,HIST,0.03150983846918515,4.233610614268273
3145,2026-08-15,4,ETH,GARCH,0.00018861482548421953,8.403419956342965
3145,2026-08-15,4,ETH,EWMA,0.00018861482548421953,3.465014312447974
3145,2026-08-15,4,ETH,HIST,0.00018861482548421953,4.233610614268273
3145,2026-08-16,5,ETH,GARCH,0.1376445896352246,8.921646952651233
3145,2026-08-16,5,ETH,EWMA,0.1376445896352246,3.465014312447974
3145,2026-08-16,5,ETH,HIST,0.1376445896352246,4.233610614268273
3145,2026-08-17,6,ETH,GARCH,4.084752938033116,9.439121507544579
3145,2026-08-17,6,ETH,EWMA,4.084752938033116,3.465014312447974
3145,2026-08-17,6,ETH,HIST,4.084752938033116,4.233610614268273
3145,2026-08-18,7,ETH,GARCH,0.049461206664769775,9.955844713532823
3145,2026-08-18,7,ETH,EWMA,0.049461206664769775,3.465014312447974
3145,2026-08-18,7,ETH,HIST,0.049461206664769775,4.233610614268273
3145,2026-08-19,8,ETH,GARCH,259.52722531168416,10.471817661539514
3145,2026-08-19,8,ETH,EWMA,259.52722531168416,3.465014312447974
3145,2026-08-19,8,ETH,HIST,259.52722531168416,4.233610614268273
3145,2026-08-20,9,ETH,GARCH,10.717406347599503,10.98704144090423
3145,2026-08-20,9,ETH,EWMA,10.717406347599503,3.465014312447974
3145,2026-08-20,9,ETH,HIST,10.717406347599503,4.233610614268273
3145,2026-08-21,10,ETH,GARCH,60.948250631811725,11.501517139384877
3145,2026-08-21,10,ETH,EWMA,60.948250631811725,3.465014312447974
3145,2026-08-21,10,ETH,HIST,60.948250631811725,4.233610614268273
3155,2026-08-22,1,BTC,GARCH,2.59492161222105,11.720037068178517
3155,2026-08-22,1,BTC,EWMA,2.59492161222105,8.302764850848837
3155,2026-08-22,1,BTC,HIST,2.59492161222105,5.099534181702299
3155,2026-08-23,2,BTC,GARCH,0.7531009347144654,11.86727963059901
3155,2026-08-23,2,BTC,EWMA,0.7531009347144654,8.302764850848837
3155,2026-08-23,2,BTC,HIST,0.7531009347144654,5.099534181702299
3155,2026-08-24,3,BTC,GARCH,2.381439284239507,12.014522193019502
3155,2026-08-24,3,BTC,EWMA,2.381439284239507,8.302764850848837
3155,2026-08-24,3,BTC,HIST,2.381439284239507,5.099534181702299
3155,2026-08-25,4,BTC,GARCH,0.25726981414605793,12.161764755439995
3155,2026-08-25,4,BTC,EWMA,0.25726981414605793,8.302764850848837
3155,2026-08-25,4,BTC,HIST,0.25726981414605793,5.099534181702299
3155,2026-08-26,5,BTC,GARCH,0.3444393153826859,12.309007317860488
3155,2026-08-26,5,BTC,EWMA,0.3444393153826859,8.302764850848837
3155,2026-08-26,5,BTC,HIST,0.3444393153826859,5.099534181702299
3155,2026-08-27,6,BTC,GARCH,2.3857266728145454,12.456249880280982
3155,2026-08-27,6,BTC,EWMA,2.3857266728145454,8.302764850848837
3155,2026-08-27,6,BTC,HIST,2.3857266728145454,5.099534181702299
3155,2026-08-28,7,BTC,GARCH,9.431057775709242,12.603492442701477
3155,2026-08-28,7,BTC,EWMA,9.431057775709242,8.302764850848837
3155,2026-08-28,7,BTC,HIST,9.431057775709242,5.099534181702299
3155,2026-08-29,8,BTC,GARCH,0.28351776463060985,12.75073500512197
3155,2026-08-29,8,BTC,EWMA,0.28351776463060985,8.302764850848837
3155,2026-08-29,8,BTC,HIST,0.28351776463060985,5.099534181702299
3155,2026-08-30,9,BTC,GARCH,0.5501951181169588,12.897977567542462
3155,2026-08-30,9,BTC,EWMA,0.5501951181169588,8.302764850848837
3155,2026-08-30,9,BTC,HIST,0.5501951181169588,5.099534181702299
3155,2026-08-31,10,BTC,GARCH,1.2724199790032515,13.045220129962956
3155,2026-08-31,10,BTC,EWMA,1.2724199790032515,8.302764850848837
3155,2026-08-31,10,BTC,HIST,1.2724199790032515,5.099534181702299
3155,2026-08-22,1,ETH,GARCH,13.5881579580324,37.40619766447391
3155,2026-08-22,1,ETH,EWMA,13.5881579580324,20.092436469618168
3155,2026-08-22,1,ETH,HIST,13.5881579580324,12.632837288656939
3155,2026-08-23,2,ETH,GARCH,2.620718229650441,37.953534413887915
3155,2026-08-23,2,ETH,EWMA,2.620718229650441,20.092436469618168
3155,2026-08-23,2,ETH,HIST,2.620718229650441,12.632837288656939
3155,2026-08-24,3,ETH,GARCH,0.5307676694341196,38.50087116330192
3155,2026-08-24,3,ETH,EWMA,0.5307676694341196,20.092436469618168
3155,2026-08-24,3,ETH,HIST,0.5307676694341196,12.632837288656939
3155,2026-08-25,4,ETH,GARCH,2.466365679138801,39.04820791271594
3155,2026-08-25,4,ETH,EWMA,2.466365679138801,20.092436469618168
3155,2026-08-25,4,ETH,HIST,2.466365679138801,12.632837288656939
3155,2026-08-26,5,ETH,GARCH,6.502473525443722,39.595544662129946
3155,2026-08-26,5,ETH,EWMA,6.502473525443722,20.092436469618168
3155,2026-08-26,5,ETH,HIST,6.502473525443722,12.632837288656939
3155,2026-08-27,6,ETH,GARCH,0.027362222235228655,40.14288141154396
3155,2026-08-27,6,ETH,EWMA,0.027362222235228655,20.092436469618168
3155,2026-08-27,6,ETH,HIST,0.027362222235228655,12.632837288656939
3155,2026-08-28,7,ETH,GARCH,7.512724901315852,40.69021816095797
3155,2026-08-28,7,ETH,EWMA,7.512724901315852,20.092436469618168
3155,2026-08-28,7,ETH,HIST,7.512724901315852,12.632837288656939
3155,2026-08-29,8,ETH,GARCH,0.3823656572824529,41.237554910371976
3155,2026-08-29,8,ETH,EWMA,0.3823656572824529,20.092436469618168
3155,2026-08-29,8,ETH,HIST,0.3823656572824529,12.632837288656939
3155,2026-08-30,9,ETH,GARCH,2.6585177236623405,41.78489165978599
3155,2026-08-30,9,ETH,EWMA,2.6585177236623405,20.092436469618168
3155,2026-08-30,9,ETH,HIST,2.6585177236623405,12.632837288656939
3155,2026-08-31,10,ETH,GARCH,4.005837948604651,42.3322284092
3155,2026-08-31,10,ETH,EWMA,4.005837948604651,20.092436469618168
3155,2026-08-31,10,ETH,HIST,4.005837948604651,12.632837288656939
3165,2026-09-01,1,BTC,GARCH,2.1562999133222123,7.3850173669674986
3165,2026-09-01,1,BTC,EWMA,2.1562999133222123,5.411389474499969
3165,2026-09-01,1,BTC,HIST,2.1562999133222123,4.72586458070105
3165,2026-09-02,2,BTC,GARCH,0.017782047716792267,7.52721672419859
3165,2026-09-02,2,BTC,EWMA,0.017782047716792267,5.411389474499969
3165,2026-09-02,2,BTC,HIST,0.017782047716792267,4.72586458070105
3165,2026-09-03,3,BTC,GARCH,25.09835744038532,7.669416081429682
3165,2026-09-03,3,BTC,EWMA,25.09835744038532,5.411389474499969
3165,2026-09-03,3,BTC,HIST,25.09835744038532,4.72586458070105
3165,2026-09-04,4,BTC,GARCH,3.9523695100576846,7.811615438660773
3165,2026-09-04,4,BTC,EWMA,3.9523695100576846,5.411389474499969
3165,2026-09-04,4,BTC,HIST,3.9523695100576846,4.72586458070105
3165,2026-09-05,5,BTC,GARCH,0.036280074376587174,7.953814795891865
3165,2026-09-05,5,BTC,EWMA,0.036280074376587174,5.411389474499969
3165,2026-09-05,5,BTC,HIST,0.036280074376587174,4.72586458070105
3165,2026-09-06,6,BTC,GARCH,0.43166585456532497,8.096014153122956
3165,2026-09-06,6,BTC,EWMA,0.43166585456532497,5.411389474499969
3165,2026-09-06,6,BTC,HIST,0.43166585456532497,4.72586458070105
3165,2026-09-07,7,BTC,GARCH,2.3961250086930215,8.238213510354047
3165,2026-09-07,7,BTC,EWMA,2.3961250086930215,5.411389474499969
3165,2026-09-07,7,BTC,HIST,2.3961250086930215,4.72586458070105
3165,2026-09-08,8,BTC,GARCH,0.7391493366645204,8.380412867585138
3165,2026-09-08,8,BTC,EWMA,0.7391493366645204,5.411389474499969
3165,2026-09-08,8,BTC,HIST,0.7391493366645204,4.72586458070105
3165,2026-09-09,9,BTC,GARCH,0.05222810751438893,8.522612224816228
3165,2026-09-09,9,BTC,EWMA,0.05222810751438893,5.411389474499969
3165,2026-09-09,9,BTC,HIST,0.05222810751438893,4.72586458070105
3165,2026-09-10,10,BTC,GARCH,4.7740763592274655,8.664811582047319
3165,2026-09-10,10,BTC,EWMA,4.7740763592274655,5.411389474499969
3165,2026-09-10,10,BTC,HIST,4.7740763592274655,4.72586458070105
3165,2026-09-01,1,ETH,GARCH,4.021859660376318,16.610790826083477
3165,2026-09-01,1,ETH,EWMA,4.021859660376318,12.580409216078785
3165,2026-09-01,1,ETH,HIST,4.021859660376318,12.094988992312587
3165,2026-09-02,2,ETH,GARCH,1.1999518287164161,17.139949482435142
3165,2026-09-02,2,ETH,EWMA,1.1999518287164161,12.580409216078785
3165,2026-09-02,2,ETH,HIST,1.1999518287164161,12.094988992312587
3165,2026-09-03,3,ETH,GARCH,22.631622186314956,17.66910813878681
3165,2026-09-03,3,ETH,EWMA,22.631622186314956,12.580409216078785
3165,2026-09-03,3,ETH,HIST,22.631622186314956,12.094988992312587
3165,2026-09-04,4,ETH,GARCH,4.379844239754839,18.19826679513848
3165,2026-09-04,4,ETH,EWMA,4.379844239754839,12.580409216078785
3165,2026-09-04,4,ETH,HIST,4.379844239754839,12.094988992312587
3165,2026-09-05,5,ETH,GARCH,0.997862690188549,18.72742545149015
3165,2026-09-05,5,ETH,EWMA,0.997862690188549,12.580409216078785
3165,2026-09-05,5,ETH,HIST,0.997862690188549,12.094988992312587
3165,2026-09-06,6,ETH,GARCH,1.8328469221469,19.256584107841817
3165,2026-09-06,6,ETH,EWMA,1.8328469221469,12.580409216078785
3165,2026-09-06,6,ETH,HIST,1.8328469221469,12.094988992312587
3165,2026-09-07,7,ETH,GARCH,0.8884978682464278,19.785742764193483
3165,2026-09-07,7,ETH,EWMA,0.8884978682464278,12.580409216078785
3165,2026-09-07,7,ETH,HIST,0.8884978682464278,12.094988992312587
3165,2026-09-08,8,ETH,GARCH,0.05848166566060557,20.31490142054515
3165,2026-09-08,8,ETH,EWMA,0.05848166566060557,12.580409216078785
3165,2026-09-08,8,ETH,HIST,0.05848166566060557,12.094988992312587
3165,2026-09-09,9,ETH,GARCH,0.5301554057193529,20.84406007689682
3165,2026-09-09,9,ETH,EWMA,0.5301554057193529,12.580409216078785
3165,2026-09-09,9,ETH,HIST,0.5301554057193529,12.094988992312587
3165,2026-09-10,10,ETH,GARCH,1.4785724097020578,21.373218733248486
3165,2026-09-10,10,ETH,EWMA,1.4785724097020578,12.580409216078785
3165,2026-09-10,10,ETH,HIST,1.4785724097020578,12.094988992312587
3175,2026-09-11,1,BTC,GARCH,0.6208042591337934,6.3518959991450945
3175,2026-09-11,1,BTC,EWMA,0.6208042591337934,4.599386904456185
3175,2026-09-11,1,BTC,HIST,0.6208042591337934,6.004592332349903
3175,2026-09-12,2,BTC,GARCH,0.015671725383261944,6.492980194225007
3175,2026-09-12,2,BTC,EWMA,0.015671725383261944,4.599386904456185
3175,2026-09-12,2,BTC,HIST,0.015671725383261944,6.004592332349903
3175,2026-09-13,3,BTC,GARCH,0.31477770500389396,6.63406438930492
3175,2026-09-13,3,BTC,EWMA,0.31477770500389396,4.599386904456185
3175,2026-09-13,3,BTC,HIST,0.31477770500389396,6.004592332349903
3175,2026-09-14,4,BTC,GARCH,2.9240810053483846,6.775148584384833
3175,2026-09-14,4,BTC,EWMA,2.9240810053483846,4.599386904456185
3175,2026-09-14,4,BTC,HIST,2.9240810053483846,6.004592332349903
3175,2026-09-15,5,BTC,GARCH,11.008839086739801,6.916232779464746
3175,2026-09-15,5,BTC,EWMA,11.008839086739801,4.599386904456185
3175,2026-09-15,5,BTC,HIST,11.008839086739801,6.004592332349903
3175,2026-09-16,6,BTC,GARCH,0.5023363309104247,7.057316974544659
3175,2026-09-16,6,BTC,EWMA,0.5023363309104247,4.599386904456185
3175,2026-09-16,6,BTC,HIST,0.5023363309104247,6.004592332349903
3175,2026-09-17,7,BTC,GARCH,0.11040998693580865,7.198401169624573
3175,2026-09-17,7,BTC,EWMA,0.11040998693580865,4.599386904456185
3175,2026-09-17,7,BTC,HIST,0.11040998693580865,6.004592332349903
3175,2026-09-18,8,BTC,GARCH,32.71816772877,7.339485364704486
3175,2026-09-18,8,BTC,EWMA,32.71816772877,4.599386904456185
3175,2026-09-18,8,BTC,HIST,32.71816772877,6.004592332349903
3175,2026-09-19,9,BTC,GARCH,0.16794039929512367,7.480569559784399
3175,2026-09-19,9,BTC,EWMA,0.16794039929512367,4.599386904456185
3175,2026-09-19,9,BTC,HIST,0.16794039929512367,6.004592332349903
3175,2026-09-20,10,BTC,GARCH,0.012582545581935379,7.621653754864313
3175,2026-09-20,10,BTC,EWMA,0.012582545581935379,4.599386904456185
3175,2026-09-20,10,BTC,HIST,0.012582545581935379,6.004592332349903
3175,2026-09-11,1,ETH,GARCH,9.833706141360766,10.093940996442061
3175,2026-09-11,1,ETH,EWMA,9.833706141360766,8.315806980041415
3175,2026-09-11,1,ETH,HIST,9.833706141360766,13.05370543930445
3175,2026-09-12,2,ETH,GARCH,0.1978556148720841,10.634204377241545
3175,2026-09-12,2,ETH,EWMA,0.1978556148720841,8.315806980041415
3175,2026-09-12,2,ETH,HIST,0.1978556148720841,13.05370543930445
3175,2026-09-13,3,ETH,GARCH,3.825370957135987,11.174467758041029
3175,2026-09-13,3,ETH,EWMA,3.825370957135987,8.315806980041415
3175,2026-09-13,3,ETH,HIST,3.825370957135987,13.05370543930445
3175,2026-09-14,4,ETH,GARCH,2.2441403623393414,11.714731138840513
3175,2026-09-14,4,ETH,EWMA,2.2441403623393414,8.315806980041415
3175,2026-09-14,4,ETH,HIST,2.2441403623393414,13.05370543930445
3175,2026-09-15,5,ETH,GARCH,22.041870966461815,12.254994519639997
3175,2026-09-15,5,ETH,EWMA,22.041870966461815,8.315806980041415
3175,2026-09-15,5,ETH,HIST,22.041870966461815,13.05370543930445
3175,2026-09-16,6,ETH,GARCH,0.5005113501605452,12.795257900439482
3175,2026-09-16,6,ETH,EWMA,0.5005113501605452,8.315806980041415
3175,2026-09-16,6,ETH,HIST,0.5005113501605452,13.05370543930445
3175,2026-09-17,7,ETH,GARCH,1.6239649773388931,13.335521281238968
3175,2026-09-17,7,ETH,EWMA,1.6239649773388931,8.315806980041415
3175,2026-09-17,7,ETH,HIST,1.6239649773388931,13.05370543930445
3175,2026-09-18,8,ETH,GARCH,42.19783524002715,13.875784662038454
3175,2026-09-18,8,ETH,EWMA,42.19783524002715,8.315806980041415
3175,2026-09-18,8,ETH,HIST,42.19783524002715,13.05370543930445
3175,2026-09-19,9,ETH,GARCH,0.6183584033383687,14.41604804283794
3175,2026-09-19,9,ETH,EWMA,0.6183584033383687,8.315806980041415
3175,2026-09-19,9,ETH,HIST,0.6183584033383687,13.05370543930445
3175,2026-09-20,10,ETH,GARCH,0.17504940545761177,14.956311423637425
3175,2026-09-20,10,ETH,EWMA,0.17504940545761177,8.315806980041415
3175,2026-09-20,10,ETH,HIST,0.17504940545761177,13.05370543930445
3185,2026-09-21,1,BTC,GARCH,42.41297992269487,6.772057513165849
3185,2026-09-21,1,BTC,EWMA,42.41297992269487,4.891110472676995
3185,2026-09-21,1,BTC,HIST,42.41297992269487,3.5963584553229486
3185,2026-09-22,2,BTC,GARCH,0.24849247477530795,6.912622018391683
3185,2026-09-22,2,BTC,EWMA,0.24849247477530795,4.891110472676995
3185,2026-09-22,2,BTC,HIST,0.24849247477530795,3.5963584553229486
3185,2026-09-23,3,BTC,GARCH,4.402657525634319,7.053186523617517
3185,2026-09-23,3,BTC,EWMA,4.402657525634319,4.891110472676995
3185,2026-09-23,3,BTC,HIST,4.402657525634319,3.5963584553229486
3185,2026-09-24,4,BTC,GARCH,2.1861155801084653e-05,7.1937510288433515
3185,2026-09-24,4,BTC,EWMA,2.1861155801084653e-05,4.891110472676995
3185,2026-09-24,4,BTC,HIST,2.1861155801084653e-05,3.5963584553229486
3185,2026-09-25,5,BTC,GARCH,0.16702319429831367,7.334315534069186
3185,2026-09-25,5,BTC,EWMA,0.16702319429831367,4.891110472676995
3185,2026-09-25,5,BTC,HIST,0.16702319429831367,3.5963584553229486
3185,2026-09-26,6,BTC,GARCH,0.1946052451415893,7.474880039295021
3185,2026-09-26,6,BTC,EWMA,0.1946052451415893,4.891110472676995
3185,2026-09-26,6,BTC,HIST,0.1946052451415893,3.5963584553229486
3185,2026-09-27,7,BTC,GARCH,0.003739681923173287,7.615444544520855
3185,2026-09-27,7,BTC,EWMA,0.003739681923173287,4.891110472676995
3185,2026-09-27,7,BTC,HIST,0.003739681923173287,3.5963584553229486
3185,2026-09-28,8,BTC,GARCH,1.2944763198282396,7.756009049746689
3185,2026-09-28,8,BTC,EWMA,1.2944763198282396,4.891110472676995
3185,2026-09-28,8,BTC,HIST,1.2944763198282396,3.5963584553229486
3185,2026-09-29,9,BTC,GARCH,0.02056070454894675,7.896573554972524
3185,2026-09-29,9,BTC,EWMA,0.02056070454894675,4.891110472676995
3185,2026-09-29,9,BTC,HIST,0.02056070454894675,3.5963584553229486
3185,2026-09-30,10,BTC,GARCH,0.006731036306148907,8.037138060198359
3185,2026-09-30,10,BTC,EWMA,0.006731036306148907,4.891110472676995
3185,2026-09-30,10,BTC,HIST,0.006731036306148907,3.5963584553229486
3185,2026-09-21,1,ETH,GARCH,24.271386277451928,12.270713710453052
3185,2026-09-21,1,ETH,EWMA,24.271386277451928,8.423578052191674
3185,2026-09-21,1,ETH,HIST,24.271386277451928,5.3585315371395374
3185,2026-09-22,2,ETH,GARCH,0.7433818127536428,12.800342460737328
3185,2026-09-22,2,ETH,EWMA,0.7433818127536428,8.423578052191674
3185,2026-09-22,2,ETH,HIST,0.7433818127536428,5.3585315371395374
3185,2026-09-23,3,ETH,GARCH,6.245890980710529,13.329971211021606
3185,2026-09-23,3,ETH,EWMA,6.245890980710529,8.423578052191674
3185,2026-09-23,3,ETH,HIST,6.245890980710529,5.3585315371395374
3185,2026-09-24,4,ETH,GARCH,0.009439377954694786,13.859599961305884
3185,2026-09-24,4,ETH,EWMA,0.009439377954694786,8.423578052191674
3185,2026-09-24,4,ETH,HIST,0.009439377954694786,5.3585315371395374
3185,2026-09-25,5,ETH,GARCH,0.01393439501876721,14.38922871159016
3185,2026-09-25,5,ETH,EWMA,0.01393439501876721,8.423578052191674
3185,2026-09-25,5,ETH,HIST,0.01393439501876721,5.3585315371395374
3185,2026-09-26,6,ETH,GARCH,0.030951743396878208,14.918857461874438
3185,2026-09-26,6,ETH,EWMA,0.030951743396878208,8.423578052191674
3185,2026-09-26,6,ETH,HIST,0.030951743396878208,5.3585315371395374
3185,2026-09-27,7,ETH,GARCH,0.09481566288111427,15.448486212158716
3185,2026-09-27,7,ETH,EWMA,0.09481566288111427,8.423578052191674
3185,2026-09-27,7,ETH,HIST,0.09481566288111427,5.3585315371395374
3185,2026-09-28,8,ETH,GARCH,0.004200247905267685,15.978114962442993
3185,2026-09-28,8,ETH,EWMA,0.004200247905267685,8.423578052191674
3185,2026-09-28,8,ETH,HIST,0.004200247905267685,5.3585315371395374
3185,2026-09-29,9,ETH,GARCH,0.1983090271452042,16.50774371272727
3185,2026-09-29,9,ETH,EWMA,0.1983090271452042,8.423578052191674
3185,2026-09-29,9,ETH,HIST,0.1983090271452042,5.3585315371395374
3185,2026-09-30,10,ETH,GARCH,0.06738204847222469,17.037372463011547
3185,2026-09-30,10,ETH,EWMA,0.06738204847222469,8.423578052191674
3185,2026-09-30,10,ETH,HIST,0.06738204847222469,5.3585315371395374
