date,btc_close,eth_close,btc_volume,eth_volume
2018-01-01,13657.2001953125,772.6409912109375,10291200000,2595760128
2018-01-02,14982.099609375,884.4439697265625,16846600192,5783349760
2018-01-03,15201.0,962.719970703125,16871900160,5093159936
2018-01-04,15599.2001953125,980.9219970703125,21783199744,6502859776
2018-01-05,17429.5,997.719970703125,23840899072,6683149824
2018-01-06,17527.0,1041.6800537109375,18314600448,4662219776
2018-01-07,16477.599609375,1153.1700439453125,15866000384,5569880064
2018-01-08,15170.099609375,1148.530029296875,18413899776,8450970112
2018-01-09,14595.400390625,1299.739990234375,16659999744,7965459968
2018-01-10,14973.2998046875,1255.8199462890625,18500800512,9214950400
2018-01-11,13405.7998046875,1154.9300537109375,16534099968,7235899904
2018-01-12,13980.599609375,1273.199951171875,12065699840,5222300160
2018-01-13,14360.2001953125,1396.4200439453125,12763599872,5746760192
2018-01-14,13772.0,1366.77001953125,11084099584,4841630208
2018-01-15,13819.7998046875,1291.9200439453125,12750799872,4781100032
2018-01-16,11490.5,1053.68994140625,18853799936,8405139968
2018-01-17,11188.599609375,1014.25,18830600192,8545160192
2018-01-18,11474.900390625,1036.280029296875,15020399616,5938319872
2018-01-19,11607.400390625,1039.0999755859375,10740400128,4084450048
2018-01-20,12899.2001953125,1155.1500244140625,11801700352,3975190016
2018-01-21,11600.099609375,1049.5799560546875,9935179776,3378089984
2018-01-22,10931.400390625,1003.260009765625,10537400320,3810099968
2018-01-23,10868.400390625,986.22900390625,9660609536,3556699904
2018-01-24,11359.400390625,1058.780029296875,9940989952,3944039936
2018-01-25,11259.400390625,1056.030029296875,8873169920,4050190080
2018-01-26,11171.400390625,1055.1700439453125,9746199552,3617690112
2018-01-27,11440.7001953125,1107.0699462890625,7583269888,3002870016
2018-01-28,11786.2998046875,1246.010009765625,8350360064,5372329984
2018-01-29,11296.400390625,1182.3599853515625,7107359744,3715079936
2018-01-30,10106.2998046875,1071.1300048828125,8637859840,4107859968
2018-01-31,10221.099609375,1118.31005859375,8041160192,3757560064
2018-02-01,9170.5400390625,1036.7900390625,9959400448,5261680128
2018-02-02,8830.75,915.7849731445312,12726899712,6713290240
2018-02-03,9174.91015625,964.0189819335938,7263790080,3243480064
2018-02-04,8277.009765625,834.6820068359375,7073549824,2997090048
2018-02-05,6955.27001953125,697.9509887695312,9285289984,4269530112
2018-02-06,7754.0,793.1220092773438,13999800320,6518269952
2018-02-07,7621.2998046875,757.0679931640625,9169280000,3896179968
2018-02-08,8265.58984375,817.8070068359375,9346750464,3708189952
2018-02-09,8736.98046875,883.864990234375,6784820224,2495820032
2018-02-10,8621.900390625,860.4149780273438,7780960256,2930530048
2018-02-11,8129.97021484375,814.6599731445312,6122189824,2486650112
2018-02-12,8926.5703125,868.7069702148438,6256439808,2243450112
2018-02-13,8598.3095703125,845.2579956054688,5696719872,2081170048
2018-02-14,9494.6298828125,923.5609741210938,7909819904,2818370048
2018-02-15,10166.400390625,936.9760131835938,9062540288,2900100096
2018-02-16,10233.900390625,944.2100219726562,7296159744,2369449984
2018-02-17,11112.7001953125,974.114990234375,8660880384,2525720064
2018-02-18,10551.7998046875,923.9210205078125,8744009728,2567290112
2018-02-19,11225.2998046875,943.864990234375,7652089856,2169019904
2018-02-20,11403.7001953125,895.3709716796875,9926540288,2545260032
2018-02-21,10690.400390625,849.9710083007812,9405339648,2531729920
2018-02-22,10005.0,812.844970703125,8040079872,2150370048
2018-02-23,10301.099609375,864.1890258789062,7739500032,2334820096
2018-02-24,9813.0703125,840.5150146484375,6917929984,1926579968
2018-02-25,9664.73046875,844.8099975585938,5706939904,1646960000
2018-02-26,10366.7001953125,869.3150024414062,7287690240,2044480000
2018-02-27,10725.599609375,878.2650146484375,6966179840,2053980032
2018-02-28,10397.900390625,855.198974609375,6936189952,1963980032
2018-03-01,10951.0,872.2000122070312,7317279744,1868519936
2018-03-02,11086.400390625,856.85302734375,7620590080,1894419968
2018-03-03,11489.7001953125,857.2249755859375,6690570240,1699369984
2018-03-04,11512.599609375,866.677978515625,6084149760,1697939968
2018-03-05,11573.2998046875,853.6840209960938,6468539904,1898489984
2018-03-06,10779.900390625,816.9509887695312,6832169984,1943069952
2018-03-07,9965.5703125,752.8309936523438,8797910016,2175419904
2018-03-08,9395.009765625,704.5960083007812,7186089984,1891640064
2018-03-09,9337.5498046875,728.916015625,8704190464,2233019904
2018-03-10,8866.0,686.8900146484375,5386319872,1532960000
2018-03-11,9578.6298828125,723.3389892578125,6296370176,1562680064
2018-03-12,9205.1201171875,699.8309936523438,6457399808,1764999936
2018-03-13,9194.849609375,690.8270263671875,5991139840,1425959936
2018-03-14,8269.8095703125,614.291015625,6438230016,1810560000
2018-03-15,8300.8603515625,611.3040161132812,6834429952,1770460032
2018-03-16,8338.349609375,601.666015625,5289379840,1417350016
2018-03-17,7916.8798828125,552.7789916992188,4426149888,1267810048
2018-03-18,8223.6796875,538.6439819335938,6639190016,2685499904
2018-03-19,8630.650390625,556.7260131835938,6729110016,2046790016
2018-03-20,8913.4697265625,557.1749877929688,6361789952,1833680000
2018-03-21,8929.2802734375,561.7319946289062,6043129856,1781270016
2018-03-22,8728.4697265625,539.7020263671875,5530390016,1523459968
2018-03-23,8879.6201171875,539.6190185546875,5954120192,1596349952
2018-03-24,8668.1201171875,526.4390258789062,5664600064,1300009984
2018-03-25,8495.7802734375,524.2869873046875,4569880064,1151170048
2018-03-26,8209.400390625,489.95098876953125,5921039872,1638880000
2018-03-27,7833.0400390625,450.1159973144531,5378250240,1617939968
2018-03-28,7954.47998046875,446.27899169921875,4935289856,1514179968
2018-03-29,7165.7001953125,385.9679870605469,6361229824,1970230016
2018-03-30,6890.52001953125,394.6449890136719,6289509888,1878130048
2018-03-31,6973.52978515625,396.4570007324219,4553269760,1323920000
2018-04-01,6844.22998046875,379.60699462890625,4532100096,1256930048
2018-04-02,7083.7998046875,386.42498779296875,4333440000,1102259968
2018-04-03,7456.10986328125,416.89300537109375,5499700224,1363399936
2018-04-04,6853.83984375,380.5429992675781,4936000000,1287730048
2018-04-05,6811.47021484375,383.23199462890625,5639320064,1210680064
2018-04-06,6636.31982421875,370.2850036621094,3766810112,967105984
2018-04-07,6911.08984375,385.3139953613281,3976610048,951475008
2018-04-08,7023.52001953125,400.50799560546875,3652499968,948488000
2018-04-09,6770.72998046875,398.5260009765625,4894060032,1478390016
2018-04-10,6834.759765625,414.2430114746094,4272750080,1196000000
2018-04-11,6968.31982421875,430.5400085449219,4641889792,1439040000
2018-04-12,7889.25,492.9410095214844,8906250240,2519360000
2018-04-13,7895.9599609375,492.7349853515625,7764460032,2419249920
2018-04-14,7986.240234375,501.4779968261719,5191430144,1519079936
2018-04-15,8329.1103515625,531.7020263671875,5244480000,1726089984
2018-04-16,8058.669921875,511.1470031738281,5631309824,1758979968
2018-04-17,7902.08984375,502.8940124511719,6900879872,1760359936
2018-04-18,8163.419921875,524.7890014648438,6529909760,1762940032
2018-04-19,8294.3095703125,567.8889770507812,7063209984,2256869888
2018-04-20,8845.830078125,615.718017578125,8438110208,2849469952
2018-04-21,8895.580078125,605.39501953125,7548550144,2612460032
2018-04-22,8802.4599609375,621.8599853515625,6629899776,2426269952
2018-04-23,8930.8798828125,642.5479736328125,6925190144,2386830080
2018-04-24,9697.5,708.1580200195312,10678800384,3581860096
2018-04-25,8845.740234375,615.416015625,11083100160,4216140032
2018-04-26,9281.509765625,662.8090209960938,8970559488,2984009984
2018-04-27,8987.0498046875,647.031982421875,7566289920,2598129920
2018-04-28,9348.48046875,683.677978515625,7805479936,2496659968
2018-04-29,9419.080078125,688.8809814453125,8853000192,2740559872
2018-04-30,9240.5498046875,669.9240112304688,8673920000,2853100032
2018-05-01,9119.009765625,673.6129760742188,7713019904,2678960128
2018-05-02,9235.919921875,687.1489868164062,7558159872,2822269952
2018-05-03,9743.8603515625,779.5430297851562,10207299584,4210939904
2018-05-04,9700.759765625,785.6240234375,8217829888,3533410048
2018-05-05,9858.150390625,816.1199951171875,7651939840,3035040000
2018-05-06,9654.7998046875,792.3109741210938,7222280192,3105570048
2018-05-07,9373.009765625,753.7249755859375,7394019840,4316120064
2018-05-08,9234.8203125,752.8569946289062,7415869952,2920489984
2018-05-09,9325.1796875,752.2750244140625,7226890240,2877870080
2018-05-10,9043.9404296875,727.2769775390625,6906699776,2748950016
2018-05-11,8441.490234375,679.5859985351562,8488520192,3290080000
2018-05-12,8504.8896484375,686.0479736328125,6821380096,2668480000
2018-05-13,8723.9404296875,733.4959716796875,5866379776,2362500096
2018-05-14,8716.7900390625,730.5490112304688,7364149760,3005110016
2018-05-15,8510.3798828125,708.8709716796875,6705710080,2523069952
2018-05-16,8368.830078125,707.0499877929688,6760220160,2476130048
2018-05-17,8094.31982421875,672.656982421875,5862530048,2350619904
2018-05-18,8250.9697265625,694.3670043945312,5764190208,2305740032
2018-05-19,8247.1796875,696.530029296875,4712399872,2021549952
2018-05-20,8513.25,715.3690185546875,5191059968,2156910080
2018-05-21,8418.990234375,699.2219848632812,5154990080,2005170048
2018-05-22,8041.77978515625,647.7410278320312,5137010176,2230469888
2018-05-23,7557.81982421875,583.5850219726562,6491120128,2995429888
2018-05-24,7587.33984375,601.7550048828125,6049220096,2791099904
2018-05-25,7480.14013671875,586.7340087890625,4867829760,2110919936
2018-05-26,7355.8798828125,587.280029296875,4051539968,1694300032
2018-05-27,7368.22021484375,572.6680297851562,4056519936,1788790016
2018-05-28,7135.990234375,516.0360107421875,5040600064,2356900096
2018-05-29,7472.58984375,565.3880004882812,5662660096,2330820096
2018-05-30,7406.52001953125,559.5900268554688,4922540032,2053970048
2018-05-31,7494.169921875,577.64501953125,5127130112,1985040000
2018-06-01,7541.4501953125,580.0430297851562,4921460224,1945890048
2018-06-02,7643.4501953125,591.8079833984375,4939299840,1880390016
2018-06-03,7720.25,618.3289794921875,4851760128,1832550016
2018-06-04,7514.47021484375,592.9849853515625,4993169920,1903430016
2018-06-05,7633.759765625,609.302978515625,4961739776,1844269952
2018-06-06,7653.97998046875,607.1240234375,4692259840,1756530048
2018-06-07,7678.240234375,605.18701171875,4485799936,1880140032
2018-06-08,7624.919921875,601.0770263671875,4227579904,1637779968
2018-06-09,7531.97998046875,597.56201171875,3845220096,1519309952
2018-06-10,6786.02001953125,526.47900390625,5804839936,2234880000
2018-06-11,6906.919921875,533.2839965820312,4745269760,1982119936
2018-06-12,6582.35986328125,496.8429870605469,4654380032,1932760064
2018-06-13,6349.89990234375,477.4939880371094,5052349952,2080130048
2018-06-14,6675.35009765625,519.7420043945312,5138710016,2458650112
2018-06-15,6456.580078125,491.0039978027344,3955389952,1808269952
2018-06-16,6550.16015625,499.6419982910156,3194170112,1314109952
2018-06-17,6499.27001953125,500.447998046875,3104019968,1264870016
2018-06-18,6734.81982421875,518.8909912109375,4039200000,1513869952
2018-06-19,6769.93994140625,537.9569702148438,4057029888,1726569984
2018-06-20,6776.5498046875,536.2680053710938,3888640000,1596290048
2018-06-21,6729.740234375,527.3670043945312,3529129984,1462070016
2018-06-22,6083.68994140625,465.8169860839844,5079810048,2226030080
2018-06-23,6162.47998046875,474.5199890136719,3431360000,1651379968
2018-06-24,6173.22998046875,457.6719970703125,4566909952,2490579968
2018-06-25,6249.18017578125,460.30999755859375,5500810240,4007950080
2018-06-26,6093.669921875,432.7720031738281,3279759872,1356560000
2018-06-27,6157.1298828125,442.364990234375,3296219904,1368940032
2018-06-28,5903.43994140625,422.364990234375,3467800064,1360790016
2018-06-29,6218.2998046875,436.0090026855469,3966230016,1564499968
2018-06-30,6404.0,455.17999267578125,4543860224,1475939968
2018-07-01,6385.81982421875,453.9179992675781,4788259840,1511730048
2018-07-02,6614.18017578125,475.34698486328125,4396930048,1625789952
2018-07-03,6529.58984375,464.19500732421875,4672309760,1683939968
2018-07-04,6597.5498046875,467.3179931640625,4176689920,1549769984
2018-07-05,6639.14013671875,474.4119873046875,4999240192,1828610048
2018-07-06,6673.5,474.0119934082031,4313959936,1627609984
2018-07-07,6856.93017578125,491.6600036621094,3961080064,1358360064
2018-07-08,6773.8798828125,489.1189880371094,3386210048,1344560000
2018-07-09,6741.75,476.6820068359375,3718129920,1533799936
2018-07-10,6329.9501953125,434.42401123046875,4052430080,1789069952
2018-07-11,6394.7099609375,446.51800537109375,3644859904,1422470016
2018-07-12,6228.81005859375,430.0740051269531,3770170112,1495440000
2018-07-13,6238.0498046875,434.0270080566406,3805400064,1489670016
2018-07-14,6276.1201171875,436.08599853515625,2923670016,1235820032
2018-07-15,6359.64013671875,449.8500061035156,3285459968,1350160000
2018-07-16,6741.75,480.6579895019531,4725799936,1858680064
2018-07-17,7321.0400390625,501.00201416015625,5961950208,2288100096
2018-07-18,7370.77978515625,480.51300048828125,6103410176,2371559936
2018-07-19,7466.85986328125,469.6189880371094,5111629824,2068739968
2018-07-20,7354.1298828125,450.697998046875,4936869888,1821350016
2018-07-21,7419.2900390625,462.4360046386719,3726609920,1504310016
2018-07-22,7418.490234375,459.6570129394531,3695460096,1338589952
2018-07-23,7711.10986328125,450.8529968261719,5132480000,1596999936
2018-07-24,8424.26953125,479.37298583984375,7277689856,2287520000
2018-07-25,8181.39013671875,472.4930114746094,5845400064,1930780032
2018-07-26,7951.580078125,464.0369873046875,4899089920,1621560064
2018-07-27,8165.009765625,469.6659851074219,5195879936,1734259968
2018-07-28,8192.150390625,466.89801025390625,3988750080,1531890048
2018-07-29,8218.4599609375,466.6650085449219,4107190016,1631910016
2018-07-30,8180.47998046875,457.08099365234375,5551400000,2141590000
2018-07-31,7780.43994140625,433.86700439453125,5287530000,1820680000
2018-08-01,7624.91015625,420.74700927734375,4797620000,1888060000
2018-08-02,7567.14990234375,412.6210021972656,4214110000,1569300000
2018-08-03,7434.39013671875,418.2619934082031,4627150000,1722340000
2018-08-04,7032.85009765625,407.25201416015625,4268390000,1466540000
2018-08-05,7068.47998046875,410.5159912109375,3679110000,1396820000
2018-08-06,6951.7998046875,406.6579895019531,3925900000,1384880000
2018-08-07,6753.1201171875,380.2149963378906,4682800000,1828350000
2018-08-08,6305.7998046875,356.6130065917969,5064430000,2016080000
2018-08-09,6568.22998046875,365.5880126953125,4267040000,1616610000
2018-08-10,6184.7099609375,334.1759948730469,4528680000,1699400000
2018-08-11,6295.72998046875,322.11199951171875,4047850000,1790370000
2018-08-12,6322.68994140625,319.57000732421875,5665250000,1625420000
2018-08-13,6297.56982421875,286.4949951171875,4083980000,1751190000
2018-08-14,6199.7099609375,278.9320068359375,5301700000,2137850000
2018-08-15,6308.52001953125,282.364013671875,4895450000,1878150000
2018-08-16,6334.72998046875,288.0459899902344,4328420000,1552970000
2018-08-17,6580.6298828125,315.72900390625,4992990000,1995460000
2018-08-18,6423.759765625,295.81201171875,3984520000,1764020000
2018-08-19,6506.06982421875,300.8340148925781,3311170000,1447910000
2018-08-20,6308.52978515625,274.31500244140625,3665100000,1413790000
2018-08-21,6488.759765625,281.9440002441406,3377180000,1164120000
2018-08-22,6376.7099609375,271.34100341796875,4668110000,1507660000
2018-08-23,6534.8798828125,277.10400390625,3426180000,1271160000
2018-08-24,6719.9599609375,282.9670104980469,4097820000,1450170000
2018-08-25,6763.18994140625,279.64599609375,3312600000,1208360000
2018-08-26,6707.259765625,275.1969909667969,3295500000,1206650000
2018-08-27,6884.64013671875,285.6029968261719,4019000000,1406790000
2018-08-28,7096.27978515625,296.4989929199219,4659940000,1513350000
2018-08-29,7047.16015625,289.31201171875,4145880000,1474460000
2018-08-30,6978.22998046875,284.1050109863281,4463250000,1513100000
2018-08-31,7037.580078125,283.0039978027344,4495650000,1411910000
2018-09-01,7193.25,295.34100341796875,4116050000,1546630000
2018-09-02,7272.72021484375,294.3710021972656,4329540000,1321050000
2018-09-03,7260.06005859375,289.2590026855469,4087760000,1394490000
2018-09-04,7361.66015625,285.7229919433594,4273640000,1554870000
2018-09-05,6792.830078125,232.33099365234375,5800460000,2390390000
2018-09-06,6529.169921875,230.21499633789062,5523470000,2097310000
2018-09-07,6467.06982421875,217.2030029296875,4264680000,1678260000
2018-09-08,6225.97998046875,197.9510040283203,3835060000,1517200000
2018-09-09,6300.85986328125,196.9239959716797,3671890000,1585980000
2018-09-10,6329.7001953125,197.07899475097656,3714100000,1502960000
2018-09-11,6321.2001953125,185.0659942626953,3849910000,1568900000
2018-09-12,6351.7998046875,183.33099365234375,4064230000,1874850000
2018-09-13,6517.31005859375,211.35400390625,4210910000,2330720000
2018-09-14,6512.7099609375,211.74899291992188,4076220000,2232190000
2018-09-15,6543.2001953125,223.07400512695312,3216300000,1670490000
2018-09-16,6517.18017578125,220.58900451660156,3273730000,1502260000
2018-09-17,6281.2001953125,197.875,3910780000,2019910000
2018-09-18,6371.2998046875,209.97500610351562,4180090000,1800640000
2018-09-19,6398.5400390625,209.968994140625,4431340000,1733330000
2018-09-20,6519.669921875,224.59100341796875,4348110000,1782070000
2018-09-21,6734.9501953125,246.58399963378906,6531940000,2836200000
2018-09-22,6721.97998046875,240.47999572753906,4509660000,1921820000
2018-09-23,6710.6298828125,244.3300018310547,4197500000,1693470000
2018-09-24,6595.41015625,228.72999572753906,4177310000,1748740000
2018-09-25,6446.47021484375,218.5050048828125,4726180000,2120360000
2018-09-26,6495.0,215.8470001220703,4437300000,1756100000
2018-09-27,6676.75,228.49400329589844,4606810000,2030320000
2018-09-28,6644.1298828125,222.40199279785156,5014430000,2018120000
2018-09-29,6601.9599609375,231.63499450683594,4363690000,2208720000
2018-09-30,6625.56005859375,232.84800720214844,4002280000,1765560000
2018-10-01,6589.6201171875,230.76800537109375,4000970000,1597500000
2018-10-02,6556.10009765625,227.18099975585938,3979260000,1542080000
2018-10-03,6502.58984375,220.48899841308594,3887310000,1683930000
2018-10-04,6576.68994140625,222.21800231933594,3838410000,1479500000
2018-10-05,6622.47998046875,227.6009979248047,3671500000,1547330000
2018-10-06,6588.31005859375,225.1199951171875,3259740000,1505070000
2018-10-07,6602.9501953125,226.11900329589844,3306630000,1470480000
2018-10-08,6652.22998046875,229.2550048828125,3979460000,1470740000
2018-10-09,6642.64013671875,227.98199462890625,3580810000,1405130000
2018-10-10,6585.52978515625,225.7689971923828,3787650000,1384040000
2018-10-11,6256.240234375,189.49899291992188,5181640000,2167620000
2018-10-12,6274.580078125,196.7270050048828,3783500000,1487900000
2018-10-13,6285.990234375,199.84100341796875,3064030000,1167610000
2018-10-14,6290.93017578125,195.71499633789062,3085320000,1169260000
2018-10-15,6596.5400390625,209.70399475097656,7370770000,2865830000
2018-10-16,6596.10986328125,210.1199951171875,4074800000,1532280000
2018-10-17,6544.43017578125,207.08299255371094,4088420000,1444130000
2018-10-18,6476.7099609375,203.3520050048828,3924080000,1365860000
2018-10-19,6465.41015625,203.7270050048828,3578870000,1264480000
2018-10-20,6489.18994140625,205.42999267578125,3379130000,1238780000
2018-10-21,6482.35009765625,205.14199829101562,3253610000,1190300000
2018-10-22,6487.16015625,204.04400634765625,3672860000,1328980000
2018-10-23,6475.740234375,204.33599853515625,3716150000,1237490000
2018-10-24,6495.83984375,203.8520050048828,3424670000,1102220000
2018-10-25,6476.2900390625,202.718994140625,3230550000,1102900000
2018-10-26,6474.75,203.32899475097656,3306050000,1161310000
2018-10-27,6480.3798828125,204.2100067138672,3393250000,1084810000
2018-10-28,6486.39013671875,205.36599731445312,3445190000,1139140000
2018-10-29,6332.6298828125,197.2469940185547,4199910000,1517230000
2018-10-30,6334.27001953125,197.55599975585938,3781100000,1363500000
2018-10-31,6317.60986328125,197.38099670410156,4191240000,1442380000
2018-11-01,6377.77978515625,198.8719940185547,3789400000,1336700000
2018-11-02,6388.43994140625,200.63499450683594,4234870000,1451870000
2018-11-03,6361.259765625,200.18600463867188,3658640000,1307150000
2018-11-04,6376.1298828125,207.48599243164062,4390020000,1749300000
2018-11-05,6419.66015625,209.09100341796875,4174800000,1613510000
2018-11-06,6461.009765625,218.45199584960938,4700040000,1856940000
2018-11-07,6530.14013671875,217.18299865722656,4941260000,1927830000
2018-11-08,6453.72021484375,212.2310028076172,4665260000,1769080000
2018-11-09,6385.6201171875,210.07400512695312,4346820000,1554750000
2018-11-10,6409.22021484375,212.5330047607422,3705320000,1377760000
2018-11-11,6411.27001953125,211.33999633789062,3939060000,1501600000
2018-11-12,6371.27001953125,210.41799926757812,4295770000,1452380000
2018-11-13,6359.490234375,206.8260040283203,4503800000,1610260000
2018-11-14,5738.35009765625,181.39700317382812,7398940000,2595330000
2018-11-15,5648.02978515625,180.80599975585938,7032140000,2638410000
2018-11-16,5575.5498046875,175.177001953125,5279320000,2015330000
2018-11-17,5554.330078125,174.00100708007812,4303150000,1832800000
2018-11-18,5623.5400390625,177.06700134277344,4159680000,1810920000
2018-11-19,4871.490234375,149.1750030517578,7039560000,2745160000
2018-11-20,4451.8701171875,130.33900451660156,8428290000,3134410000
2018-11-21,4602.169921875,136.7010040283203,6120120000,2685930000
2018-11-22,4365.93994140625,126.70600128173828,4569370000,1792150000
2018-11-23,4347.10986328125,123.2959976196289,4871490000,1998010000
2018-11-24,3880.760009765625,113.49400329589844,4679500000,1800960000
2018-11-25,4009.969970703125,116.44999694824219,6825640000,2466750000
2018-11-26,3779.1298828125,108.33499908447266,6476900000,2139490000
2018-11-27,3820.719970703125,110.01000213623047,5998720000,2320010000
2018-11-28,4257.419921875,122.43800354003906,7280280000,2673470000
2018-11-29,4278.8466796875,117.54264831542969,6503347767,2196099151
2018-11-30,4017.2685546875,113.17141723632812,6048016717,2020748396
2018-12-01,4214.671875,118.63555908203125,5375314093,2131475768
2018-12-02,4139.8779296875,116.38890075683594,5262697895,1856199149
2018-12-03,3894.130859375,108.92501831054688,5089570994,1772756193
2018-12-04,3956.893798828125,110.21418762207031,5028069239,1748116495
2018-12-05,3753.994873046875,102.47555541992188,5302481574,1990157607
2018-12-06,3521.101806640625,91.76105499267578,5878333109,2310716932
2018-12-07,3419.937255859375,93.29456329345703,6835615448,2554304530
2018-12-08,3476.11474609375,92.15963745117188,5305024497,1855759401
2018-12-09,3614.234375,95.14205932617188,4947372847,1875567180
2018-12-10,3502.656005859375,91.68565368652344,5020968740,1756437577
2018-12-11,3424.588134765625,88.94530487060547,4696765188,1707497898
2018-12-12,3486.9501953125,90.59329986572266,4139364829,1533050103
2018-12-13,3313.67724609375,86.53931427001953,4343372456,1754475622
2018-12-14,3242.48486328125,84.30829620361328,4372763663,1651491877
2018-12-15,3236.76171875,84.44081115722656,3551763561,1496176898
2018-12-16,3252.839111328125,85.26210021972656,3744248994,1565817037
2018-12-17,3545.86474609375,95.13382720947266,5409247918,2101453024
2018-12-18,3696.05908203125,101.11245727539062,5911325473,2277514076
2018-12-19,3745.95068359375,101.2685775756836,6810689119,2456482115
2018-12-20,4134.44140625,116.21687316894531,8927129279,3063842618
2018-12-21,3896.543701171875,109.49623107910156,7206015706,2632539990
2018-12-22,4014.1826171875,116.7594985961914,5605823233,2338772939
2018-12-23,3998.980224609375,130.7652587890625,6151275490,3579715061
2018-12-24,4078.59912109375,140.23800659179688,7240968501,4370343387
2018-12-25,3815.49072265625,129.84434509277344,6158207293,3298280609
2018-12-26,3857.297607421875,131.86563110351562,5326547918,2720469126
2018-12-27,3654.83349609375,116.57591247558594,5130222366,2612804378
2018-12-28,3923.918701171875,137.6470184326172,5631554348,3130201009
2018-12-29,3820.40869140625,138.01834106445312,4991655917,3169029972
2018-12-30,3865.95263671875,139.8594512939453,4770578575,2660086834
2018-12-31,3742.700439453125,133.36825561523438,4661840806,2358360234
2019-01-01,3843.52001953125,140.8194122314453,4324200990,2258709868
2019-01-02,3943.409423828125,155.0476837158203,5244856836,3328240369
2019-01-03,3836.7412109375,149.135009765625,4530215219,2676164880
2019-01-04,3857.717529296875,154.58193969726562,4847965467,3126192535
2019-01-05,3845.194580078125,155.6385955810547,5137609824,3338211928
2019-01-06,4076.632568359375,157.74620056152344,5597027440,3231294371
2019-01-07,4025.248291015625,151.69921875,5228625637,2712108388
2019-01-08,4030.847900390625,150.35963439941406,5306593305,2459808140
2019-01-09,4035.29638671875,150.80311584472656,5115905225,2369241197
2019-01-10,3678.924560546875,128.62518310546875,6874143796,3397734456
2019-01-11,3687.365478515625,127.54832458496094,5538712865,2667585234
2019-01-12,3661.301025390625,125.9665298461914,4778170883,2212109224
2019-01-13,3552.953125,116.8978042602539,4681302466,2268263944
2019-01-14,3706.05224609375,129.0687255859375,5651384490,2798085735
2019-01-15,3630.67529296875,122.03271484375,5537192302,2735449164
2019-01-16,3655.0068359375,123.54706573486328,5394457145,2746469340
2019-01-17,3678.56396484375,123.7419204711914,5464420383,2594091285
2019-01-18,3657.83935546875,121.01026153564453,5002961727,2305389800
2019-01-19,3728.568359375,124.5190200805664,5955691380,3048261797
2019-01-20,3601.013671875,119.4748306274414,5582489560,2964108269
2019-01-21,3576.032470703125,117.15785217285156,5004347059,2421720343
2019-01-22,3604.5771484375,118.74755096435547,5313623556,2552507405
2019-01-23,3585.123046875,117.45260620117188,5433755649,2556952198
2019-01-24,3600.865478515625,117.36288452148438,5262869046,2520843420
2019-01-25,3599.765869140625,116.37834167480469,5265847539,2606881898
2019-01-26,3602.46044921875,116.48873901367188,5098183235,2412181169
2019-01-27,3583.9658203125,113.40528869628906,5570752966,2775888287
2019-01-28,3470.450439453125,106.58997344970703,6908930483,3366895505
2019-01-29,3448.116943359375,105.59821319580078,5897159493,2900418606
2019-01-30,3486.181640625,108.90753936767578,5955112627,2874370355
2019-01-31,3457.792724609375,107.0610122680664,5831198271,2828796031
2019-02-01,3487.9453125,107.60978698730469,5422926707,2541271519
2019-02-02,3521.060791015625,110.43025970458984,5071623601,2385157838
2019-02-03,3464.013427734375,107.49266815185547,5043937584,2519334757
2019-02-04,3459.154052734375,107.82160186767578,5332718886,2491888675
2019-02-05,3466.357421875,107.44351959228516,5227549545,2515863999
2019-02-06,3413.767822265625,104.9192886352539,5482196038,2593048199
2019-02-07,3399.4716796875,104.5353012084961,5004962683,2326764622
2019-02-08,3666.7802734375,119.26774597167969,7735623101,3656841347
2019-02-09,3671.20361328125,119.4308853149414,6158833645,2884650400
2019-02-10,3690.188232421875,124.80648803710938,6282256903,3148766590
2019-02-11,3648.4306640625,121.29839324951172,6277056434,3222473887
2019-02-12,3653.528564453125,122.5722885131836,6480384532,3149576429
2019-02-13,3632.070556640625,122.55360412597656,6438903823,3386585799
2019-02-14,3616.880859375,121.39020538330078,6271044418,3331701628
2019-02-15,3620.810791015625,122.10038757324219,6091952231,3021741615
2019-02-16,3629.78759765625,123.26021575927734,5934744052,2905833287
2019-02-17,3673.836181640625,133.598876953125,7039512503,4236081130
2019-02-18,3915.71435546875,146.09837341308594,9908216640,5387525773
2019-02-19,3947.094482421875,145.34619140625,9933626655,5310842625
2019-02-20,3999.820556640625,149.55433654785156,8693373948,4500094965
2019-02-21,3954.1181640625,146.13084411621094,7775128102,3995766856
2019-02-22,4005.526611328125,149.0924530029297,7826525254,3731099284
2019-02-23,4142.52685546875,158.79542541503906,8922258316,4519468458
2019-02-24,3810.427490234375,135.8526611328125,10794227451,5957715043
2019-02-25,3882.6962890625,139.82286071777344,9318796067,4914392068
2019-02-26,3854.35791015625,138.0896759033203,7931218996,3791292839
2019-02-27,3851.04736328125,136.12596130371094,8301309684,4469776860
2019-02-28,3854.785400390625,136.74624633789062,8399767798,4535438953
2019-03-01,3859.583740234375,136.44361877441406,7661247975,3756124824
2019-03-02,3864.4150390625,134.2069549560547,7578786076,3747176425
2019-03-03,3847.17578125,132.24942016601562,7253558152,3454374053
2019-03-04,3761.55712890625,127.77412414550781,9029175788,4008171341
2019-03-05,3896.375,137.8223876953125,10174126415,4764849990
2019-03-06,3903.942626953125,138.7893524169922,9175291529,4589054219
2019-03-07,3911.484375,138.0345001220703,9584165519,4339206292
2019-03-08,3901.131591796875,135.1270751953125,10638638944,4678816794
2019-03-09,3963.313720703125,137.96533203125,10796103518,5011918715
2019-03-10,3951.599853515625,136.75868225097656,9713267607,4578438499
2019-03-11,3905.227294921875,133.8340301513672,10125901903,4689807419
2019-03-12,3909.15625,134.44288635253906,9809887079,4709988000
2019-03-13,3906.71728515625,133.26307678222656,9469184841,4265162099
2019-03-14,3924.369140625,133.7115936279297,10480789570,4476532147
2019-03-15,3960.9111328125,137.69178771972656,9394210605,4506861856
2019-03-16,4048.725830078125,142.39817810058594,9856166973,4839003569
2019-03-17,4025.22900390625,140.00054931640625,8221625400,3827157729
2019-03-18,4032.50732421875,139.37460327148438,9646954186,4551739879
2019-03-19,4071.190185546875,140.51919555664062,9344919956,4251488129
2019-03-20,4087.476318359375,140.6863555908203,10175916388,4664134462
2019-03-21,4029.326904296875,136.6360626220703,10831212662,5087247796
2019-03-22,4023.96826171875,137.1814422607422,9252935969,4490899266
2019-03-23,4035.826416015625,138.2398681640625,9578850549,4436568613
2019-03-24,4022.168212890625,136.98692321777344,9144851065,4266845458
2019-03-25,3963.070556640625,135.03102111816406,10359818883,4480516753
2019-03-26,3985.080810546875,135.46035766601562,10707678815,4499271679
2019-03-27,4087.066162109375,140.9881591796875,10897131934,5228240093
2019-03-28,4069.107177734375,139.41647338867188,9353915899,4163212475
2019-03-29,4098.37451171875,142.49742126464844,10918665557,5125602702
2019-03-30,4106.66015625,142.09268188476562,9732688060,5144662127
2019-03-31,4105.404296875,141.51409912109375,9045122443,4249050197
2019-04-01,4158.18310546875,141.830322265625,10157794171,4611999536
2019-04-02,4879.8779296875,163.9617462158203,21315047816,9826645698
2019-04-03,4973.02197265625,161.45880126953125,22899891582,10622456246
2019-04-04,4922.798828125,158.0525360107422,18251810240,7953123529
2019-04-05,5036.68115234375,165.5148468017578,16837325387,7531316908
2019-04-06,5059.8173828125,165.94720458984375,16929795194,7167016221
2019-04-07,5198.89697265625,174.53164672851562,16655416140,7596176020
2019-04-08,5289.77099609375,180.25881958007812,17154113634,9304964610
2019-04-09,5204.95849609375,176.1145782470703,14722104361,7632529578
2019-04-10,5324.5517578125,177.3374786376953,15504590933,7856924879
2019-04-11,5064.48779296875,165.4970245361328,16555616019,7859383417
2019-04-12,5089.5390625,164.736328125,13675206312,6237185309
2019-04-13,5096.58642578125,164.5133514404297,10823289598,4959301561
2019-04-14,5167.72216796875,167.83851623535156,10391952498,4846298303
2019-04-15,5067.1083984375,161.5741729736328,12290155061,5672311824
2019-04-16,5235.5595703125,167.62344360351562,11618660197,5180105341
2019-04-17,5251.93798828125,166.9507598876953,12438480677,5596102715
2019-04-18,5298.3857421875,173.81402587890625,13256489918,6971581464
2019-04-19,5303.8125,173.70843505859375,13780238655,6541053061
2019-04-20,5337.88623046875,173.7512664794922,13169647522,6142567812
2019-04-21,5314.53125,170.04652404785156,13731844223,6005571688
2019-04-22,5399.365234375,171.87466430664062,14601631648,6094878077
2019-04-23,5572.3623046875,171.4477996826172,15867308108,7097827092
2019-04-24,5464.86669921875,165.8260955810547,17048033399,7351304156
2019-04-25,5210.515625,154.4593963623047,15330283408,6820332362
2019-04-26,5279.34814453125,156.3470916748047,16812108040,7505283355
2019-04-27,5268.291015625,158.4349365234375,13111274675,5863109118
2019-04-28,5285.13916015625,157.29507446289062,12819992056,5379894433
2019-04-29,5247.3525390625,155.20199584960938,13735490672,6053776253
2019-04-30,5350.7265625,162.16603088378906,13878964574,6275803460
2019-05-01,5402.697265625,160.81834411621094,13679528236,5789172433
2019-05-02,5505.28369140625,162.12278747558594,14644460907,6044171062
2019-05-03,5768.28955078125,167.95240783691406,18720780006,7299410672
2019-05-04,5831.16748046875,164.02658081054688,17567780766,6658100049
2019-05-05,5795.70849609375,163.45069885253906,14808830723,5938415562
2019-05-06,5746.80712890625,172.65321350097656,15737171804,7540096853
2019-05-07,5829.50146484375,169.7986602783203,18026409033,8411140170
2019-05-08,5982.45751953125,170.9481658935547,15320605300,6416569598
2019-05-09,6174.52880859375,170.289306640625,16784645411,6546914198
2019-05-10,6378.84912109375,173.1427459716797,19419875368,8036919053
2019-05-11,7204.771484375,194.30433654785156,28867562329,12578331654
2019-05-12,6972.37158203125,187.3253173828125,27773333680,10326050090
2019-05-13,7814.9150390625,196.84628295898438,28677672181,10367149039
2019-05-14,7994.416015625,217.14857482910156,32031452227,12751049755
2019-05-15,8205.16796875,247.15306091308594,28344112920,13460006534
2019-05-16,7884.9091796875,264.010009765625,33167197581,18661465873
2019-05-17,7343.8955078125,243.76458740234375,30066644905,16037551694
2019-05-18,7271.2080078125,234.59523010253906,21354286562,10933142646
2019-05-19,8197.689453125,261.2922058105469,25902422040,12049250894
2019-05-20,7978.30908203125,251.86441040039062,23843404340,10834541285
2019-05-21,7963.32763671875,255.21588134765625,25127245056,11545049593
2019-05-22,7680.06640625,244.69891357421875,24719473175,9818257463
2019-05-23,7881.8466796875,245.96566772460938,24457107820,10671663487
2019-05-24,7987.37158203125,249.4849853515625,25919126991,9929433206
2019-05-25,8052.5439453125,251.75987243652344,22256813107,8924985385
2019-05-26,8673.2158203125,267.06964111328125,26677970091,9664267731
2019-05-27,8805.7783203125,272.8626403808594,27949839564,12074664736
2019-05-28,8719.9619140625,271.7687072753906,24226919267,10362846898
2019-05-29,8659.4873046875,269.4556884765625,23473479966,9819132174
2019-05-30,8319.47265625,255.85894775390625,29246528551,13604268584
2019-05-31,8574.501953125,268.1135559082031,25365190957,11255023515
2019-06-01,8564.0166015625,265.3912658691406,22488303544,9942869852
2019-06-02,8742.9580078125,270.22552490234375,20266216022,8744111713
2019-06-03,8208.9951171875,252.60792541503906,22004511436,9375712917
2019-06-04,7707.77099609375,241.3387908935547,24609731549,10132549747
2019-06-05,7824.2314453125,247.05101013183594,21760923463,8548917062
2019-06-06,7822.0234375,249.47433471679688,19474611077,8265146806
2019-06-07,8043.951171875,250.93035888671875,19141423231,8379534528
2019-06-08,7954.1279296875,245.73809814453125,16522722810,7225996863
2019-06-09,7688.0771484375,233.08670043945312,16610726547,7566421456
2019-06-10,8000.32958984375,247.52012634277344,18689275117,8141159848
2019-06-11,7927.71435546875,245.78182983398438,17107279932,7382269700
2019-06-12,8145.857421875,260.9032897949219,19034432883,8645598618
2019-06-13,8230.923828125,256.1687927246094,18669407147,8442077836
2019-06-14,8693.8330078125,264.08746337890625,19831162906,8676891267
2019-06-15,8838.375,269.0193176269531,18371033226,8126853944
2019-06-16,8994.48828125,269.22320556640625,23348550311,9676746453
2019-06-17,9320.3525390625,274.3511047363281,15562951919,6009795781
2019-06-18,9081.7626953125,265.0518493652344,15848210536,6205242504
2019-06-19,9273.521484375,269.4317932128906,15546809946,5516510947
2019-06-20,9527.16015625,271.69500732421875,17846823784,6408981097
2019-06-21,10144.556640625,294.9102783203125,20624008643,9331694140
2019-06-22,10701.69140625,309.38031005859375,29995204861,10613731255
2019-06-23,10855.37109375,307.8277893066406,20998326502,8161062380
2019-06-24,11011.1025390625,310.4246826171875,19271652365,8205712062
2019-06-25,11790.9169921875,318.1263122558594,24879684533,9641764965
2019-06-26,13016.2314453125,336.753173828125,45105733173,16437084081
2019-06-27,11182.806640625,294.26763916015625,39977475223,14038092503
2019-06-28,12407.33203125,311.2261047363281,35087757766,11514656820
2019-06-29,11959.37109375,320.05889892578125,29923961128,10929374565
2019-06-30,10817.1552734375,290.69598388671875,27256473494,10303111000
2019-07-01,10583.134765625,293.64111328125,29378589324,10292223948
2019-07-02,10801.677734375,291.596435546875,31015895223,10618413952
2019-07-03,11961.26953125,303.0999755859375,30796494294,9926711979
2019-07-04,11215.4375,284.5232238769531,25920294033,8403513106
2019-07-05,10978.4599609375,287.9975280761719,23838480210,8723493015
2019-07-06,11208.55078125,287.547119140625,21092024306,7674615025
2019-07-07,11450.8466796875,305.7005615234375,19369044277,8119724981
2019-07-08,12285.9580078125,313.25140380859375,23482551458,9078905628
2019-07-09,12573.8125,308.8810119628906,28167921523,10055159803
2019-07-10,12156.5126953125,290.0023193359375,33627574244,11679985167
2019-07-11,11358.662109375,268.70404052734375,28595327690,10216287022
2019-07-12,11815.986328125,276.2767028808594,23534692797,8148936015
2019-07-13,11392.37890625,269.45880126953125,21042616384,6716829429
2019-07-14,10256.05859375,227.57806396484375,22486000001,8578339386
2019-07-15,10895.08984375,229.7760009765625,25384047207,9723674244
2019-07-16,9477.6416015625,199.1886749267578,24151199070,9036620494
2019-07-17,9693.802734375,211.48497009277344,24569921549,9387747640
2019-07-18,10666.482421875,226.566162109375,25187024648,9327816059
2019-07-19,10530.732421875,221.3334197998047,20727426310,7606433131
2019-07-20,10767.1396484375,229.1192169189453,20206615155,7976245988
2019-07-21,10599.10546875,225.63076782226562,17130580467,6685082868
2019-07-22,10343.1064453125,217.5600128173828,16334414913,6338843919
2019-07-23,9900.767578125,212.728515625,17851916995,6976091534
2019-07-24,9811.92578125,217.04637145996094,17398734322,7168982843
2019-07-25,9911.841796875,219.6179962158203,15821952090,6731281160
2019-07-26,9870.3037109375,219.62960815429688,14495714483,5729852178
2019-07-27,9477.677734375,207.40830993652344,16817809536,6257703908
2019-07-28,9552.8603515625,211.18655395507812,13738687093,5504887934
2019-07-29,9519.1455078125,211.26805114746094,13791445323,5485190664
2019-07-30,9607.423828125,210.52259826660156,13829811132,5489918859
2019-07-31,10085.6279296875,218.65414428710938,16631520648,6003828340
2019-08-01,10399.6689453125,217.80844116210938,17165337858,5965442642
2019-08-02,10518.1748046875,217.87156677246094,17489094082,6159440229
2019-08-03,10821.7265625,222.49034118652344,15352685061,5697798687
2019-08-04,10970.1845703125,222.6697235107422,16530894787,5238542572
2019-08-05,11805.6533203125,234.21502685546875,23875988832,7765060287
2019-08-06,11478.1689453125,226.02064514160156,23635107660,7647742672
2019-08-07,11941.96875,226.39100646972656,22194988641,7020342210
2019-08-08,11966.4072265625,220.94186401367188,19481591730,6713525644
2019-08-09,11862.9365234375,210.48890686035156,18339989960,6964818795
2019-08-10,11354.0244140625,206.73353576660156,18125355447,6584748527
2019-08-11,11523.5791015625,216.09286499023438,15774371518,6440605605
2019-08-12,11382.6162109375,211.28807067871094,13647198229,5674315559
2019-08-13,10895.830078125,208.70904541015625,16681503537,5946313205
2019-08-14,10051.7041015625,186.6077423095703,19990838300,7444456154
2019-08-15,10311.5458984375,188.50205993652344,22899115082,8197244441
2019-08-16,10374.3388671875,185.44007873535156,20228207096,7133915837
2019-08-17,10231.744140625,185.68768310546875,13778035685,5512696513
2019-08-18,10345.810546875,194.4935302734375,12999813869,5969012024
2019-08-19,10916.0537109375,203.09193420410156,16038264603,6145148692
2019-08-20,10763.232421875,196.56541442871094,15053082175,6408417610
2019-08-21,10138.0498046875,186.89163208007812,19473084768,7775772700
2019-08-22,10131.0556640625,191.33291625976562,17097508856,7569043874
2019-08-23,10407.96484375,194.70620727539062,15627023886,6658162377
2019-08-24,10159.9609375,191.28956604003906,15451030650,6249737982
2019-08-25,10138.517578125,186.84239196777344,14153856610,5826017143
2019-08-26,10370.8203125,188.92938232421875,18438654080,7207986636
2019-08-27,10185.5,187.51666259765625,14762609503,6042327402
2019-08-28,9754.4228515625,173.8899688720703,17603790323,6696604087
2019-08-29,9510.2001953125,169.51673889160156,17045878501,7129569083
2019-08-30,9598.173828125,168.83486938476562,13595263986,5776520220
2019-08-31,9630.6640625,172.46978759765625,11454806419,5830212249
2019-09-01,9757.970703125,171.62942504882812,11445355859,5554799576
2019-09-02,10346.7607421875,178.34735107421875,17248102294,6503447137
2019-09-03,10623.5400390625,179.49932861328125,19384917989,6962728938
2019-09-04,10594.4931640625,175.99288940429688,16742664769,5938120494
2019-09-05,10575.533203125,174.21713256835938,14551239508,5589476516
2019-09-06,10353.302734375,169.9561767578125,19536574783,6797611878
2019-09-07,10517.2548828125,178.2626190185547,15307366476,6791531342
2019-09-08,10441.2763671875,181.35552978515625,13670567493,6472677266
2019-09-09,10334.974609375,181.1494598388672,17595943368,7232938985
2019-09-10,10115.9755859375,179.78717041015625,14906809639,6291476772
2019-09-11,10178.3720703125,178.72549438476562,15428063426,7157139035
2019-09-12,10410.126953125,181.01609802246094,15323563925,5838605477
2019-09-13,10360.546875,181.10972595214844,14109864675,5955041237
2019-09-14,10358.048828125,188.1055145263672,13468713124,6500686511
2019-09-15,10347.712890625,189.78912353515625,12043433567,6222874780
2019-09-16,10276.7939453125,197.11317443847656,15160167779,8242029488
2019-09-17,10241.2724609375,208.60874938964844,15304603363,10232590812
2019-09-18,10198.248046875,211.39303588867188,16169268880,9194634557
2019-09-19,10266.4150390625,221.28085327148438,19937691247,10620070913
2019-09-20,10181.6416015625,218.050048828125,14734189639,8027974273
2019-09-21,10019.716796875,215.51620483398438,13425266806,7743309778
2019-09-22,10070.392578125,211.54537963867188,13199651698,7812854576
2019-09-23,9729.32421875,201.9213104248047,15144925408,7494673136
2019-09-24,8620.56640625,168.11073303222656,25002886689,11757739233
2019-09-25,8486.9931640625,170.8927001953125,21744728353,9766632018
2019-09-26,8118.9677734375,166.7271270751953,19258205289,7848286154
2019-09-27,8251.845703125,174.71099853515625,16408941156,7909313625
2019-09-28,8245.9150390625,174.57289123535156,14141152736,6895423445
2019-09-29,8104.185546875,170.50347900390625,13034629109,6497088199
2019-09-30,8293.8681640625,179.87220764160156,17115474183,7552915148
2019-10-01,8343.2763671875,177.34042358398438,15305343413,7676276225
2019-10-02,8393.0419921875,180.71051025390625,13125712443,6335595250
2019-10-03,8259.9921875,175.1993408203125,13668823409,6381403725
2019-10-04,8205.939453125,176.98500061035156,13139456229,6248928449
2019-10-05,8151.50048828125,176.3515167236328,12200497197,5837211771
2019-10-06,7988.15576171875,173.05914306640625,13160830305,5852890674
2019-10-07,8245.623046875,181.18634033203125,18009742607,7844316834
2019-10-08,8228.783203125,182.0215606689453,15592264032,7466282780
2019-10-09,8595.740234375,193.2932586669922,19384942333,9088122101
2019-10-10,8586.4736328125,191.65966796875,17618660671,8375913276
2019-10-11,8321.7568359375,182.56968688964844,19604381101,9128522970
2019-10-12,8336.5556640625,180.82664489746094,14532641605,7494328840
2019-10-13,8321.005859375,182.0751495361328,13808286059,6733182273
2019-10-14,8374.6865234375,186.96090698242188,15151387859,7276520699
2019-10-15,8205.369140625,181.40606689453125,15220412632,7731456579
2019-10-16,8047.52685546875,176.0135040283203,16071646996,7691244590
2019-10-17,8103.9111328125,178.02835083007812,14313052244,6737237423
2019-10-18,7973.20751953125,173.621337890625,15651592610,7566257807
2019-10-19,7988.560546875,172.91302490234375,13797825640,6551453871
2019-10-20,8222.078125,175.5343780517578,15504249442,6801091120
2019-10-21,8243.720703125,174.92098999023438,15868748866,6815820627
2019-10-22,8078.203125,172.3008575439453,16803377857,6990951966
2019-10-23,7514.671875,162.4027862548828,21942878958,9624925919
2019-10-24,7493.48876953125,162.16854858398438,16268708849,7300917537
2019-10-25,8660.7001953125,181.52320861816406,28705065488,10358594018
2019-10-26,9244.97265625,179.83547973632812,44496255609,13831784986
2019-10-27,9551.71484375,184.24221801757812,32593129501,10815941952
2019-10-28,9256.1484375,182.66281127929688,30948255332,10406734124
2019-10-29,9427.6875,190.3425750732422,28426779937,10622761958
2019-10-30,9205.7265625,184.69216918945312,27706531577,10484902804
2019-10-31,9199.5849609375,183.9669189453125,26583653947,9607939606
2019-11-01,9261.1044921875,183.9698944091797,24324691031,9145611130
2019-11-02,9324.7177734375,183.92572021484375,21242676385,8087991830
2019-11-03,9235.3544921875,182.42501831054688,21132220847,8760247744
2019-11-04,9412.6123046875,186.35519409179688,26170255634,10551917945
2019-11-05,9342.52734375,189.30416870117188,26198609048,10024177342
2019-11-06,9360.8798828125,191.59384155273438,23133895765,10156458684
2019-11-07,9267.5615234375,187.97654724121094,22700383839,9081247799
2019-11-08,8804.880859375,184.2114715576172,24333037836,9176780911
2019-11-09,8813.58203125,185.02871704101562,17578630606,7277418704
2019-11-10,9055.5263671875,189.47727966308594,20587919881,8752784211
2019-11-11,8757.7880859375,185.48963928222656,20265510765,7877424106
2019-11-12,8815.662109375,186.84341430664062,20309769107,7792186666
2019-11-13,8808.2626953125,188.2587432861328,17545755405,7343173596
2019-11-14,8708.0947265625,185.9996337890625,19084739975,7872664470
2019-11-15,8491.9921875,180.52117919921875,21796856471,8815678477
2019-11-16,8550.7607421875,183.34835815429688,16495389808,6789888120
2019-11-17,8577.9755859375,185.11923217773438,18668638897,7364325471
2019-11-18,8309.2861328125,180.55960083007812,21579470673,7787662111
2019-11-19,8206.1455078125,177.45555114746094,21083613816,7536699743
2019-11-20,8027.26806640625,175.69834899902344,20764300437,7205785149
2019-11-21,7642.75,161.4627227783203,22514243371,8546371325
2019-11-22,7296.57763671875,150.26817321777344,34242315785,12020749863
2019-11-23,7397.796875,153.41778564453125,21008924418,8289198330
2019-11-24,7047.9169921875,142.83470153808594,30433517289,7782769098
2019-11-25,7146.1337890625,146.47653198242188,42685231262,10962753356
2019-11-26,7218.37109375,148.96507263183594,21129505542,7648516297
2019-11-27,7531.66357421875,153.01055908203125,23991412764,8778095308
2019-11-28,7463.10595703125,151.7175750732422,19050116751,7346531960
2019-11-29,7761.24365234375,155.3041534423828,19709695456,7503898278
2019-11-30,7569.6298828125,152.53968811035156,17158194786,6565950868
2019-12-01,7424.29248046875,151.18572998046875,18720708479,7102780298
2019-12-02,7321.98828125,149.0591583251953,17082040706,6670561362
2019-12-03,7320.1455078125,147.9564208984375,14797485769,6204379850
2019-12-04,7252.03466796875,146.74774169921875,21664240918,7865937094
2019-12-05,7448.3076171875,149.24899291992188,18816085231,6745910228
2019-12-06,7546.99658203125,149.19444274902344,18104466307,6458766441
2019-12-07,7556.23779296875,148.76815795898438,15453520564,5911233284
2019-12-08,7564.34521484375,151.2647247314453,15409908086,6441727252
2019-12-09,7400.8994140625,148.2251739501953,17872021272,6744206747
2019-12-10,7278.11962890625,146.2670440673828,18249031195,6859512025
2019-12-11,7217.42724609375,143.60800170898438,16350490689,7037180049
2019-12-12,7243.13427734375,145.60400390625,18927080224,7890383413
2019-12-13,7269.6845703125,144.9447479248047,17125736940,7264810247
2019-12-14,7124.673828125,142.86923217773438,17137029730,7048066973
2019-12-15,7152.3017578125,143.114990234375,16881129804,7235153411
2019-12-16,6932.48046875,133.61402893066406,20213265950,8992282119
2019-12-17,6640.51513671875,122.60388946533203,22363804217,9057166141
2019-12-18,7276.802734375,133.09219360351562,31836522778,11864518321
2019-12-19,7202.84423828125,129.32113647460938,25904604416,9564699140
2019-12-20,7218.81640625,129.06605529785156,22633815180,8173594150
2019-12-21,7191.15869140625,128.13095092773438,19312552168,7449064703
2019-12-22,7511.5888671875,132.3725128173828,23134537956,9121058481
2019-12-23,7355.62841796875,128.6140899658203,27831788041,9622497693
2019-12-24,7322.5322265625,129.0638885498047,22991622105,7961819689
2019-12-25,7275.15576171875,126.45463562011719,21559505149,8418019054
2019-12-26,7238.966796875,126.36122131347656,22787010034,8600871980
2019-12-27,7290.08837890625,127.21460723876953,22777360996,8299390176
2019-12-28,7317.990234375,128.3227081298828,21365673026,8069298610
2019-12-29,7422.65283203125,134.7579803466797,22445257702,9708776786
2019-12-30,7292.9951171875,132.63348388671875,22874131672,9796951716
2019-12-31,7193.59912109375,129.61085510253906,21167946112,8936866397
2020-01-01,7200.17431640625,130.802001953125,18565664997,7935230330
2020-01-02,6985.47021484375,127.4101791381836,20802083465,8032709256
2020-01-03,7344.88427734375,134.1717071533203,28111481032,10476845358
2020-01-04,7410.65673828125,135.06936645507812,18444271275,7430904515
2020-01-05,7411.3173828125,136.2767791748047,19725074095,7526675353
2020-01-06,7769.21923828125,144.3041534423828,23276261598,9093747121
2020-01-07,8163.6923828125,143.5439910888672,28767291327,9257954672
2020-01-08,8079.86279296875,141.2581329345703,31672559265,9387194957
2020-01-09,7879.0712890625,138.9792022705078,24045990466,7697325348
2020-01-10,8166.55419921875,143.96377563476562,28714583844,9084816203
2020-01-11,8037.53759765625,142.92710876464844,25521165085,9332208590
2020-01-12,8192.494140625,145.87393188476562,22903438381,8528167453
2020-01-13,8144.1943359375,144.22659301757812,22482910688,8378529470
2020-01-14,8827.7646484375,165.95535278320312,44841784107,16712318373
2020-01-15,8807.0107421875,166.23068237304688,40102834650,15173694057
2020-01-16,8723.7861328125,164.39100646972656,31313981931,13735193018
2020-01-17,8929.0380859375,170.7799530029297,36372139320,14997091826
2020-01-18,8942.80859375,175.3656768798828,32337772627,14929342256
2020-01-19,8706.2451171875,166.9698486328125,34217320471,13713374132
2020-01-20,8657.642578125,167.12051391601562,26422375678,11144529787
2020-01-21,8745.89453125,169.69715881347656,24097418512,9789369362
2020-01-22,8680.8759765625,168.29415893554688,22600204051,9209827928
2020-01-23,8406.515625,162.92855834960938,25770680779,10396868698
2020-01-24,8445.4345703125,163.05117797851562,24397913026,10657671162
2020-01-25,8367.84765625,161.283935546875,19647331549,8256956802
2020-01-26,8596.830078125,168.0771026611328,22177678796,9261861590
2020-01-27,8909.8193359375,170.93089294433594,28647338393,11004476145
2020-01-28,9358.58984375,176.3703155517578,34398744403,11772875064
2020-01-29,9316.6298828125,175.0503387451172,30682598115,10725267311
2020-01-30,9508.9931640625,184.6904754638672,32378792851,12604789338
2020-01-31,9350.529296875,180.16017150878906,29432489719,11728616394
2020-02-01,9392.875,183.6739501953125,25922656496,11569697182
2020-02-02,9344.365234375,188.61753845214844,30835736946,14054425389
2020-02-03,9293.521484375,189.8650665283203,30934096509,12392875241
2020-02-04,9180.962890625,189.25059509277344,29893183716,11714191695
2020-02-05,9613.423828125,204.23023986816406,35222060874,14865434435
2020-02-06,9729.8017578125,212.33908081054688,37628823716,16425589683
2020-02-07,9795.943359375,222.72605895996094,34522718159,16673443564
2020-02-08,9865.119140625,223.14651489257812,35172043762,16741203125
2020-02-09,10116.673828125,228.5785675048828,35807884663,15031356241
2020-02-10,9856.611328125,223.522705078125,39386548075,16210008511
2020-02-11,10208.236328125,235.8511962890625,37648059389,16964695963
2020-02-12,10326.0546875,265.4061279296875,43444303830,24545049386
2020-02-13,10214.3798828125,268.0992431640625,49356071373,25801317504
2020-02-14,10312.1162109375,284.2174987792969,43338264162,23558253463
2020-02-15,9889.4248046875,264.72857666015625,43865054831,23682452994
2020-02-16,9934.43359375,259.89471435546875,43374780305,25152366643
2020-02-17,9690.142578125,266.3634338378906,45998298413,26024080089
2020-02-18,10141.99609375,281.944580078125,47271023953,26511477187
2020-02-19,9633.38671875,259.76397705078125,46992019710,22679414413
2020-02-20,9608.4755859375,257.949462890625,44925260237,23229828870
2020-02-21,9686.44140625,265.6006164550781,40930547513,20867593292
2020-02-22,9663.181640625,262.33172607421875,35838025154,16906032862
2020-02-23,9924.515625,273.754150390625,41185185761,19585998814
2020-02-24,9650.1748046875,265.2164306640625,45080496648,22400845640
2020-02-25,9341.705078125,247.81759643554688,42515259129,21878882134
2020-02-26,8820.5224609375,225.68026733398438,50420050762,26235617201
2020-02-27,8784.494140625,226.75338745117188,45470195695,25645522790
2020-02-28,8672.455078125,226.760498046875,44605450443,22563530559
2020-02-29,8599.5087890625,219.8485107421875,35792392544,18181296376
2020-03-01,8562.4541015625,218.97059631347656,35349164300,18179807469
2020-03-02,8869.669921875,230.5697784423828,42857674409,20305587789
2020-03-03,8787.7861328125,224.47962951660156,42386715821,19853178572
2020-03-04,8755.24609375,224.51797485351562,34746706368,16567075208
2020-03-05,9078.7626953125,229.2681884765625,39698054597,18201291785
2020-03-06,9122.5458984375,243.52529907226562,40826885651,19374772256
2020-03-07,8909.9541015625,237.85308837890625,36216930370,19431652027
2020-03-08,8108.1162109375,200.68905639648438,39973102121,21381823651
2020-03-09,7923.64453125,201.986328125,46936995808,23645428606
2020-03-10,7909.7294921875,200.76724243164062,42213940994,18344930072
2020-03-11,7911.43017578125,194.8685302734375,38682762605,16984790291
2020-03-12,4970.7880859375,112.34712219238281,53980357243,22134741655
2020-03-13,5563.70703125,133.20181274414062,74156772075,27864623061
2020-03-14,5200.3662109375,123.30602264404297,36154506008,12740784545
2020-03-15,5392.31494140625,125.21430206298828,33997889639,12719251813
2020-03-16,5014.47998046875,110.60587310791016,45368026430,15984904590
2020-03-17,5225.62939453125,113.9427490234375,38622642935,12087490572
2020-03-18,5238.4384765625,114.84226989746094,37878801016,11617854009
2020-03-19,6191.19287109375,136.59385681152344,51000731797,16396753275
2020-03-20,6198.7783203125,132.73716735839844,54442976103,18960388062
2020-03-21,6185.06640625,132.81871032714844,42494390880,13684083308
2020-03-22,5830.2548828125,123.32115173339844,40099664740,12497707224
2020-03-23,6416.31494140625,134.91160583496094,46491916000,14149877968
2020-03-24,6734.8037109375,138.76144409179688,48221910672,14609068673
2020-03-25,6681.06298828125,136.19589233398438,44590107888,13433092920
2020-03-26,6716.4404296875,138.36155700683594,35319797642,11367261176
2020-03-27,6469.79833984375,133.9379425048828,34585598367,11396286629
2020-03-28,6242.19384765625,130.9864959716797,34885225901,12162403960
2020-03-29,5922.04296875,125.58373260498047,28373690931,9938133669
2020-03-30,6429.841796875,132.904541015625,37101651525,11841123306
2020-03-31,6438.64453125,133.59356689453125,32786468812,11065246317
2020-04-01,6606.7763671875,135.63455200195312,40346426266,12456564435
2020-04-02,6793.62451171875,142.02914428710938,47660646124,15322861686
2020-04-03,6733.38720703125,142.09130859375,38976504903,13184603402
2020-04-04,6867.52734375,145.21939086914062,33185988584,11946658257
2020-04-05,6791.12939453125,143.54664611816406,29510409856,11280993591
2020-04-06,7271.78125,169.13587951660156,46896904615,21636382525
2020-04-07,7176.41455078125,165.10194396972656,44243482668,21659346091
2020-04-08,7334.0986328125,172.64173889160156,37563249549,17063110836
2020-04-09,7302.08935546875,170.80714416503906,34815139178,14901696210
2020-04-10,6865.4931640625,158.41244506835938,43622840992,17980944616
2020-04-11,6859.0830078125,158.2160186767578,31222085946,13555089447
2020-04-12,6971.091796875,161.14242553710938,35759567632,15123721386
2020-04-13,6845.03759765625,156.27955627441406,38619308647,16465282133
2020-04-14,6842.427734375,157.5963897705078,34110434052,14723156630
2020-04-15,6642.10986328125,153.28689575195312,32288311031,14171753737
2020-04-16,7116.80419921875,172.15737915039062,46783242377,22910469236
2020-04-17,7096.1845703125,171.63858032226562,32513423567,16714684266
2020-04-18,7257.6650390625,186.91400146484375,32447188386,20160323443
2020-04-19,7189.4248046875,181.61495971679688,31311210215,19146038381
2020-04-20,6881.95849609375,172.2971649169922,37747113936,21266681335
2020-04-21,6880.3232421875,172.73770141601562,32589741511,16458767984
2020-04-22,7117.20751953125,182.59957885742188,33249153866,17994666395
2020-04-23,7429.724609375,185.02867126464844,43500782316,21275740032
2020-04-24,7550.90087890625,189.2369384765625,34636526286,16788555028
2020-04-25,7569.93603515625,195.5153045654297,32941541447,18260969748
2020-04-26,7679.8671875,197.31753540039062,33070154491,18335367012
2020-04-27,7795.60107421875,197.22471618652344,36162144725,18670194595
2020-04-28,7807.05859375,198.41539001464844,33187959921,18217507467
2020-04-29,8801.0380859375,216.96823120117188,60201052203,26397548759
2020-04-30,8658.5537109375,207.60205078125,66964629541,28089191904
2020-05-01,8864.7666015625,214.21910095214844,44068389997,20816320834
2020-05-02,8988.5966796875,215.32537841796875,40134388683,18260876092
2020-05-03,8897.46875,210.9331512451172,47101785174,20469034664
2020-05-04,8912.654296875,208.17401123046875,45718796276,22602446422
2020-05-05,9003.0703125,206.77439880371094,43148462663,19004689099
2020-05-06,9268.76171875,204.0557861328125,49371886931,20343543799
2020-05-07,9951.5185546875,212.28941345214844,61112700562,23594744655
2020-05-08,9842.666015625,212.9915771484375,51780748042,20445139356
2020-05-09,9593.896484375,211.60012817382812,46566121841,18950547549
2020-05-10,8756.4306640625,188.5995635986328,63325279337,25211575193
2020-05-11,8601.7958984375,185.912841796875,57119858802,20054601647
2020-05-12,8804.4775390625,189.3125,42142717533,15899726284
2020-05-13,9269.9873046875,199.1932830810547,45558144023,17054662289
2020-05-14,9733.7216796875,202.9490966796875,56426907637,20150524861
2020-05-15,9328.197265625,195.62266540527344,48158802327,16602342092
2020-05-16,9377.013671875,200.6771240234375,36164766408,15379081645
2020-05-17,9670.7392578125,207.15869140625,40084250663,15470397303
2020-05-18,9726.5751953125,214.52505493164062,41827139896,17411566928
2020-05-19,9729.0380859375,213.45111083984375,39254288955,14346192779
2020-05-20,9522.9814453125,210.09674072265625,36546239703,12730175511
2020-05-21,9081.76171875,199.88360595703125,39326160532,13308321229
2020-05-22,9182.5771484375,207.169189453125,29810773699,12041592114
2020-05-23,9209.287109375,208.69439697265625,27727866812,10665476768
2020-05-24,8790.3681640625,202.37034606933594,32518803300,11833299572
2020-05-25,8906.9345703125,205.3197479248047,31288157264,10415044124
2020-05-26,8835.052734375,201.90231323242188,29584186947,10159741290
2020-05-27,9181.017578125,208.86343383789062,32740536902,10631034756
2020-05-28,9525.7509765625,219.84042358398438,34367073114,12212469604
2020-05-29,9439.1240234375,220.6751251220703,32896642044,12265816557
2020-05-30,9700.4140625,242.34559631347656,32722975141,15027397867
2020-05-31,9461.05859375,230.9757080078125,27773290299,12234904813
2020-06-01,10167.2685546875,246.99176025390625,35198901068,13951727936
2020-06-02,9529.8037109375,237.21905517578125,39137252109,13782107567
2020-06-03,9656.7177734375,244.1793212890625,25007459262,9861760817
2020-06-04,9800.63671875,244.4263916015625,25921805072,10170414304
2020-06-05,9665.533203125,241.22198486328125,23509628646,9293963914
2020-06-06,9653.6796875,241.9313201904297,20438419222,8114873845
2020-06-07,9758.8525390625,245.16725158691406,25015250846,9544883157
2020-06-08,9771.4892578125,246.30990600585938,21486346312,8076783299
2020-06-09,9795.7001953125,244.9114532470703,23717842783,8446545788
2020-06-10,9870.0947265625,247.4449462890625,25706567601,8792990206
2020-06-11,9321.78125,231.70266723632812,30247143440,12356528860
2020-06-12,9480.84375,237.4932098388672,22610564515,8868955009
2020-06-13,9475.27734375,238.90884399414062,17564322315,7141624980
2020-06-14,9386.7880859375,234.1147003173828,18991732746,7439385176
2020-06-15,9450.7021484375,229.9289093017578,26699704768,10536099884
2020-06-16,9538.0244140625,234.41616821289062,21565537209,7965648016
2020-06-17,9480.2548828125,233.0282745361328,20177709879,7701391592
2020-06-18,9411.8408203125,232.10116577148438,17770083003,6713800872
2020-06-19,9288.0185546875,227.13829040527344,19632223107,6946372590
2020-06-20,9332.3408203125,229.27426147460938,17130541557,6252830566
2020-06-21,9303.6298828125,228.9898223876953,15324301169,5600408178
2020-06-22,9648.7177734375,242.53318786621094,21104009514,9079586552
2020-06-23,9629.658203125,244.14215087890625,17006433272,6624530348
2020-06-24,9313.6103515625,235.7724609375,18961716076,8815030025
2020-06-25,9264.8134765625,232.94448852539062,18616048626,7010426122
2020-06-26,9162.91796875,229.6680450439453,18341465837,7187490226
2020-06-27,9045.390625,222.9597930908203,17273093144,6918380955
2020-06-28,9143.58203125,225.34716796875,14560870760,6205925718
2020-06-29,9190.8544921875,228.1948699951172,16460547078,6726164653
2020-06-30,9137.9931640625,226.31500244140625,15735797744,6094093001
2020-07-01,9228.3251953125,231.11341857910156,15971550355,6463737443
2020-07-02,9123.41015625,229.39219665527344,16338916796,6212210566
2020-07-03,9087.3037109375,225.38706970214844,13078970999,5109032700
2020-07-04,9132.48828125,229.07411193847656,12290528515,5228310135
2020-07-05,9073.9423828125,227.6645965576172,12903406143,5292172429
2020-07-06,9375.474609375,241.51022338867188,17889263252,8782917553
2020-07-07,9252.27734375,239.07553100585938,13839652595,6441497597
2020-07-08,9428.3330078125,246.67001342773438,19702359883,9892586411
2020-07-09,9277.9677734375,243.01596069335938,18000702524,8429099199
2020-07-10,9278.8076171875,240.9849853515625,16860035605,7281370522
2020-07-11,9240.3466796875,239.4581756591797,13249910444,5643067316
2020-07-12,9276.5,242.13169860839844,14452361907,6596394718
2020-07-13,9243.6142578125,239.60458374023438,17519821266,7787751468
2020-07-14,9243.2138671875,240.21148681640625,18085038362,7357458555
2020-07-15,9192.8369140625,238.42352294921875,15844731575,6189328448
2020-07-16,9132.2275390625,233.64088439941406,15713967523,5832057567
2020-07-17,9151.392578125,232.77308654785156,13944570749,5859850529
2020-07-18,9159.0400390625,235.4838104248047,12252601475,5397402117
2020-07-19,9185.8173828125,238.48751831054688,12939002784,6251377305
2020-07-20,9164.2314453125,236.15316772460938,13755604146,5600686192
2020-07-21,9374.8876953125,245.0167236328125,18069581956,6806696015
2020-07-22,9525.36328125,262.1906433105469,16532254884,7702077383
2020-07-23,9581.072265625,274.6890563964844,18146399002,10281309262
2020-07-24,9536.892578125,279.2154235839844,16552768325,9466060358
2020-07-25,9677.11328125,304.0567626953125,16610070933,10785021813
2020-07-26,9905.1669921875,309.64361572265625,20507998997,12003973026
2020-07-27,10990.873046875,321.51409912109375,35359749590,15644257058
2020-07-28,10912.8232421875,316.6572570800781,28766551142,12357108065
2020-07-29,11100.4677734375,318.1908874511719,24617249715,10878845706
2020-07-30,11111.2138671875,334.5866394042969,22857247901,11827689045
2020-07-31,11323.466796875,345.5546569824219,23160469766,12030600492
2020-08-01,11759.5927734375,385.19970703125,26075670303,14045259477
2020-08-02,11053.6142578125,370.6717224121094,27410067336,18909744275
2020-08-03,11246.3486328125,386.295166015625,20271713443,12834648062
2020-08-04,11205.892578125,389.87548828125,21250197042,14086704221
2020-08-05,11747.0224609375,401.590576171875,24411254471,12875466638
2020-08-06,11779.7734375,394.9619445800781,23400740340,11304626458
2020-08-07,11601.47265625,379.5128479003906,23132312867,12751687084
2020-08-08,11754.0458984375,393.98736572265625,17572057837,9342060531
2020-08-09,11675.7392578125,391.1204528808594,17489608833,9451065592
2020-08-10,11878.111328125,395.8875732421875,26114112569,11685827893
2020-08-11,11410.525390625,380.3840637207031,27039782640,12792218737
2020-08-12,11584.9345703125,391.024169921875,25064548486,12408772745
2020-08-13,11784.1376953125,428.7417907714844,27522199497,18480303526
2020-08-14,11768.87109375,437.3978271484375,24237958589,15064589987
2020-08-15,11865.6982421875,433.35491943359375,23354924400,12416067894
2020-08-16,11892.8037109375,433.78662109375,20583375490,12168816874
2020-08-17,12254.40234375,429.53125,28227687027,13227089410
2020-08-18,11991.2333984375,423.6693115234375,26043227672,11978984079
2020-08-19,11758.283203125,406.4637756347656,24502851117,13137391167
2020-08-20,11878.3720703125,416.4397888183594,20175242945,10043032427
2020-08-21,11592.4892578125,389.1263427734375,23762425999,11781796374
2020-08-22,11681.8251953125,395.83514404296875,20224191306,10131847985
2020-08-23,11664.84765625,391.3844909667969,18482062658,8137303970
2020-08-24,11774.595703125,408.1441955566406,20681511755,10328860398
2020-08-25,11366.134765625,384.00103759765625,26301509932,12428442042
2020-08-26,11488.36328125,386.46612548828125,22466660958,9967343483
2020-08-27,11323.3974609375,382.63262939453125,23240415076,10457777652
2020-08-28,11542.5,395.8746643066406,19807127588,9120674421
2020-08-29,11506.865234375,399.9214782714844,17485597759,8777703481
2020-08-30,11711.505859375,428.3957214355469,19760127945,11211948040
2020-08-31,11680.8203125,435.0797424316406,22285928250,12774741797
2020-09-01,11970.478515625,477.0519104003906,27311555343,18862763756
2020-09-02,11414.0341796875,440.0404968261719,28037405299,19691854014
2020-09-03,10245.296875,385.67193603515625,31927261555,19622845896
2020-09-04,10511.8134765625,388.24114990234375,29965130374,16747106257
2020-09-05,10169.5673828125,335.26007080078125,44916565292,29880047640
2020-09-06,10280.3515625,353.3622741699219,37071460174,27643678917
2020-09-07,10369.5634765625,352.6734924316406,33703098409,21763614732
2020-09-08,10131.5166015625,337.60211181640625,33430927462,17991403432
2020-09-09,10242.34765625,351.1100158691406,24128292755,14547933520
2020-09-10,10363.138671875,368.1018981933594,54406443211,31421134556
2020-09-11,10400.9150390625,374.6955871582031,45201121775,27296269329
2020-09-12,10442.1708984375,387.18310546875,36750077324,13295405814
2020-09-13,10323.755859375,365.57000732421875,36506852789,15005899191
2020-09-14,10680.837890625,377.26885986328125,35453581940,17536695361
2020-09-15,10796.951171875,364.8392028808594,32509451925,16140584321
2020-09-16,10974.9052734375,365.8122863769531,30769986455,16107612177
2020-09-17,10948.990234375,389.01922607421875,38151810523,19899531080
2020-09-18,10944.5859375,384.3645324707031,26341903912,14108357740
2020-09-19,11094.3466796875,385.54437255859375,22764204008,11049507684
2020-09-20,10938.271484375,371.0528259277344,24699523788,12292195784
2020-09-21,10462.259765625,341.78607177734375,28884999244,17398267133
2020-09-22,10538.4599609375,344.503173828125,23621787804,12732578043
2020-09-23,10246.1865234375,321.1163024902344,23788661867,12899346599
2020-09-24,10760.06640625,349.3555908203125,47144380902,15714304470
2020-09-25,10692.716796875,352.1832580566406,39348590957,14381086966
2020-09-26,10750.7236328125,355.48809814453125,46852525493,13049148579
2020-09-27,10775.26953125,357.4385070800781,53745972818,13598126926
2020-09-28,10709.65234375,355.159423828125,47762394731,14258455166
2020-09-29,10844.640625,359.75738525390625,46582396602,11600013236
2020-09-30,10784.4912109375,359.9378662109375,44171073700,11818610610
2020-10-01,10619.4521484375,353.2059020996094,40023134100,14679481911
2020-10-02,10575.974609375,346.2389221191406,48661453918,14215390463
2020-10-03,10549.3291015625,346.5220947265625,44660271563,10060167889
2020-10-04,10669.5830078125,352.5790100097656,71251776995,10696959020
2020-10-05,10793.33984375,353.956787109375,47537578009,11809507622
2020-10-06,10604.40625,340.81585693359375,42623695307,12830796112
2020-10-07,10668.96875,341.80865478515625,37799458436,11929918060
2020-10-08,10915.685546875,350.7661437988281,63314794397,13461017711
2020-10-09,11064.4580078125,365.5904846191406,22799117613,13043501763
2020-10-10,11296.361328125,370.96759033203125,22877978588,13618484324
2020-10-11,11384.181640625,375.1420593261719,19968627060,12584512533
2020-10-12,11555.36328125,387.73126220703125,26163972642,15867455424
2020-10-13,11425.8994140625,381.1907653808594,24241420251,14226744838
2020-10-14,11429.5068359375,379.4840393066406,24103426719,13918846567
2020-10-15,11495.349609375,377.44183349609375,24487233058,14964182545
2020-10-16,11322.123046875,366.22900390625,25635480772,14670784817
2020-10-17,11358.1015625,368.8559265136719,19130430174,10951115359
2020-10-18,11483.359375,378.21368408203125,18283314340,11047103109
2020-10-19,11742.037109375,379.93560791015625,23860769928,12811242092
2020-10-20,11916.3349609375,369.13690185546875,30915821592,13741586582
2020-10-21,12823.689453125,392.1899719238281,43414712626,20241324322
2020-10-22,12965.8916015625,413.7729797363281,34729759598,15772846485
2020-10-23,12931.5390625,409.7666931152344,28974975003,14256222052
2020-10-24,13108.0625,412.4576110839844,24542317940,12201739194
2020-10-25,13031.173828125,406.2177734375,24406920575,10890207469
2020-10-26,13075.248046875,393.8883056640625,29461458313,15155684229
2020-10-27,13654.21875,403.9970397949219,33749878156,13940434102
2020-10-28,13271.28515625,388.6507568359375,35867318895,15276441134
2020-10-29,13437.8828125,386.7301025390625,56499499598,12920477749
2020-10-30,13546.5224609375,382.8199768066406,30581485201,13688056970
2020-10-31,13780.9951171875,386.59033203125,30306464719,11276963426
2020-11-01,13737.109375,396.3581848144531,24453857900,10475146018
2020-11-02,13550.4892578125,383.15673828125,30771455468,13997574252
2020-11-03,13950.30078125,387.6021728515625,29869951617,12588494762
2020-11-04,14133.70703125,402.1419982910156,35116364962,15126077675
2020-11-05,15579.8486328125,414.0673522949219,40856321439,15440711038
2020-11-06,15565.880859375,454.71929931640625,39837841971,16738305610
2020-11-07,14833.75390625,435.713134765625,35024953706,18873289788
2020-11-08,15479.5673828125,453.5547790527344,26632075029,11292383601
2020-11-09,15332.3154296875,444.1630554199219,34149115566,13704320630
2020-11-10,15290.90234375,449.67962646484375,25574938143,12090381666
2020-11-11,15701.33984375,462.9605407714844,29772374934,14075403511
2020-11-12,16276.34375,461.0052795410156,34175758344,12877327234
2020-11-13,16317.80859375,474.6264343261719,31599492172,13191505725
2020-11-14,16068.138671875,460.14984130859375,27481710135,10312037942
2020-11-15,15955.587890625,447.55908203125,23653867583,10308617165
2020-11-16,16716.111328125,459.9403076171875,31526766675,11441239444
2020-11-17,17645.40625,480.3600769042969,39006849170,14593057877
2020-11-18,17804.005859375,479.48406982421875,49064800278,17880199224
2020-11-19,17817.08984375,471.63043212890625,36985055355,12473929218
2020-11-20,18621.314453125,509.74456787109375,36992873940,18629943296
2020-11-21,18642.232421875,549.4866333007812,39650210707,20757099184
2020-11-22,18370.001953125,558.068115234375,41280434226,21967049601
2020-11-23,18364.12109375,608.4540405273438,42741112308,27272302872
2020-11-24,19107.46484375,603.8977661132812,51469565009,23281758100
2020-11-25,18732.12109375,570.6866455078125,43710357371,20088492893
2020-11-26,17150.623046875,518.8011474609375,61396835737,31104004592
2020-11-27,17108.40234375,517.4937133789062,38886494645,16831105703
2020-11-28,17717.4140625,538.2297973632812,32601040734,14770243833
2020-11-29,18177.484375,575.758056640625,31133957704,15017517758
2020-11-30,19625.8359375,614.842529296875,47728480399,20276867833
2020-12-01,18802.998046875,587.3241577148438,49633658712,27178964465
2020-12-02,19201.091796875,598.3523559570312,37387697139,16883292129
2020-12-03,19445.3984375,616.708740234375,31930317405,16146190946
2020-12-04,18699.765625,569.3541870117188,33872388058,16337589997
2020-12-05,19154.23046875,596.595458984375,27242455064,13498010566
2020-12-06,19345.12109375,601.9089965820312,25293775714,11290893016
2020-12-07,19191.630859375,591.8433837890625,26896357742,10720480962
2020-12-08,18321.14453125,554.8277587890625,31692288756,14398919320
2020-12-09,18553.916015625,573.4791259765625,34420373071,15855915840
2020-12-10,18264.9921875,559.6785278320312,25547132265,11672582040
2020-12-11,18058.904296875,545.79736328125,27919640985,11098819124
2020-12-12,18803.65625,568.5673217773438,21752580802,8534557897
2020-12-13,19142.3828125,589.6632080078125,25450468637,9070377862
2020-12-14,19246.64453125,586.0111694335938,22473997681,8125837102
2020-12-15,19417.076171875,589.3555908203125,26741982541,9326645840
2020-12-16,21310.59765625,636.1818237304688,44409011479,15817248373
2020-12-17,22805.162109375,642.8689575195312,71378606374,25479532147
2020-12-18,23137.9609375,654.8119506835938,40387896275,15756303983
2020-12-19,23869.83203125,659.2979125976562,38487546580,12830893778
2020-12-20,23477.294921875,638.2908325195312,37844228422,13375855442
2020-12-21,22803.08203125,609.81787109375,45852713981,14419493621
2020-12-22,23783.029296875,634.8541870117188,44171632681,14745890080
2020-12-23,23241.345703125,583.714599609375,51146161904,15261413038
2020-12-24,23735.94921875,611.607177734375,41080759713,14317413703
2020-12-25,24664.791015625,626.4107055664062,42068395846,13520927700
2020-12-26,26437.037109375,635.8358154296875,48332647295,14761125202
2020-12-27,26272.294921875,682.642333984375,66479895605,26093552821
2020-12-28,27084.80859375,730.3973388671875,49056742893,24222565862
2020-12-29,27362.4375,731.5201416015625,45265946774,18710683199
2020-12-30,28840.953125,751.6189575195312,51287442704,17294574210
2020-12-31,29001.720703125,737.8034057617188,46754964848,13926846861
2021-01-01,29374.15234375,730.3675537109375,40730301359,13652004358
2021-01-02,32127.267578125,774.5349731445312,67865420765,19740771179
2021-01-03,32782.0234375,975.5076904296875,78665235202,45200463368
2021-01-04,31971.9140625,1040.2330322265625,81163475344,56945985763
2021-01-05,33992.4296875,1100.006103515625,67547324782,41535932781
2021-01-06,36824.36328125,1207.1121826171875,75289433811,44699914188
2021-01-07,39371.04296875,1225.6781005859375,84762141031,40468027280
2021-01-08,40797.609375,1224.1971435546875,88107519480,44334826666
2021-01-09,40254.546875,1281.0772705078125,61984162837,33233105361
2021-01-10,38356.44140625,1262.2467041015625,79980747690,40616938053
2021-01-11,35566.65625,1090.1453857421875,123320567399,60733630300
2021-01-12,33922.9609375,1043.4345703125,74773277909,37494601692
2021-01-13,37316.359375,1130.7393798828125,69364315979,30109792795
2021-01-14,39187.328125,1218.4530029296875,63615990033,33410915929
2021-01-15,36825.3671875,1171.8345947265625,67760757881,35972039310
2021-01-16,36178.140625,1233.53759765625,57706187875,32319240157
2021-01-17,35791.27734375,1230.1722412109375,52359854336,29258032819
2021-01-18,36630.07421875,1257.279541015625,49511702429,25817455560
2021-01-19,36069.8046875,1377.2958984375,57244195486,47195935190
2021-01-20,35547.75,1382.2740478515625,66834573161,46784030909
2021-01-21,30825.69921875,1121.5709228515625,75643067688,45932464754
2021-01-22,33005.76171875,1236.51220703125,77207272511,43918338506
2021-01-23,32067.642578125,1230.9906005859375,48354737975,27253895441
2021-01-24,32289.37890625,1391.609375,48643830599,36418163554
2021-01-25,32366.392578125,1324.414794921875,59897054838,43565777745
2021-01-26,32569.849609375,1357.05810546875,60255421470,41572917750
2021-01-27,30432.546875,1253.1871337890625,62576762015,39394416990
2021-01-28,33466.09765625,1332.4921875,76517157706,34637234789
2021-01-29,34316.38671875,1382.5228271484375,117894572511,53611955259
2021-01-30,34269.5234375,1376.115478515625,65141828798,30616574234
2021-01-31,33114.359375,1314.9862060546875,52754542671,25198853581
2021-02-01,33537.17578125,1369.04052734375,61400400660,29210670920
2021-02-02,35510.2890625,1515.1937255859375,63088585433,45437142801
2021-02-03,37472.08984375,1660.9095458984375,61166818159,41874566399
2021-02-04,36926.06640625,1594.7626953125,68838074392,44396871836
2021-02-05,38144.30859375,1718.65087890625,58598066402,40108628454
2021-02-06,39266.01171875,1677.8468017578125,71326033653,39873420648
2021-02-07,38903.44140625,1614.227783203125,65500641143,39889440151
2021-02-08,46196.46484375,1746.6168212890625,101467222687,48012285956
2021-02-09,46481.10546875,1768.0350341796875,91809846886,44180727529
2021-02-10,44918.18359375,1744.243408203125,87301089896,41916084617
2021-02-11,47909.33203125,1783.7979736328125,81388911810,36021495262
2021-02-12,47504.8515625,1843.5325927734375,76555041196,37905036865
2021-02-13,47105.515625,1814.10986328125,70250456155,35359490535
2021-02-14,48717.2890625,1805.0841064453125,71248675228,31439114900
2021-02-15,47945.05859375,1779.791015625,77069903166,38955610883
2021-02-16,49199.87109375,1781.0675048828125,77049582886,34269369268
2021-02-17,52149.0078125,1848.458251953125,80820545404,35955412703
2021-02-18,51679.796875,1937.44921875,52054723579,28255902969
2021-02-19,55888.1328125,1960.164794921875,63495496918,26268814253
2021-02-20,56099.51953125,1919.5340576171875,68145460026,34696091102
2021-02-21,57539.9453125,1935.60107421875,51897585191,23626547717
2021-02-22,54207.3203125,1781.992919921875,92052420332,42409646036
2021-02-23,48824.42578125,1570.2039794921875,106102492824,52029864713
2021-02-24,49705.33203125,1626.57568359375,63695521388,31329000537
2021-02-25,47093.8515625,1475.7037353515625,54506565949,24481681873
2021-02-26,46339.76171875,1446.03369140625,350967941479,31435997881
2021-02-27,46188.453125,1459.97314453125,45910946382,20742103233
2021-02-28,45137.76953125,1416.0489501953125,53443887451,27637026080
2021-03-01,49631.2421875,1564.7076416015625,53891300112,24032838645
2021-03-02,48378.98828125,1492.6087646484375,47530897720,22523669722
2021-03-03,50538.2421875,1575.8531494140625,53220811975,22674780680
2021-03-04,48561.16796875,1541.914306640625,52343816680,22906118718
2021-03-05,48927.3046875,1533.2750244140625,48625928883,21067146937
2021-03-06,48912.3828125,1654.7415771484375,34363564661,22746262366
2021-03-07,51206.69140625,1723.15380859375,43137459378,23809935410
2021-03-08,52246.5234375,1834.7279052734375,48597428048,27630991158
2021-03-09,54824.1171875,1868.048828125,50912227385,23461244507
2021-03-10,56008.55078125,1799.166259765625,57295577614,25154173185
2021-03-11,57805.12109375,1826.1949462890625,56772343595,24013132909
2021-03-12,57332.08984375,1772.1024169921875,55689944702,22435821312
2021-03-13,61243.0859375,1924.6854248046875,60669829814,25014689475
2021-03-14,59302.31640625,1854.5643310546875,43901225564,19344589211
2021-03-15,55907.19921875,1791.7022705078125,66419369890,26244738810
2021-03-16,56804.90234375,1806.9718017578125,59749798599,23828509590
2021-03-17,58870.89453125,1823.4493408203125,60258313191,24512917348
2021-03-18,57858.921875,1782.8551025390625,55746041000,23263845504
2021-03-19,58346.65234375,1817.6241455078125,49063873786,21249297710
2021-03-20,58313.64453125,1812.6346435546875,50361731222,22677674970
2021-03-21,57523.421875,1788.217041015625,51943414539,22977404620
2021-03-22,54529.14453125,1691.333984375,56521454974,23599296129
2021-03-23,54738.9453125,1678.650146484375,56435023914,21998237965
2021-03-24,52774.265625,1593.4134521484375,70567223787,31228051473
2021-03-25,51704.16015625,1595.3592529296875,67999812841,29650328701
2021-03-26,55137.3125,1702.842041015625,56652197978,22548516548
2021-03-27,55973.51171875,1716.49462890625,47266542233,18102277710
2021-03-28,55950.74609375,1691.35595703125,47686580918,16599472938
2021-03-29,57750.19921875,1819.6849365234375,57625587027,22796570548
2021-03-30,58917.69140625,1846.03369140625,54414116432,22512781703
2021-03-31,58918.83203125,1918.362060546875,65520826225,30226902621
2021-04-01,59095.80859375,1977.27685546875,61669163792,30914259795
2021-04-02,59384.3125,2143.2255859375,58727860620,34862511022
2021-04-03,57603.890625,2028.4224853515625,59641344484,32011518871
2021-04-04,58758.5546875,2093.122802734375,50749662970,26006501902
2021-04-05,59057.87890625,2107.88720703125,60706272115,28889391170
2021-04-06,58192.359375,2118.37890625,66058027988,29222865881
2021-04-07,56048.9375,1971.0772705078125,75645303584,36116271935
2021-04-08,58323.953125,2088.57373046875,53053855641,25312956529
2021-04-09,58245.00390625,2072.10888671875,46655208546,19812472092
2021-04-10,59793.234375,2135.942138671875,58238470525,24986243611
2021-04-11,60204.96484375,2157.656982421875,46280252580,19692836132
2021-04-12,59893.453125,2139.353271484375,51828688519,21727936609
2021-04-13,63503.45703125,2299.187744140625,69983454362,29456642939
2021-04-14,63109.6953125,2435.10498046875,77451779687,35592822986
2021-04-15,63314.01171875,2519.1162109375,60954381579,32325606817
2021-04-16,61572.7890625,2431.946533203125,84293007468,36196928256
2021-04-17,60683.8203125,2344.89501953125,66138759198,32349808978
2021-04-18,56216.18359375,2237.136962890625,97468872758,50696368718
2021-04-19,55724.265625,2166.188720703125,65344865159,34060654971
2021-04-20,56473.03125,2330.2109375,67849323955,39433483315
2021-04-21,53906.08984375,2364.751708984375,54926612466,38899067643
2021-04-22,51762.2734375,2403.53515625,74798630778,53575904724
2021-04-23,51093.65234375,2363.586181640625,86668667320,55413933925
2021-04-24,50050.8671875,2211.625732421875,49014494781,31854226936
2021-04-25,49004.25390625,2316.0595703125,46117114240,31814355546
2021-04-26,54021.75390625,2534.481689453125,58284039825,35208325408
2021-04-27,55033.1171875,2662.865234375,49448222757,32275969215
2021-04-28,54824.703125,2746.380126953125,48000572955,34269031076
2021-04-29,53555.109375,2756.876953125,46088929780,32578127990
2021-04-30,57750.17578125,2773.20703125,52395931985,29777179889
2021-05-01,57828.05078125,2945.892822265625,42836427360,28726205272
2021-05-02,56631.078125,2952.05615234375,38177405335,28032013047
2021-05-03,57200.29296875,3431.086181640625,51713139031,49174290212
2021-05-04,53333.5390625,3253.62939453125,68564706967,62402045158
2021-05-05,57424.0078125,3522.783203125,69241316747,48334198383
2021-05-06,56396.515625,3490.88037109375,69523285106,44300394788
2021-05-07,57356.40234375,3484.72900390625,68434023376,39607240515
2021-05-08,58803.77734375,3902.647705078125,65382980634,50208491286
2021-05-09,58232.31640625,3928.8447265625,65906690347,50568290278
2021-05-10,55859.796875,3952.2939453125,71776546298,62691789007
2021-05-11,56704.57421875,4168.701171875,61308396325,52679737865
2021-05-12,49150.53515625,3785.8486328125,75215403907,69023382175
2021-05-13,49716.19140625,3715.1484375,96721152926,78398214539
2021-05-14,49880.53515625,4079.057373046875,55737497453,48174271215
2021-05-15,46760.1875,3638.1220703125,59161047474,42422321751
2021-05-16,46456.05859375,3587.506103515625,64047871555,47359478734
2021-05-17,43537.51171875,3282.397705078125,74903638450,54061732774
2021-05-18,42909.40234375,3380.070068359375,56187365084,40416525218
2021-05-19,37002.44140625,2460.67919921875,126358098747,84482912776
2021-05-20,40782.73828125,2784.294189453125,88281943359,67610826680
2021-05-21,37304.69140625,2430.621337890625,82051616861,53774070802
2021-05-22,37536.6328125,2295.70556640625,57377273240,42089937660
2021-05-23,34770.58203125,2109.579833984375,78469274361,56005721977
2021-05-24,38705.98046875,2643.591064453125,67359584098,53697121740
2021-05-25,38402.22265625,2706.62890625,56211915803,49558333256
2021-05-26,39294.19921875,2888.69873046875,51346735160,42499766020
2021-05-27,38436.96875,2736.488525390625,43210968721,33373635283
2021-05-28,35697.60546875,2419.90625,55200191952,39999114805
2021-05-29,34616.06640625,2279.51416015625,45231013335,33773720220
2021-05-30,35678.12890625,2390.305419921875,31646080921,25876619428
2021-05-31,37332.85546875,2714.9453125,39009847639,31007383150
2021-06-01,36684.92578125,2633.518310546875,34639423297,27363223090
2021-06-02,37575.1796875,2706.125,33070867190,27723267359
2021-06-03,39208.765625,2855.12646484375,35460750427,30038207402
2021-06-04,36894.40625,2688.195068359375,41831090187,34173841611
2021-06-05,35551.95703125,2630.576904296875,35959473399,30496672724
2021-06-06,35862.37890625,2715.0927734375,28913440585,25311639414
2021-06-07,33560.70703125,2590.26318359375,33683936663,30600111277
2021-06-08,33472.6328125,2517.438720703125,49902050442,41909736778
2021-06-09,37345.12109375,2608.26708984375,53972919008,36075832186
2021-06-10,36702.59765625,2471.5185546875,43576032854,28753626390
2021-06-11,37334.3984375,2353.768798828125,38699736985,24832564195
2021-06-12,35552.515625,2372.484375,37924228550,25724364410
2021-06-13,39097.859375,2508.3916015625,40669112838,27092945370
2021-06-14,40218.4765625,2537.89111328125,43148914673,26964576331
2021-06-15,40406.26953125,2610.936767578125,46420149185,29005279219
2021-06-16,38347.0625,2367.66357421875,39211635100,24101926180
2021-06-17,38053.50390625,2372.001953125,37096670047,21871633186
2021-06-18,35787.24609375,2231.733154296875,36200887275,22752818388
2021-06-19,35615.87109375,2178.4990234375,31207279719,18765854896
2021-06-20,35698.296875,2246.364501953125,36664034054,22535930423
2021-06-21,31676.693359375,1888.447509765625,52809038594,33745173825
2021-06-22,32505.66015625,1874.9500732421875,58964353058,35547251725
2021-06-23,33723.02734375,1989.736328125,46317108925,28408659206
2021-06-24,34662.4375,1988.456298828125,33123368116,20272845769
2021-06-25,31637.779296875,1813.21728515625,40230904226,22774334998
2021-06-26,32186.27734375,1829.2392578125,38585385521,20637542361
2021-06-27,34649.64453125,1978.8946533203125,35511640894,19885474742
2021-06-28,34434.3359375,2079.657470703125,33892523752,25514602841
2021-06-29,35867.77734375,2160.768310546875,37901460044,24815124419
2021-06-30,35040.8359375,2274.547607421875,34059036099,25828056268
2021-07-01,33572.1171875,2113.60546875,37838957079,29061701793
2021-07-02,33897.046875,2150.040283203125,38728974942,31796212554
2021-07-03,34668.546875,2226.1142578125,24383958643,17433361641
2021-07-04,35287.78125,2321.72412109375,24924307911,18787107473
2021-07-05,33746.00390625,2198.58251953125,26721554282,20103794829
2021-07-06,34235.1953125,2324.679443359375,26501259870,20891861314
2021-07-07,33855.328125,2315.161865234375,24796027477,22398345285
2021-07-08,32877.37109375,2120.0263671875,29910396946,23188123689
2021-07-09,33798.01171875,2146.6923828125,27436021028,23029574602
2021-07-10,33520.51953125,2111.403564453125,22971873468,17581542471
2021-07-11,34240.1875,2139.664794921875,20108729370,14705386138
2021-07-12,33155.84765625,2036.7210693359375,24321499537,17768129077
2021-07-13,32702.025390625,1940.083984375,19120856669,16621628658
2021-07-14,32822.34765625,1994.331298828125,21376531210,17342819679
2021-07-15,31780.73046875,1911.1756591796875,21300524237,15688092552
2021-07-16,31421.5390625,1880.3829345703125,23699476918,14884569147
2021-07-17,31533.068359375,1898.8251953125,18895018942,13364282076
2021-07-18,31796.810546875,1895.5521240234375,18787986667,13791868728
2021-07-19,30817.83203125,1817.296630859375,20434789545,14157735481
2021-07-20,29807.34765625,1787.5107421875,23148267245,17368597636
2021-07-21,32110.693359375,1990.9708251953125,28203024559,21253359756
2021-07-22,32313.10546875,2025.2027587890625,19555230518,17495480331
2021-07-23,33581.55078125,2124.776611328125,22552046192,16200392492
2021-07-24,34292.4453125,2189.21875,21664706865,16057446601
2021-07-25,35350.1875,2191.373779296875,20856685287,14566483636
2021-07-26,37337.53515625,2233.36669921875,51022126212,29614324233
2021-07-27,39406.94140625,2298.33349609375,35097370560,23067480378
2021-07-28,39995.90625,2296.54541015625,38702404695,18991302378
2021-07-29,40008.421875,2380.956787109375,27167146027,16313373113
2021-07-30,42235.546875,2466.96142578125,33072782960,20212848934
2021-07-31,41626.1953125,2536.2099609375,25802845343,18001710283
2021-08-01,39974.89453125,2561.85205078125,26688438115,22697987055
2021-08-02,39201.9453125,2610.1533203125,25595265436,22162754104
2021-08-03,38152.98046875,2502.349609375,26189830450,22696753413
2021-08-04,39747.50390625,2724.619873046875,25372562724,25038698173
2021-08-05,40869.5546875,2827.328857421875,35185031017,31057928075
2021-08-06,42816.5,2890.941650390625,38226483046,26528577879
2021-08-07,44555.80078125,3157.23876953125,40030862141,33081467129
2021-08-08,43798.1171875,3013.732666015625,36302664750,28433638008
2021-08-09,46365.40234375,3167.856201171875,38734079049,31983260936
2021-08-10,45585.03125,3141.691162109375,33546019517,27605221710
2021-08-11,45593.63671875,3164.2451171875,34319709073,26729035052
2021-08-12,44428.2890625,3043.414306640625,33723620826,25403699845
2021-08-13,47793.3203125,3322.211669921875,31744259539,23868866254
2021-08-14,47096.9453125,3265.443359375,31211354442,19860862133
2021-08-15,47047.00390625,3310.504150390625,30988958446,22166205051
2021-08-16,46004.484375,3156.509521484375,32776876610,23080039949
2021-08-17,44695.359375,3014.845947265625,33451362600,25509056745
2021-08-18,44801.1875,3020.08984375,32194123075,21539248425
2021-08-19,46717.578125,3182.7021484375,37204312299,19546290360
2021-08-20,49339.17578125,3286.935302734375,34706867452,20885619828
2021-08-21,48905.4921875,3226.083984375,40585205312,18113977628
2021-08-22,49321.65234375,3242.115478515625,25370975378,15983278460
2021-08-23,49546.1484375,3319.25732421875,34305053719,20511110509
2021-08-24,47706.1171875,3172.456298828125,35361168834,20131028906
2021-08-25,48960.7890625,3224.915283203125,32646349931,18902728235
2021-08-26,46942.21875,3100.325439453125,32666549568,17405668117
2021-08-27,49058.66796875,3270.600830078125,34511076995,18489602004
2021-08-28,48902.40234375,3244.4033203125,28568103401,13709633698
2021-08-29,48829.83203125,3227.002685546875,25889650240,13296586731
2021-08-30,47054.984375,3224.374267578125,31847007016,19306924485
2021-08-31,47166.6875,3433.732666015625,34730363427,27280502987
2021-09-01,48847.02734375,3834.828125,39139399125,30070890104
2021-09-02,49327.72265625,3790.989990234375,39508070319,24387397330
2021-09-03,50025.375,3940.61474609375,43206179619,26207765094
2021-09-04,49944.625,3887.828369140625,37471327794,20806963328
2021-09-05,51753.41015625,3952.133544921875,30322676319,18371468576
2021-09-06,52633.53515625,3928.37939453125,38884105426,18674691198
2021-09-07,46811.12890625,3426.394287109375,65210059683,39131346397
2021-09-08,46091.390625,3497.315185546875,49007762488,31738430771
2021-09-09,46391.421875,3427.340087890625,38672657013,24118055831
2021-09-10,44883.91015625,3211.505859375,39154666597,22355974097
2021-09-11,45201.45703125,3270.278076171875,34499835245,18627122934
2021-09-12,46063.26953125,3410.134521484375,27881980161,16810411424
2021-09-13,44963.07421875,3285.51171875,40969943253,22721552948
2021-09-14,47092.4921875,3429.169677734375,38652152880,19125420848
2021-09-15,48176.34765625,3615.28271484375,30484496466,17548551804
2021-09-16,47783.359375,3571.294921875,31764293754,20093903064
2021-09-17,47267.51953125,3398.538818359375,28727713711,17722363229
2021-09-18,48278.36328125,3432.018310546875,28575630451,15995220233
2021-09-19,47260.21875,3329.447998046875,26967722648,14257609743
2021-09-20,42843.80078125,2958.993408203125,43909845642,27371684581
2021-09-21,40693.67578125,2764.43115234375,48701090088,30405062665
2021-09-22,43574.5078125,3077.867919921875,38139709246,23742102645
2021-09-23,44895.09765625,3155.523681640625,34244064430,18516291047
2021-09-24,42839.75,2931.669189453125,42839345714,25595422789
2021-09-25,42716.59375,2925.565673828125,31604717236,18932786754
2021-09-26,43208.5390625,3062.265380859375,30661222077,21172766310
2021-09-27,42235.73046875,2934.138916015625,30980029059,19164053681
2021-09-28,41034.54296875,2807.296630859375,30214940550,16895079070
2021-09-29,41564.36328125,2853.143310546875,30602359905,15763456158
2021-09-30,43790.89453125,3001.678955078125,31141681925,17661065099
2021-10-01,48116.94140625,3307.51611328125,42850641582,22307625573
2021-10-02,47711.48828125,3391.6943359375,30614346492,19202671704
2021-10-03,48199.953125,3418.358642578125,26638115879,15516566862
2021-10-04,49112.90234375,3380.089111328125,33383173002,17747154101
2021-10-05,51514.8125,3518.5185546875,35873904236,16632591670
2021-10-06,55361.44921875,3580.56201171875,49034730168,21855226591
2021-10-07,53805.984375,3587.974853515625,36807860413,19090322927
2021-10-08,53967.84765625,3563.75927734375,34800873924,16222029488
2021-10-09,54968.22265625,3575.716796875,32491211414,12707036942
2021-10-10,54771.578125,3425.852783203125,39527792364,16171746693
2021-10-11,57484.7890625,3545.35400390625,42637331698,18579189588
2021-10-12,56041.05859375,3492.5732421875,41083758949,18109578443
2021-10-13,57401.09765625,3606.20166015625,41684252783,16211275589
2021-10-14,57321.5234375,3786.01416015625,36615791366,19443499909
2021-10-15,61593.94921875,3862.634765625,51780081801,20966841512
2021-10-16,60892.1796875,3830.382080078125,34250964237,16578095629
2021-10-17,61553.6171875,3847.1044921875,29032367511,15908090346
2021-10-18,62026.078125,3748.76025390625,38055562075,17386204158
2021-10-19,64261.9921875,3877.65087890625,40471196346,15998757133
2021-10-20,65992.8359375,4155.9921875,40788955582,20338319988
2021-10-21,62210.171875,4054.32275390625,45908121370,28220661820
2021-10-22,60692.265625,3970.181884765625,38434082775,19432937968
2021-10-23,61393.6171875,4171.66357421875,26882546034,14781537792
2021-10-24,60930.8359375,4087.903076171875,27316183882,14978083638
2021-10-25,63039.82421875,4217.876953125,31064911614,15995727040
2021-10-26,60363.79296875,4131.10205078125,34878965587,17157714562
2021-10-27,58482.38671875,3930.25732421875,43657076893,26219530404
2021-10-28,60622.13671875,4287.31884765625,45257083247,25958154575
2021-10-29,62227.96484375,4414.74658203125,36856881767,22967641914
2021-10-30,61888.83203125,4325.650390625,32157938616,14615490626
2021-10-31,61318.95703125,4288.07421875,32241199927,17498160238
2021-11-01,61004.40625,4324.626953125,36150572843,17985288261
2021-11-02,63226.40234375,4584.798828125,37746665647,20794448222
2021-11-03,62970.046875,4607.19384765625,36124731509,21220463155
2021-11-04,61452.23046875,4537.32421875,32615846901,18415244464
2021-11-05,61125.67578125,4486.2431640625,30605102446,15086003586
2021-11-06,61527.48046875,4521.5810546875,29094934221,14429076700
2021-11-07,63326.98828125,4620.5546875,24726754302,13541376033
2021-11-08,67566.828125,4812.08740234375,41125608330,19290896267
2021-11-09,66971.828125,4735.06884765625,42357991721,20834172627
2021-11-10,64995.23046875,4636.17431640625,48730828378,22748160545
2021-11-11,64949.9609375,4730.38427734375,35880633236,17933201129
2021-11-12,64155.94140625,4667.115234375,36084893887,18316060208
2021-11-13,64469.52734375,4651.46044921875,30474228777,14457436261
2021-11-14,65466.83984375,4626.35888671875,25122092191,12172962219
2021-11-15,63557.87109375,4557.50390625,30558763548,16275851299
2021-11-16,60161.24609375,4216.365234375,46844335592,27417502801
2021-11-17,60368.01171875,4287.59375,39178392930,22183461850
2021-11-18,56942.13671875,4000.65087890625,41388338699,21383250893
2021-11-19,58119.578125,4298.306640625,38702407772,20626269711
2021-11-20,59697.1953125,4409.93115234375,30624264863,15448261277
2021-11-21,58730.4765625,4269.73291015625,26123447605,14094831413
2021-11-22,56289.2890625,4088.457763671875,35036121783,19752218877
2021-11-23,57569.07421875,4340.763671875,37485803899,22133497059
2021-11-24,56280.42578125,4239.9814453125,36635566789,21838037128
2021-11-25,57274.6796875,4274.7431640625,34284016248,18705358318
2021-11-26,53569.765625,4030.908935546875,41810748221,26281795488
2021-11-27,54815.078125,4096.912109375,30560857714,16515693874
2021-11-28,57248.45703125,4294.45361328125,28116886357,15953126340
2021-11-29,57806.56640625,4445.10498046875,32370840356,19086475837
2021-11-30,57005.42578125,4631.47900390625,36708594618,28626354111
2021-12-01,57229.828125,4586.990234375,36858195307,27634826695
2021-12-02,56477.81640625,4511.30224609375,32379968686,21502671027
2021-12-03,53598.24609375,4220.7060546875,39789134215,25879591528
2021-12-04,49200.703125,4119.58740234375,61385677469,38478999182
2021-12-05,49368.84765625,4198.32275390625,37198201161,25533062707
2021-12-06,50582.625,4358.7373046875,37707308001,28229518513
2021-12-07,50700.0859375,4315.0615234375,33676814852,22366213354
2021-12-08,50504.796875,4439.35791015625,28479699446,18704315119
2021-12-09,47672.12109375,4119.81591796875,29603577251,22296131874
2021-12-10,47243.3046875,3908.49609375,30966005122,28014595631
2021-12-11,49362.5078125,4084.452392578125,25775869261,19131502454
2021-12-12,50098.3359375,4134.453125,21939223599,14057603914
2021-12-13,46737.48046875,3784.226806640625,32166727776,23999841386
2021-12-14,46612.6328125,3745.4404296875,34638619079,23836759957
2021-12-15,48896.72265625,4018.388671875,36541828520,26411188833
2021-12-16,47665.42578125,3962.4697265625,27268150947,19825531254
2021-12-17,46202.14453125,3879.486572265625,32902725329,23143541098
2021-12-18,46848.77734375,3960.860107421875,26098292690,19530895889
2021-12-19,46707.015625,3922.592529296875,25154053861,16167785597
2021-12-20,46880.27734375,3933.844482421875,30961902129,21589690675
2021-12-21,48936.61328125,4020.260009765625,27055803928,16388555198
2021-12-22,48628.51171875,3982.099609375,24447979559,13921756199
2021-12-23,50784.5390625,4108.015625,28223878108,18007273742
2021-12-24,50822.1953125,4047.98291015625,24367912228,12769090623
2021-12-25,50429.859375,4093.281005859375,19030650914,10894785525
2021-12-26,50809.515625,4067.328125,20964372926,11197244172
2021-12-27,50640.41796875,4037.547607421875,24324345758,11424360002
2021-12-28,47588.85546875,3800.89306640625,33430376883,17299472803
2021-12-29,46444.7109375,3628.53173828125,30049226299,15722555672
2021-12-30,47178.125,3713.85205078125,26686491018,12925377999
2021-12-31,46306.4453125,3682.6328125,36974172400,14157285268
2022-01-01,47686.8125,3769.697021484375,24582667004,9776191466
2022-01-02,47345.21875,3829.56494140625,27951569547,9881471548
2022-01-03,46458.1171875,3761.38037109375,33071628362,12080777893
2022-01-04,45897.57421875,3794.056640625,42494677905,14030925983
2022-01-05,43569.00390625,3550.386962890625,36851084859,18061338502
2022-01-06,43160.9296875,3418.408203125,30208048289,24293791313
2022-01-07,41557.90234375,3193.21044921875,84196607520,24494179209
2022-01-08,41733.94140625,3091.97265625,28066355845,16037732700
2022-01-09,41911.6015625,3157.75146484375,21294384372,12334683863
2022-01-10,41821.26171875,3083.097900390625,32104232331,19535744145
2022-01-11,42735.85546875,3238.111572265625,26327648900,15211447193
2022-01-12,43949.1015625,3372.25830078125,33499938689,16662871689
2022-01-13,42591.5703125,3248.28857421875,47691135082,15294466275
2022-01-14,43099.69921875,3310.00146484375,23577403399,13562957230
2022-01-15,43177.3984375,3330.53076171875,18371348298,9619999078
2022-01-16,43113.87890625,3350.921875,17902097845,9505934874
2022-01-17,42250.55078125,3212.304931640625,21690904261,12344309617
2022-01-18,42375.6328125,3164.025146484375,22417209227,13024154091
2022-01-19,41744.328125,3095.825927734375,23091543258,13187424144
2022-01-20,40680.41796875,3001.1201171875,20382033940,10645922764
2022-01-21,36457.31640625,2557.931640625,43011992031,26796291874
2022-01-22,35030.25,2405.18115234375,39714385405,27369692036
2022-01-23,36276.8046875,2535.0390625,26017975951,16481489511
2022-01-24,36654.328125,2440.352294921875,41856658597,28220804648
2022-01-25,36954.00390625,2455.93505859375,26428189594,16179776932
2022-01-26,36852.12109375,2468.0302734375,31324598034,21229909340
2022-01-27,37138.234375,2423.001220703125,25041426629,16126522783
2022-01-28,37784.33203125,2547.092041015625,22238830523,14666227351
2022-01-29,38138.1796875,2597.084716796875,17194183075,11172062661
2022-01-30,37917.6015625,2603.466552734375,14643548444,9501221177
2022-01-31,38483.125,2688.27880859375,20734730465,13778234614
2022-02-01,38743.2734375,2792.1171875,20288500328,13194846235
2022-02-02,36952.984375,2682.85400390625,19155189416,13876301217
2022-02-03,37154.6015625,2679.16259765625,18591534769,12755505065
2022-02-04,41500.875,2983.5869140625,29412210792,18987223729
2022-02-05,41441.1640625,3014.648193359375,19652846215,13102093957
2022-02-06,42412.43359375,3057.47607421875,16142097334,9466018022
2022-02-07,43840.28515625,3142.470703125,28641855926,15197063785
2022-02-08,44118.4453125,3122.608642578125,33079398868,17136080906
2022-02-09,44338.796875,3239.45703125,23245887300,13951308490
2022-02-10,43565.11328125,3077.482177734375,32142048537,18629485080
2022-02-11,42407.9375,2927.383544921875,26954925781,16043881065
2022-02-12,42244.46875,2917.36279296875,18152390304,11254355757
2022-02-13,42197.515625,2883.46337890625,14741589015,9054963563
2022-02-14,42586.91796875,2933.47900390625,20827783012,12164552172
2022-02-15,44575.203125,3179.877197265625,22721659051,13921257873
2022-02-16,43961.859375,3127.830078125,19792547657,12352406833
2022-02-17,40538.01171875,2881.48193359375,26246662813,15860206214
2022-02-18,40030.9765625,2785.7275390625,23310007704,15748173433
2022-02-19,40122.15625,2763.701171875,13736557863,9774183169
2022-02-20,38431.37890625,2628.6484375,18340576452,11641437834
2022-02-21,37075.28125,2573.816162109375,29280402798,18646392740
2022-02-22,38286.02734375,2639.29931640625,25493150450,16360200507
2022-02-23,37296.5703125,2590.359619140625,21849073843,13382637240
2022-02-24,38332.609375,2598.067138671875,46383802093,29312342666
2022-02-25,39214.21875,2764.53564453125,26545599159,17208902048
2022-02-26,39105.1484375,2781.11181640625,17467554129,11724648351
2022-02-27,37709.78515625,2621.8017578125,23450127612,16150857254
2022-02-28,43193.234375,2919.201171875,35690014104,19266124733
2022-03-01,44354.63671875,2972.485107421875,32479047645,18757425786
2022-03-02,43924.1171875,2950.118408203125,29183112630,16636517503
2022-03-03,42451.7890625,2834.468994140625,24967782593,13091199728
2022-03-04,39137.60546875,2617.156005859375,28516271427,14496939024
2022-03-05,39400.5859375,2664.8310546875,16975917450,8072368396
2022-03-06,38419.984375,2555.037353515625,19745229902,8872976607
2022-03-07,38062.0390625,2497.771240234375,28546143503,14594098731
2022-03-08,38737.26953125,2576.74755859375,25776583476,13922922903
2022-03-09,41982.92578125,2729.783447265625,32284121034,14173665398
2022-03-10,39437.4609375,2608.048583984375,31078064711,13292477213
2022-03-11,38794.97265625,2559.56298828125,26364890465,12382419582
2022-03-12,38904.01171875,2574.754150390625,14616450657,6532996574
2022-03-13,37849.6640625,2518.944580078125,17300745310,8632000379
2022-03-14,39666.75390625,2590.696044921875,24322159070,11244398839
2022-03-15,39338.78515625,2620.149658203125,23934000868,12861105614
2022-03-16,41143.9296875,2772.0556640625,39616916192,17915109769
2022-03-17,40951.37890625,2814.8544921875,22009601093,12685265194
2022-03-18,41801.15625,2945.343017578125,34421564942,15830879093
2022-03-19,42190.65234375,2946.257080078125,19664853187,11576463120
2022-03-20,41247.82421875,2860.459228515625,20127946682,12684727326
2022-03-21,41077.99609375,2897.9765625,24615543271,15206116098
2022-03-22,42358.80859375,2973.131103515625,32004652376,16830539230
2022-03-23,42892.95703125,3031.067138671875,25242943069,16008767658
2022-03-24,43960.93359375,3108.06201171875,31042992291,18070503166
2022-03-25,44348.73046875,3106.67138671875,30574413034,17030503831
2022-03-26,44500.828125,3143.178955078125,16950455995,8876420740
2022-03-27,46820.4921875,3291.57763671875,28160889722,13431866834
2022-03-28,47128.00390625,3336.634521484375,36362175703,20620450770
2022-03-29,47465.73046875,3401.98779296875,31397059069,19533323636
2022-03-30,47062.6640625,3385.157958984375,29333883962,15302506131
2022-03-31,45538.67578125,3281.642822265625,33327427106,17685495686
2022-04-01,46281.64453125,3449.55224609375,38162644287,20982988937
2022-04-02,45868.94921875,3445.059326171875,29336594194,23571556215
2022-04-03,46453.56640625,3522.83349609375,25414397610,15333808649
2022-04-04,46622.67578125,3521.2412109375,32499785455,18209969743
2022-04-05,45555.9921875,3411.79248046875,29640604055,16681503199
2022-04-06,43206.73828125,3171.69189453125,39393395788,25632563639
2022-04-07,43503.84765625,3233.274658203125,26101973106,16745496605
2022-04-08,42287.6640625,3192.073974609375,27215995394,17557050669
2022-04-09,42782.13671875,3261.916259765625,16050772496,9908112156
2022-04-10,42207.671875,3211.866943359375,17654475582,10427054790
2022-04-11,39521.90234375,2981.05224609375,33949912166,21891804831
2022-04-12,40127.18359375,3030.37646484375,30991500854,20235707410
2022-04-13,41166.73046875,3118.34423828125,27691105228,16088473629
2022-04-14,39935.515625,3019.909423828125,24342001973,15821419931
2022-04-15,40553.46484375,3040.91650390625,21756855753,11256651536
2022-04-16,40424.484375,3062.310302734375,16833150693,8766710365
2022-04-17,39716.953125,2993.4033203125,19087633042,10463091281
2022-04-18,40826.21484375,3057.606689453125,33705182072,18629381299
2022-04-19,41502.75,3104.1064453125,25303206547,14156035096
2022-04-20,41374.37890625,3077.745849609375,27819532341,15547362265
2022-04-21,40527.36328125,2987.480712890625,35372786395,20783591093
2022-04-22,39740.3203125,2964.835693359375,28011716745,16782795477
2022-04-23,39486.73046875,2938.114013671875,16138021249,9116955609
2022-04-24,39469.29296875,2922.732666015625,17964398167,9696829579
2022-04-25,40458.30859375,3009.3935546875,35445730570,22332690614
2022-04-26,38117.4609375,2808.29833984375,34569088416,19052045399
2022-04-27,39241.12109375,2888.9296875,30981015184,17419284041
2022-04-28,39773.828125,2936.94091796875,33903704907,18443524633
2022-04-29,38609.82421875,2815.601806640625,30882994649,18771041399
2022-04-30,37714.875,2730.186767578125,23895713731,13520941867
2022-05-01,38469.09375,2827.756103515625,27002760110,15332730152
2022-05-02,38529.328125,2857.410400390625,32922642426,18609741545
2022-05-03,37750.453125,2783.476318359375,27326943244,13026093219
2022-05-04,39698.37109375,2940.644775390625,36754404490,18186749944
2022-05-05,36575.140625,2749.213134765625,43106256317,22642925048
2022-05-06,36040.921875,2694.979736328125,37795577489,21027599270
2022-05-07,35501.953125,2636.093017578125,24375896406,13369276367
2022-05-08,34059.265625,2517.4599609375,36763041910,20802269935
2022-05-09,30296.953125,2245.430419921875,63355494961,36333567678
2022-05-10,31022.90625,2343.510986328125,59811038817,38202099639
2022-05-11,28936.35546875,2072.108642578125,70388855818,45743399154
2022-05-12,29047.751953125,1961.7015380859375,66989173272,42463486402
2022-05-13,29283.103515625,2014.418212890625,42841124537,24816096567
2022-05-14,30101.265625,2056.27392578125,28579868620,15457044616
2022-05-15,31305.11328125,2145.706787109375,25835372065,14846088335
2022-05-16,29862.91796875,2022.7259521484375,32613897286,21459552191
2022-05-17,30425.857421875,2090.4091796875,29101473475,18509929297
2022-05-18,28720.271484375,1916.6561279296875,31285268319,17740965589
2022-05-19,30314.333984375,2018.336181640625,33773447707,18734247914
2022-05-20,29200.740234375,1961.315673828125,30749382605,15892482289
2022-05-21,29432.2265625,1974.518310546875,17274840442,8546822406
2022-05-22,30323.72265625,2043.170166015625,21631532270,10941123403
2022-05-23,29098.91015625,1972.181884765625,31483454557,16434529708
2022-05-24,29655.5859375,1978.9827880859375,26616506245,13057109007
2022-05-25,29562.361328125,1944.827880859375,27525063551,13364545730
2022-05-26,29267.224609375,1803.913330078125,36774325352,23458681818
2022-05-27,28627.57421875,1724.9228515625,36582005748,25470760032
2022-05-28,28814.900390625,1757.9417724609375,35519577634,23214777872
2022-05-29,29445.95703125,1812.031005859375,18093886409,10642556101
2022-05-30,31726.390625,1996.4412841796875,39277993274,19580808705
2022-05-31,31792.310546875,1942.3280029296875,33538210634,18363115560
2022-06-01,29799.080078125,1823.5693359375,41135817341,21037797760
2022-06-02,30467.48828125,1834.1505126953125,29083562061,17065041354
2022-06-03,29704.390625,1775.07861328125,26175547452,14878001811
2022-06-04,29832.9140625,1801.6094970703125,16588370958,8677951273
2022-06-05,29906.662109375,1805.2049560546875,17264085441,8850385937
2022-06-06,31370.671875,1859.2896728515625,31947336829,16518471852
2022-06-07,31155.478515625,1814.04833984375,40770974039,24020076750
2022-06-08,30214.35546875,1793.572265625,30242059107,18041476023
2022-06-09,30111.998046875,1789.8260498046875,21692004719,12013083393
2022-06-10,29083.8046875,1665.042236328125,29867476527,18504740451
2022-06-11,28360.810546875,1529.6634521484375,27246574439,21127089064
2022-06-12,26762.6484375,1445.216552734375,34163220274,23465074882
2022-06-13,22487.388671875,1204.582763671875,68204556440,45162788786
2022-06-14,22206.79296875,1211.662841796875,50913575242,33327826525
2022-06-15,22572.83984375,1233.2064208984375,54912007015,37539999450
2022-06-16,20381.650390625,1067.730712890625,31183975654,18907671369
2022-06-17,20471.482421875,1086.519287109375,27132421514,14591486540
2022-06-18,19017.642578125,993.6367797851562,42009436760,21655406608
2022-06-19,20553.271484375,1127.656494140625,35329942625,21795481981
2022-06-20,20599.537109375,1127.6424560546875,30818458597,19739691429
2022-06-21,20710.59765625,1124.8245849609375,28970212744,15632089439
2022-06-22,19987.029296875,1051.421875,28574793478,15010593493
2022-06-23,21085.876953125,1143.38671875,26188097173,14657862919
2022-06-24,21231.65625,1226.8447265625,24957784918,16981552654
2022-06-25,21502.337890625,1243.4468994140625,18372538715,12481946184
2022-06-26,21027.294921875,1199.8316650390625,18027170497,12096607824
2022-06-27,20735.478515625,1193.6806640625,20965695707,12492225250
2022-06-28,20280.634765625,1144.5792236328125,21381535161,14023205651
2022-06-29,20104.0234375,1098.94384765625,23552740328,15386286815
2022-06-30,19784.7265625,1067.298828125,26267239923,16350755497
2022-07-01,19269.3671875,1059.767333984375,30767551159,17499453625
2022-07-02,19242.255859375,1066.5128173828125,18100418740,9935603640
2022-07-03,19297.076171875,1073.7669677734375,16390821947,8557248150
2022-07-04,20231.26171875,1151.05908203125,21594638208,13670889311
2022-07-05,20190.115234375,1134.541015625,26715546990,16195518291
2022-07-06,20548.24609375,1186.9739990234375,24598943708,15373536703
2022-07-07,21637.587890625,1237.5933837890625,25814972520,14230795894
2022-07-08,21731.1171875,1222.5062255859375,49899834488,16315929082
2022-07-09,21592.20703125,1216.978271484375,29641127858,8821353104
2022-07-10,20860.44921875,1168.401611328125,28688807249,10984558039
2022-07-11,19970.556640625,1097.236572265625,24150249025,12064180410
2022-07-12,19323.9140625,1038.191650390625,25810220018,12583282453
2022-07-13,20212.07421875,1113.587158203125,33042430345,18302588147
2022-07-14,20569.919921875,1191.5262451171875,31158743333,16688640823
2022-07-15,20836.328125,1233.129150390625,25905575359,17411448225
2022-07-16,21190.31640625,1352.62646484375,24302954056,18364013796
2022-07-17,20779.34375,1338.6357421875,22927802083,16079711737
2022-07-18,22485.689453125,1578.7178955078125,39974475562,27440420623
2022-07-19,23389.43359375,1542.9752197265625,48765202697,27753529276
2022-07-20,23231.732421875,1520.20068359375,42932549127,22942708340
2022-07-21,23164.62890625,1576.74951171875,33631012204,20009556587
2022-07-22,22714.978515625,1537.4051513671875,31421555646,18926100582
2022-07-23,22465.478515625,1549.2974853515625,24021799169,14998811383
2022-07-24,22609.1640625,1599.4766845703125,23565495303,17217849557
2022-07-25,21361.701171875,1445.3834228515625,35574561406,20585056021
2022-07-26,21239.75390625,1441.8067626953125,28624673855,18238563509
2022-07-27,22930.548828125,1636.232666015625,31758955233,23007524016
2022-07-28,23843.88671875,1725.4681396484375,40212386158,27231399966
2022-07-29,23804.6328125,1727.406982421875,35887249746,23249531113
2022-07-30,23656.20703125,1695.969482421875,28148218301,15576977870
2022-07-31,23336.896484375,1681.517333984375,23553591896,14200735370
2022-08-01,23314.19921875,1635.19580078125,25849159141,16191371176
2022-08-02,22978.1171875,1632.9454345703125,28389250717,20426082309
2022-08-03,22846.5078125,1618.87451171875,26288169966,16786218830
2022-08-04,22630.95703125,1608.205810546875,25120229769,14467440626
2022-08-05,23289.314453125,1732.254638671875,28881249043,18546491876
2022-08-06,22961.279296875,1691.6580810546875,15978259885,11757911705
2022-08-07,23175.890625,1699.350830078125,15886817043,10252090340
2022-08-08,23809.486328125,1775.51611328125,28575544847,16841424404
2022-08-09,23164.318359375,1703.0250244140625,23555719219,16368619692
2022-08-10,23947.642578125,1851.74267578125,32837431722,23512477984
2022-08-11,23957.529296875,1881.22412109375,37127036580,23826986482
2022-08-12,24402.818359375,1957.2464599609375,27265804688,17168141904
2022-08-13,24424.068359375,1981.3365478515625,22987346289,16038975216
2022-08-14,24319.333984375,1936.802001953125,22994133555,14062754456
2022-08-15,24136.97265625,1904.2281494140625,35123501685,20349931313
2022-08-16,23883.291015625,1878.139404296875,27753685646,15637578930
2022-08-17,23335.998046875,1832.9996337890625,30931623076,20308508124
2022-08-18,23212.73828125,1847.0078125,23747613147,14999352229
2022-08-19,20877.552734375,1612.9873046875,40509610260,25906358731
2022-08-20,21166.060546875,1577.0037841796875,27595671000,18334580263
2022-08-21,21534.12109375,1619.3189697265625,23102307723,15849221752
2022-08-22,21398.908203125,1622.505859375,31666498758,18557078599
2022-08-23,21528.087890625,1662.7698974609375,31878280659,18322041914
2022-08-24,21395.01953125,1657.0592041015625,31962253368,16780932907
2022-08-25,21600.904296875,1696.45703125,31028679593,14818795695
2022-08-26,20260.01953125,1507.7828369140625,42326789564,26713710143
2022-08-27,20041.73828125,1491.39501953125,30116729776,18120831899
2022-08-28,19616.814453125,1430.54736328125,24366810591,12823572918
2022-08-29,20297.994140625,1553.037353515625,32637854078,17965837488
2022-08-30,19796.80859375,1523.8388671875,34483360283,21835784470
2022-08-31,20049.763671875,1553.6849365234375,33225232872,20591680941
2022-09-01,20127.140625,1586.1767578125,30182031010,16434276817
2022-09-02,19969.771484375,1577.220458984375,29123998928,17708478709
2022-09-03,19832.087890625,1556.8726806640625,23613051457,9516825994
2022-09-04,19986.712890625,1577.6416015625,25245861652,8884144998
2022-09-05,19812.37109375,1617.1832275390625,28813460025,13060541168
2022-09-06,18837.66796875,1561.74853515625,43403978910,22946059125
2022-09-07,19290.32421875,1629.9063720703125,35239757134,19560363854
2022-09-08,19329.833984375,1635.34765625,32194477850,17621046717
2022-09-09,21381.15234375,1719.08544921875,48469528171,20242323690
2022-09-10,21680.5390625,1776.2037353515625,36913738894,13130928217
2022-09-11,21769.255859375,1761.800048828125,34493951963,12464301922
2022-09-12,22370.44921875,1713.7652587890625,50212088965,17688391310
2022-09-13,20296.70703125,1580.7879638671875,51091116622,23066821734
2022-09-14,20241.08984375,1634.7550048828125,37872380889,17897150206
2022-09-15,19701.2109375,1471.6934814453125,36389011503,26946275878
2022-09-16,19772.583984375,1432.44775390625,30123362273,16764804299
2022-09-17,20127.576171875,1469.74169921875,24957448100,10798098671
2022-09-18,19419.505859375,1335.3291015625,31254779144,15762284723
2022-09-19,19544.12890625,1377.5413818359375,40177002624,18712714223
2022-09-20,18890.7890625,1324.38818359375,36791346508,14722317220
2022-09-21,18547.400390625,1252.6077880859375,46363793975,20643507800
2022-09-22,19413.55078125,1327.68017578125,41135767926,18461527259
2022-09-23,19297.638671875,1328.259521484375,38896078052,18771106339
2022-09-24,18937.01171875,1317.9932861328125,26149643168,12098209717
2022-09-25,18802.09765625,1294.216796875,23359966112,11802651633
2022-09-26,19222.671875,1335.3201904296875,44148798321,16034549271
2022-09-27,19110.546875,1330.127685546875,58571439619,17870598937
2022-09-28,19426.720703125,1337.410888671875,53071298734,18994979566
2022-09-29,19573.05078125,1335.65234375,41037843771,13796915736
2022-09-30,19431.7890625,1327.9786376953125,43975248085,14250100093
2022-10-01,19312.095703125,1311.6444091796875,18719537670,6227961237
2022-10-02,19044.107421875,1276.093505859375,20765955327,7578351650
2022-10-03,19623.580078125,1323.439208984375,30484729489,10153070907
2022-10-04,20336.84375,1362.1265869140625,35887278685,10139774963
2022-10-05,20160.716796875,1352.837158203125,33223790572,9774451820
2022-10-06,19955.443359375,1351.70947265625,34711412966,12033514861
2022-10-07,19546.849609375,1332.5169677734375,29227315390,10061619355
2022-10-08,19416.568359375,1315.50048828125,16437423167,5804676208
2022-10-09,19446.42578125,1322.604248046875,16837262532,5486230123
2022-10-10,19141.484375,1291.337646484375,27425022774,8794491050
2022-10-11,19051.41796875,1279.57568359375,28711532910,9274845260
2022-10-12,19157.4453125,1294.9063720703125,24950173846,8355638578
2022-10-13,19382.904296875,1288.1239013671875,44219840004,17499038202
2022-10-14,19185.65625,1297.422119140625,38452356727,13113767755
2022-10-15,19067.634765625,1274.8717041015625,16192235532,6798512624
2022-10-16,19268.09375,1306.296630859375,17988916650,7491625206
2022-10-17,19550.7578125,1331.713623046875,27472552998,9401189650
2022-10-18,19334.416015625,1310.447021484375,30580012344,10416747806
2022-10-19,19139.53515625,1285.7442626953125,22425387184,8350692785
2022-10-20,19053.740234375,1283.200927734375,24493974420,9009111996
2022-10-21,19172.46875,1299.9464111328125,32459287866,10412565245
2022-10-22,19208.189453125,1314.2991943359375,16104440957,7175324564
2022-10-23,19567.0078125,1363.447021484375,22128794335,9909510925
2022-10-24,19345.572265625,1344.99853515625,30202235805,13092820173
2022-10-25,20095.857421875,1461.6654052734375,47761524910,25367291294
2022-10-26,20770.44140625,1566.566650390625,58895950537,32705548427
2022-10-27,20285.8359375,1514.3748779296875,49625110402,22813499245
2022-10-28,20595.3515625,1555.4779052734375,43994715910,19974623205
2022-10-29,20818.4765625,1619.698486328125,40369840645,21618154775
2022-10-30,20635.603515625,1590.7833251953125,31486345556,13930073427
2022-10-31,20495.7734375,1572.7144775390625,45668466815,19306919714
2022-11-01,20485.2734375,1579.70458984375,39819303159,14507311208
2022-11-02,20159.50390625,1519.7117919921875,55552169483,23254218281
2022-11-03,20209.98828125,1531.541748046875,43228750179,14248351007
2022-11-04,21147.23046875,1645.0933837890625,64072727950,20806964347
2022-11-05,21282.69140625,1627.968017578125,37846047609,11006973190
2022-11-06,20926.486328125,1572.2347412109375,35082693210,11632744705
2022-11-07,20602.81640625,1568.59130859375,53510852236,15279963349
2022-11-08,18541.271484375,1332.8355712890625,118992465607,42048003440
2022-11-09,15880.7802734375,1100.1697998046875,102905151606,38864492427
2022-11-10,17586.771484375,1299.464599609375,83202283721,28581002122
2022-11-11,17034.29296875,1287.2210693359375,55871616488,20920539099
2022-11-12,16799.185546875,1255.268310546875,29717699419,10964962767
2022-11-13,16353.365234375,1221.8192138671875,27209183682,10717455214
2022-11-14,16618.19921875,1241.604248046875,49630243054,15028035663
2022-11-15,16884.61328125,1251.7362060546875,36599436183,11798011594
2022-11-16,16669.439453125,1215.6025390625,33925512989,11939561598
2022-11-17,16687.517578125,1200.80859375,27868914022,9723646871
2022-11-18,16697.77734375,1212.30029296875,26862218609,7979913378
2022-11-19,16711.546875,1218.4267578125,16106223492,5978745776
2022-11-20,16291.83203125,1142.4666748046875,21313378652,9651002684
2022-11-21,15787.2841796875,1108.35302734375,37429485518,14080099208
2022-11-22,16189.76953125,1135.1734619140625,30726828760,12040670755
2022-11-23,16610.70703125,1183.1995849609375,32958875628,11242676044
2022-11-24,16604.46484375,1203.983154296875,26129037414,9706372376
2022-11-25,16521.841796875,1198.9259033203125,18678255976,5483308196
2022-11-26,16464.28125,1205.89794921875,18000008764,5074160558
2022-11-27,16444.626953125,1195.126953125,20443898509,4486976868
2022-11-28,16217.322265625,1170.086181640625,27743025156,7275411870
2022-11-29,16444.982421875,1216.9012451171875,23581685468,7639405818
2022-11-30,17168.56640625,1295.6885986328125,29523576583,9836925304
2022-12-01,16967.1328125,1276.27392578125,22895392882,6857935276
2022-12-02,17088.66015625,1294.3033447265625,19539705127,6213645709
2022-12-03,16908.236328125,1243.3348388671875,16217776704,5672609405
2022-12-04,17130.486328125,1280.256591796875,16824520830,5174128454
2022-12-05,16974.826171875,1259.6767578125,22209086834,6120359523
2022-12-06,17089.50390625,1271.65380859375,19889922369,5089212680
2022-12-07,16848.126953125,1232.4375,19675404389,5752205180
2022-12-08,17233.474609375,1281.1163330078125,20496603770,6227269815
2022-12-09,17133.15234375,1264.2847900390625,20328426366,5706183865
2022-12-10,17128.724609375,1266.3841552734375,12706781969,3282499999
2022-12-11,17104.193359375,1263.8685302734375,14122486832,3362005848
2022-12-12,17206.4375,1274.6190185546875,19617581341,5151109364
2022-12-13,17781.318359375,1320.5491943359375,26634741631,8812883119
2022-12-14,17815.650390625,1309.3287353515625,25534481470,7830915428
2022-12-15,17364.865234375,1266.3538818359375,20964448341,6032859783
2022-12-16,16647.484375,1168.2593994140625,24031608960,9297811507
2022-12-17,16795.091796875,1188.1495361328125,14463581825,5077258586
2022-12-18,16757.9765625,1184.7152099609375,10924354698,3350092519
2022-12-19,16439.6796875,1167.60986328125,17221074814,4943628091
2022-12-20,16906.3046875,1217.70361328125,22722096615,6684951715
2022-12-21,16817.53515625,1213.5999755859375,14882945045,4217182733
2022-12-22,16830.341796875,1218.18212890625,16441573050,5297471739
2022-12-23,16796.953125,1220.159423828125,15329265213,4835831923
2022-12-24,16847.755859375,1221.1485595703125,9744636213,2626153345
2022-12-25,16841.986328125,1218.9620361328125,11656379938,3942720070
2022-12-26,16919.8046875,1226.974365234375,11886957804,3282098400
2022-12-27,16717.173828125,1212.7916259765625,15748580239,4091530737
2022-12-28,16552.572265625,1189.986083984375,17005713920,4991669631
2022-12-29,16642.341796875,1201.5953369140625,14472237479,4132233940
2022-12-30,16602.5859375,1199.2327880859375,15929162910,4055668253
2022-12-31,16547.49609375,1196.771240234375,11239186456,3018513333
2023-01-01,16625.080078125,1200.96484375,9244361700,2399674550
2023-01-02,16688.470703125,1214.6566162109375,12097775227,3765758498
2023-01-03,16679.857421875,1214.77880859375,13903079207,3392972131
2023-01-04,16863.23828125,1256.526611328125,18421743322,6404416893
2023-01-05,16836.736328125,1250.4385986328125,13692758566,4001786456
2023-01-06,16951.96875,1269.3790283203125,14413662913,4977252792
2023-01-07,16955.078125,1264.2703857421875,7714767174,2565213548
2023-01-08,17091.14453125,1287.3594970703125,9768827914,3495088905
2023-01-09,17196.5546875,1321.5389404296875,18624736866,7990438824
2023-01-10,17446.29296875,1336.5860595703125,15808338949,5830173253
2023-01-11,17934.896484375,1387.9327392578125,18372283782,6314904311
2023-01-12,18869.587890625,1417.9384765625,34971338710,12230193038
2023-01-13,19909.57421875,1451.6148681640625,29225029694,7684148212
2023-01-14,20976.298828125,1550.7069091796875,38967784639,15444626014
2023-01-15,20880.798828125,1552.4794921875,19298407543,6774614499
2023-01-16,21169.6328125,1576.83349609375,26792494050,8454485431
2023-01-17,21161.51953125,1567.8460693359375,24999983362,7599462786
2023-01-18,20688.78125,1515.5069580078125,30005625418,10354880595
2023-01-19,21086.79296875,1552.5565185546875,21152848261,6432638856
2023-01-20,22676.552734375,1659.754150390625,28799154319,8528894754
2023-01-21,22777.625,1627.1181640625,32442278429,8859250310
2023-01-22,22720.416015625,1628.382080078125,24746386230,7517988734
2023-01-23,22934.431640625,1628.2510986328125,26518700512,8264507375
2023-01-24,22636.46875,1556.604248046875,26405069715,8180274691
2023-01-25,23117.859375,1611.7110595703125,30685366709,10598973448
2023-01-26,23032.77734375,1603.10595703125,26357839322,8395315241
2023-01-27,23078.728515625,1598.156494140625,25383335641,8124465373
2023-01-28,23031.08984375,1572.43505859375,14712928379,5803653357
2023-01-29,23774.56640625,1646.1556396484375,27423687259,8801292300
2023-01-30,22840.138671875,1567.3265380859375,27205595568,9180418120
2023-01-31,23139.283203125,1586.535400390625,22837828665,6585191019
2023-02-01,23723.76953125,1641.792724609375,26683255504,8116969489
2023-02-02,23471.87109375,1643.2415771484375,32066936882,10558081069
2023-02-03,23449.322265625,1664.74560546875,27083066007,8169519805
2023-02-04,23331.84765625,1667.0592041015625,15639298538,5843302512
2023-02-05,22955.666015625,1631.6458740234375,19564262605,6926696531
2023-02-06,22760.109375,1616.2470703125,23825006542,6919871886
2023-02-07,23264.291015625,1672.0035400390625,27187964471,8030277434
2023-02-08,22939.3984375,1650.716796875,25371367758,7806089579
2023-02-09,21819.0390625,1546.438232421875,32572572185,10524969124
2023-02-10,21651.18359375,1514.869140625,27078406594,8397387897
2023-02-11,21870.875,1539.9267578125,16356226232,5064007416
2023-02-12,21788.203125,1515.03369140625,17821046406,5319698775
2023-02-13,21808.1015625,1507.1658935546875,23918742607,9363855114
2023-02-14,22220.8046875,1556.8751220703125,26792596581,9249575045
2023-02-15,24307.841796875,1673.7459716796875,32483312909,10015035156
2023-02-16,23623.474609375,1640.067626953125,39316664596,12704861676
2023-02-17,24565.6015625,1694.7833251953125,41358451255,9802443159
2023-02-18,24641.27734375,1691.8194580078125,19625427158,5491437195
2023-02-19,24327.642578125,1681.4361572265625,25555105670,6959144003
2023-02-20,24829.1484375,1702.6751708984375,28987376573,7703604237
2023-02-21,24436.353515625,1658.036376953125,31252098714,8721608198
2023-02-22,24188.84375,1643.231689453125,30199996781,9189387004
2023-02-23,23947.4921875,1651.0738525390625,30476264066,9013236167
2023-02-24,23198.126953125,1608.3731689453125,26811744928,8909129423
2023-02-25,23175.375,1594.9149169921875,16100721565,5657686235
2023-02-26,23561.212890625,1640.817138671875,16644534842,5727967432
2023-02-27,23522.87109375,1634.326416015625,22660763494,7239824677
2023-02-28,23147.353515625,1605.8951416015625,20535363434,6323676957
2023-03-01,23646.55078125,1663.4337158203125,24662841200,7701847224
2023-03-02,23475.466796875,1647.3193359375,20386398516,7080950926
2023-03-03,22362.6796875,1569.1676025390625,26062404610,9922240199
2023-03-04,22353.349609375,1566.9239501953125,11166012913,4389045367
2023-03-05,22435.513671875,1564.46875,13317001733,5020886238
2023-03-06,22429.7578125,1567.398681640625,17353192895,5245153345
2023-03-07,22219.76953125,1561.93310546875,22765452204,6854058349
2023-03-08,21718.080078125,1534.0882568359375,22536575684,7130327525
2023-03-09,20363.021484375,1438.6607666015625,30364664171,9457897583
2023-03-10,20187.244140625,1429.1580810546875,39578257695,12665194936
2023-03-11,20632.41015625,1482.61669921875,30180288176,14917080154
2023-03-12,22163.94921875,1590.29296875,29279035521,11480965122
2023-03-13,24197.533203125,1680.3089599609375,49466362688,15711468959
2023-03-14,24746.07421875,1703.507080078125,54622230164,16159781303
2023-03-15,24375.9609375,1656.1805419921875,43655701450,12715339905
2023-03-16,25052.7890625,1677.2154541015625,33866061747,9364980166
2023-03-17,27423.9296875,1792.485107421875,50730261335,12467445117
2023-03-18,26965.87890625,1761.65966796875,35723036817,10317822213
2023-03-19,28038.67578125,1785.5765380859375,37769448859,9170565472
2023-03-20,27767.236328125,1735.3212890625,44774027664,10978325507
2023-03-21,28175.81640625,1806.7607421875,36102192830,10758627746
2023-03-22,27307.4375,1737.717041015625,33382021890,12484103560
2023-03-23,28333.97265625,1816.4051513671875,24220433689,11012966854
2023-03-24,27493.28515625,1752.0447998046875,25980310960,10913669383
2023-03-25,27494.70703125,1743.7647705078125,13383005987,6614309912
2023-03-26,27994.330078125,1775.6767578125,13878363192,6990313307
2023-03-27,27139.888671875,1715.4608154296875,18188895178,8585750760
2023-03-28,27268.130859375,1772.78564453125,17783600385,8346890042
2023-03-29,28348.44140625,1793.0018310546875,20684945906,9136176952
2023-03-30,28033.5625,1792.7371826171875,22435349951,9724496987
2023-03-31,28478.484375,1822.0220947265625,19001327598,9149379763
2023-04-01,28411.03515625,1813.860595703125,10876469901,5556443606
2023-04-02,28199.30859375,1795.7081298828125,12284641999,6199721188
2023-04-03,27790.220703125,1810.297119140625,19556501327,9643826401
2023-04-04,28168.08984375,1871.005126953125,15284538859,10398322335
2023-04-05,28177.984375,1909.114013671875,17052315986,10319231689
2023-04-06,28044.140625,1872.922607421875,13837809380,8263191830
2023-04-07,27925.859375,1865.6361083984375,10861680497,8356130492
2023-04-08,27947.794921875,1849.4981689453125,9373255556,5016362733
2023-04-09,28333.05078125,1859.3878173828125,12175322951,6361497715
2023-04-10,29652.98046875,1911.20751953125,19282400094,8380134275
2023-04-11,30235.05859375,1892.189697265625,20121259843,8877222956
2023-04-12,30139.052734375,1920.68212890625,18651929926,11010714187
2023-04-13,30399.06640625,2012.6346435546875,17487721001,12546950499
2023-04-14,30485.69921875,2101.635498046875,22659995079,16298099411
2023-04-15,30318.49609375,2092.466796875,11940685378,8036468153
2023-04-16,30315.35546875,2120.005859375,12854816417,7898126856
2023-04-17,29445.044921875,2076.242919921875,17872186762,9648882546
2023-04-18,30397.552734375,2104.537353515625,19480529496,9134015143
2023-04-19,28822.6796875,1936.4034423828125,24571565421,13779745451
2023-04-20,28245.98828125,1943.09765625,21340360360,11324135406
2023-04-21,27276.91015625,1849.9998779296875,20759504330,12044274581
2023-04-22,27817.5,1874.2286376953125,13125734602,6970642726
2023-04-23,27591.384765625,1862.06201171875,12785446832,6607451862
2023-04-24,27525.33984375,1842.7574462890625,17703288330,8438191338
2023-04-25,28307.59765625,1866.753662109375,17733373139,8677255481
2023-04-26,28422.701171875,1866.564208984375,31854242019,14356524696
2023-04-27,29473.787109375,1908.786376953125,27153445027,14008145806
2023-04-28,29340.26171875,1892.5128173828125,17544464887,7691759733
2023-04-29,29248.48828125,1908.9169921875,10662634333,4796651246
2023-04-30,29268.806640625,1876.92431640625,14652199272,6539641957
2023-05-01,28091.568359375,1831.954833984375,18655599976,8625783201
2023-05-02,28680.537109375,1870.789306640625,16432924527,7536785767
2023-05-03,29006.30859375,1904.65185546875,19122972518,8306390869
2023-05-04,28847.7109375,1877.7041015625,15548678514,6578438233
2023-05-05,29534.384765625,1995.0609130859375,17936566518,9498261360
2023-05-06,28904.623046875,1900.2218017578125,15913866714,9623243037
2023-05-07,28454.978515625,1873.076416015625,11301355486,6883942236
2023-05-08,27694.2734375,1849.042724609375,19122903752,9895102899
2023-05-09,27658.775390625,1848.6031494140625,14128593256,6129516088
2023-05-10,27621.755859375,1842.4014892578125,20656025026,9945549603
2023-05-11,27000.7890625,1796.4906005859375,16724343943,8353828312
2023-05-12,26804.990234375,1808.019775390625,19313599897,9047198660
2023-05-13,26784.078125,1796.1148681640625,9999171605,4647630864
2023-05-14,26930.638671875,1800.5009765625,10014858959,4711210241
2023-05-15,27192.693359375,1817.5499267578125,14413231792,6748889346
2023-05-16,27036.650390625,1824.1214599609375,12732238816,5595959668
2023-05-17,27398.802734375,1821.859619140625,15140006925,6352161579
2023-05-18,26832.208984375,1801.728515625,15222938600,5673124255
2023-05-19,26890.12890625,1812.5894775390625,11258983301,4796110259
2023-05-20,27129.5859375,1820.47802734375,7044911360,2951655969
2023-05-21,26753.826171875,1804.5313720703125,8647416921,3386768865
2023-05-22,26851.27734375,1817.5347900390625,11056770492,4534841049
2023-05-23,27225.7265625,1854.380615234375,13697203143,6820047160
2023-05-24,26334.818359375,1800.0999755859375,16299104428,7101647419
2023-05-25,26476.20703125,1805.9537353515625,13851122697,6321689859
2023-05-26,26719.291015625,1828.689697265625,12711619225,5451414258
2023-05-27,26868.353515625,1831.1182861328125,7892015141,3216737652
2023-05-28,28085.646484375,1910.9141845703125,14545229578,6359610561
2023-05-29,27745.884765625,1893.078125,15181308984,5884674572
2023-05-30,27702.349609375,1901.026611328125,13251081851,5363439784
2023-05-31,27219.658203125,1874.1304931640625,15656371534,5984512548
2023-06-01,26819.97265625,1862.201416015625,14678970415,5640027197
2023-06-02,27249.58984375,1907.256591796875,14837415000,6097746022
2023-06-03,27075.12890625,1892.4124755859375,8385597470,3472274607
2023-06-04,27119.06640625,1890.5135498046875,9360912318,3747042696
2023-06-05,25760.09765625,1811.828369140625,21513292646,9246593033
2023-06-06,27238.783203125,1884.494873046875,21929670693,8704411776
2023-06-07,26345.998046875,1832.39599609375,19530045082,7919894455
2023-06-08,26508.216796875,1846.3018798828125,11904824295,4536041931
2023-06-09,26480.375,1840.2252197265625,11015551640,4610831509
2023-06-10,25851.240234375,1752.384765625,19872933189,10788500406
2023-06-11,25940.16796875,1753.415283203125,10732609603,4559112981
2023-06-12,25902.5,1742.5286865234375,11677889997,6031384958
2023-06-13,25918.728515625,1739.03759765625,14143474486,6214125203
2023-06-14,25124.67578125,1650.519287109375,14265717766,7462905534
2023-06-15,25576.39453125,1665.519775390625,15837384409,7328564880
2023-06-16,26327.462890625,1716.6688232421875,16324646965,6281023479
2023-06-17,26510.67578125,1727.2041015625,11090276850,4875187477
2023-06-18,26336.212890625,1720.5775146484375,9565695129,3820038842
2023-06-19,26851.029296875,1737.659423828125,12826986222,5210480121
2023-06-20,28327.48828125,1792.1199951171875,22211859147,7171072578
2023-06-21,30027.296875,1891.0072021484375,33346760979,11731457711
2023-06-22,29912.28125,1872.9429931640625,20653160491,8477657143
2023-06-23,30695.46875,1892.862060546875,24115570085,8290615074
2023-06-24,30548.6953125,1876.0596923828125,12147822496,5026191704
2023-06-25,30480.26171875,1900.506103515625,12703464114,6937581709
2023-06-26,30271.130859375,1859.432861328125,16493186997,8619702292
2023-06-27,30688.1640625,1889.703369140625,16428827944,7686042202
2023-06-28,30086.24609375,1827.97119140625,14571500779,7135265016
2023-06-29,30445.3515625,1852.227294921875,13180860821,5677228612
2023-06-30,30477.251953125,1933.18896484375,26387306197,12895131248
2023-07-01,30590.078125,1924.56591796875,9086606733,5136809625
2023-07-02,30620.76953125,1937.4383544921875,10533418042,6343966490
2023-07-03,31156.439453125,1955.38916015625,15271884873,7858509087
2023-07-04,30777.58203125,1936.633544921875,12810828427,5683423776
2023-07-05,30514.166015625,1910.5880126953125,12481622280,6034088075
2023-07-06,29909.337890625,1848.636474609375,21129219509,8905008384
2023-07-07,30342.265625,1870.6025390625,13384770155,6468885150
2023-07-08,30292.541015625,1865.53955078125,7509378699,4299007854
2023-07-09,30171.234375,1863.009765625,7903327692,4392863807
2023-07-10,30414.470703125,1880.556396484375,14828209155,6336468234
2023-07-11,30620.951171875,1878.3360595703125,12151839152,4905225892
2023-07-12,30391.646484375,1872.11376953125,14805659717,6379007000
2023-07-13,31476.048828125,2006.511474609375,23686079548,11114853969
2023-07-14,30334.068359375,1939.3470458984375,20917902660,10627449471
2023-07-15,30295.806640625,1931.466552734375,8011667756,4380084234
2023-07-16,30249.1328125,1923.681884765625,8516564470,4329306566
2023-07-17,30145.888671875,1911.6461181640625,13240156074,6678090758
2023-07-18,29856.5625,1897.5992431640625,13138897269,5814708445
2023-07-19,29913.923828125,1889.0079345703125,12128602812,6018487800
2023-07-20,29792.015625,1890.9691162109375,14655207121,7366830684
2023-07-21,29908.744140625,1892.080078125,10972789818,4668158260
2023-07-22,29771.802734375,1864.912353515625,7873300598,4101305643
2023-07-23,30084.5390625,1889.191650390625,9220145050,4480604100
2023-07-24,29176.916015625,1850.0020751953125,15395817395,6344373569
2023-07-25,29227.390625,1857.741943359375,10266772793,4163381707
2023-07-26,29354.97265625,1872.159912109375,13497554655,5781548155
2023-07-27,29210.689453125,1860.357177734375,10770779217,4291339248
2023-07-28,29319.24609375,1874.744873046875,11218474952,3800973336
2023-07-29,29356.91796875,1881.06884765625,6481775959,2497302218
2023-07-30,29275.30859375,1861.643798828125,8678454527,4003005547
2023-07-31,29230.111328125,1856.162353515625,11656781982,4391613314
2023-08-01,29675.732421875,1871.7921142578125,18272392391,7634860636
2023-08-02,29151.958984375,1839.0897216796875,19212655598,6448512422
2023-08-03,29178.6796875,1835.136474609375,12780357746,4710581074
2023-08-04,29074.091796875,1827.712890625,12036639988,4861242484
2023-08-05,29042.126953125,1834.9879150390625,6598366353,2866049749
2023-08-06,29041.85546875,1827.4620361328125,7269806994,2963395076
2023-08-07,29180.578125,1826.9388427734375,13618163710,5837881974
2023-08-08,29765.4921875,1855.807373046875,17570561357,5812855406
2023-08-09,29561.494140625,1854.297607421875,18379521213,5870081833
2023-08-10,29429.591796875,1850.75341796875,11865344789,3760304518
2023-08-11,29397.71484375,1847.1243896484375,10195168197,3353025102
2023-08-12,29415.96484375,1848.889892578125,6194358008,2291124840
2023-08-13,29282.9140625,1839.2801513671875,7329897180,3054625661
2023-08-14,29408.443359375,1844.185791015625,14013695304,4083364724
2023-08-15,29170.34765625,1826.9327392578125,12640195779,4483923893
2023-08-16,28701.779296875,1805.6590576171875,14949271904,4976573383
2023-08-17,26664.55078125,1684.9334716796875,31120851211,14208462072
2023-08-18,26049.556640625,1660.945068359375,24026236529,9645084584
2023-08-19,26096.205078125,1669.471923828125,10631443812,4871231360
2023-08-20,26189.583984375,1684.85205078125,9036580420,4105056995
2023-08-21,26124.140625,1667.26904296875,13371557893,5077248383
2023-08-22,26031.65625,1633.892578125,14503820706,7244623133
2023-08-23,26431.640625,1679.2744140625,16985265785,7191868448
2023-08-24,26162.373046875,1659.944580078125,12871532023,5104531920
2023-08-25,26047.66796875,1652.93505859375,12406045118,5396997823
2023-08-26,26008.462890625,1646.3067626953125,6034817316,2423247747
2023-08-27,26089.693359375,1657.5130615234375,6913768611,2624065031
2023-08-28,26106.150390625,1652.4573974609375,11002805166,4855588534
2023-08-29,27727.392578125,1729.7257080078125,29368391712,11304916729
2023-08-30,27297.265625,1705.1121826171875,16343655235,5023904190
2023-08-31,25931.47265625,1645.63916015625,20181001451,6593153505
2023-09-01,25800.724609375,1628.4912109375,17202862221,6104510092
2023-09-02,25868.798828125,1637.025390625,10100387473,2943590996
2023-09-03,25969.56640625,1636.11767578125,8962524523,3151878318
2023-09-04,25812.416015625,1629.6552734375,10680635106,3887968912
2023-09-05,25779.982421875,1633.62939453125,11094740040,4417491902
2023-09-06,25753.236328125,1632.2523193359375,12752705327,4987397046
2023-09-07,26240.1953125,1647.5982666015625,11088307100,4907290296
2023-09-08,25905.654296875,1636.1378173828125,10817356400,4598495496
2023-09-09,25895.677734375,1635.162353515625,5481314132,2081625742
2023-09-10,25832.2265625,1616.828857421875,7899553047,4339499949
2023-09-11,25162.654296875,1551.6376953125,14600006467,7693700923
2023-09-12,25833.34375,1592.429443359375,18657279324,6813819740
2023-09-13,26228.32421875,1607.988525390625,13072077070,4979469106
2023-09-14,26539.673828125,1626.974365234375,13811359124,5538958553
2023-09-15,26608.693359375,1641.640380859375,11479735788,4348584771
2023-09-16,26568.28125,1635.2216796875,7402031417,2819575929
2023-09-17,26534.1875,1622.896728515625,6774210670,3032716258
2023-09-18,26754.28125,1637.3470458984375,15615339655,5916674789
2023-09-19,27211.1171875,1643.544677734375,13807690550,4405868861
2023-09-20,27132.0078125,1622.890625,13281116604,5156431986
2023-09-21,26567.6328125,1584.3070068359375,13371443708,5191732312
2023-09-22,26579.568359375,1593.268310546875,10578746709,3460791634
2023-09-23,26579.390625,1593.8577880859375,7404700301,2101436678
2023-09-24,26256.826171875,1580.8533935546875,8192867686,3086456944
2023-09-25,26298.48046875,1588.3228759765625,11997833257,4394930984
2023-09-26,26217.25,1593.417236328125,9985498161,3544861160
2023-09-27,26352.716796875,1597.4912109375,11718380997,5533036096
2023-09-28,27021.546875,1652.8826904296875,14079002707,6658092168
2023-09-29,26911.720703125,1667.94384765625,10396435377,5529687537
2023-09-30,26967.916015625,1671.161865234375,5331172801,3155292192
2023-10-01,27983.75,1733.8104248046875,9503917434,5054880180
2023-10-02,27530.78515625,1663.6275634765625,19793041322,8420552922
2023-10-03,27429.978515625,1656.6856689453125,11407814187,4742827302
2023-10-04,27799.39453125,1647.838134765625,11143355314,5127524863
2023-10-05,27415.912109375,1611.4764404296875,11877253670,5403759057
2023-10-06,27946.59765625,1645.83154296875,13492391599,4941208729
2023-10-07,27968.83984375,1634.51123046875,6553044316,2578994988
2023-10-08,27935.08984375,1633.548583984375,7916875290,3315554175
2023-10-09,27583.677734375,1579.806640625,12007668568,7020801716
2023-10-10,27391.01953125,1567.7130126953125,9973350678,5254966125
2023-10-11,26873.3203125,1566.2547607421875,13648094333,5416504273
2023-10-12,26756.798828125,1539.6124267578125,9392909295,5003930677
2023-10-13,26862.375,1552.0894775390625,15165312851,4575141511
2023-10-14,26861.70703125,1555.2568359375,5388116782,2429214718
2023-10-15,27159.65234375,1558.06982421875,7098201980,2923337883
2023-10-16,28519.466796875,1600.5343017578125,27833876539,8846928526
2023-10-17,28415.748046875,1565.4395751953125,14872527508,5032686973
2023-10-18,28328.341796875,1563.7498779296875,12724128586,4354138855
2023-10-19,28719.806640625,1567.45703125,14448058195,5035110867
2023-10-20,29682.94921875,1604.6668701171875,21536125230,6747486127
2023-10-21,29918.412109375,1629.304443359375,11541146996,4212179634
2023-10-22,29993.896484375,1663.429931640625,10446520040,5248406817
2023-10-23,33086.234375,1765.3826904296875,38363572311,14362295879
2023-10-24,33901.52734375,1784.4375,44934999645,15888690475
2023-10-25,34502.8203125,1787.3975830078125,25254318008,9439066475
2023-10-26,34156.6484375,1804.039306640625,19427195376,11196672635
2023-10-27,33909.80078125,1780.0452880859375,16418032871,7493399771
2023-10-28,34089.57421875,1776.6181640625,10160330825,4226112731
2023-10-29,34538.48046875,1795.5460205078125,11160323986,4358528382
2023-10-30,34502.36328125,1810.088623046875,17184860315,7534051038
2023-10-31,34667.78125,1816.458984375,15758270810,6477922747
2023-11-01,35437.25390625,1847.0897216796875,22446272005,10628825648
2023-11-02,34938.2421875,1800.6209716796875,20998158544,9004197724
2023-11-03,34732.32421875,1832.795166015625,17158456701,7622864055
2023-11-04,35082.1953125,1857.6986083984375,9561294264,4845080427
2023-11-05,35049.35546875,1894.15771484375,12412743996,8867152645
2023-11-06,35037.37109375,1899.83740234375,12693436420,8104122602
2023-11-07,35443.5625,1888.124267578125,18834737789,9203228152
2023-11-08,35655.27734375,1889.3223876953125,17295394918,6751627017
2023-11-09,36693.125,2120.56103515625,37762672382,24709695029
2023-11-10,37313.96875,2078.289794921875,22711265155,14740624457
2023-11-11,37138.05078125,2052.7138671875,13924272142,10228351203
2023-11-12,37054.51953125,2045.18701171875,11545715999,7951011698
2023-11-13,36502.35546875,2055.265380859375,19057712790,14322027970
2023-11-14,35537.640625,1979.0526123046875,23857403554,13087862495
2023-11-15,37880.58203125,2060.408447265625,27365821679,12626326991
2023-11-16,36154.76953125,1960.881591796875,26007385366,14651619483
2023-11-17,36596.68359375,1961.28076171875,22445028430,11881648738
2023-11-18,36585.703125,1963.2850341796875,11886022717,8064677046
2023-11-19,37386.546875,2013.2044677734375,12915986553,7716048818
2023-11-20,37476.95703125,2022.2391357421875,20888209068,12866464824
2023-11-21,35813.8125,1937.0667724609375,25172163756,13653500841
2023-11-22,37432.33984375,2064.42529296875,24397247860,13372200584
2023-11-23,37289.62109375,2062.210693359375,14214948217,7828437946
2023-11-24,37720.28125,2081.152099609375,22922957823,12141148820
2023-11-25,37796.79296875,2084.4130859375,9099571165,5362623390
2023-11-26,37479.12109375,2063.2861328125,13744796068,8054814154
2023-11-27,37254.16796875,2027.4173583984375,19002925720,10574810069
2023-11-28,37831.0859375,2049.338134765625,21696137014,9910633038
2023-11-29,37858.4921875,2029.92919921875,20728546658,8945151861
2023-11-30,37712.74609375,2052.55615234375,18115982627,8107789163
2023-12-01,38688.75,2087.139892578125,23512784002,10866891430
2023-12-02,39476.33203125,2165.7041015625,15534035612,9130124831
2023-12-03,39978.390625,2193.691650390625,15769696322,8278465782
2023-12-04,41980.09765625,2243.2158203125,39856129827,16149367134
2023-12-05,44080.6484375,2293.841796875,36312154535,15383072559
2023-12-06,43746.4453125,2231.661376953125,29909761586,12790612571
2023-12-07,43292.6640625,2357.57958984375,27635760671,14766891042
2023-12-08,44166.6015625,2358.73193359375,24421116687,12543458699
2023-12-09,43725.984375,2341.17529296875,17368210171,10613312823
2023-12-10,43779.69921875,2352.462646484375,13000481418,7369608905
2023-12-11,41243.83203125,2224.578857421875,40632672038,17989249470
2023-12-12,41450.22265625,2202.0380859375,24779520132,11391132228
2023-12-13,42890.7421875,2260.648681640625,26797884674,12576395493
2023-12-14,43023.97265625,2316.5791015625,25578530178,12608711052
2023-12-15,41929.7578125,2219.33740234375,19639442462,10259157898
2023-12-16,42240.1171875,2226.926513671875,14386729590,6866555430
2023-12-17,41364.6640625,2196.481201171875,16678702876,7410453853
2023-12-18,42623.5390625,2217.2734375,25224642008,10366536490
2023-12-19,42270.52734375,2177.87255859375,23171001281,10619179629
2023-12-20,43652.25,2201.911376953125,27868908174,12652290807
2023-12-21,43869.15234375,2239.54248046875,22452766169,12616530536
2023-12-22,43997.90234375,2326.52490234375,21028503216,16137246310
2023-12-23,43739.54296875,2309.04638671875,13507796558,7995772945
2023-12-24,43016.1171875,2265.692138671875,18830554085,9450799236
2023-12-25,43613.140625,2272.561767578125,21115795370,8036302656
2023-12-26,42520.40234375,2231.46533203125,30026850982,10668581464
2023-12-27,43442.85546875,2378.739990234375,25260941032,14161342927
2023-12-28,42627.85546875,2347.566162109375,22992093014,15660799060
2023-12-29,42099.40234375,2300.690673828125,26000021055,12536968996
2023-12-30,42156.90234375,2292.0654296875,16013925945,6888195427
2023-12-31,42265.1875,2281.47119140625,16397498810,6871481744
2024-01-01,44167.33203125,2352.327880859375,18426978443,6906765990
2024-01-02,44957.96875,2355.83642578125,39335274536,12910543630
2024-01-03,42848.17578125,2210.761962890625,46342323118,19332933581
2024-01-04,44179.921875,2269.0380859375,30448091210,11044564896
2024-01-05,44162.69140625,2268.647216796875,32336029347,10860953290
2024-01-06,43989.1953125,2241.624755859375,16092503468,5970741680
2024-01-07,43943.09765625,2222.865966796875,19330573863,6490053615
2024-01-08,46970.50390625,2333.03271484375,42746192015,13830287095
2024-01-09,46139.73046875,2344.8271484375,39821290992,14891130716
2024-01-10,46627.77734375,2582.103515625,50114613298,29042100476
2024-01-11,46368.5859375,2619.619140625,45833734549,22575246883
2024-01-12,42853.16796875,2524.460205078125,43332698900,23623839263
2024-01-13,42842.3828125,2576.597900390625,20601860469,12250316867
2024-01-14,41796.26953125,2472.2412109375,17521429522,9405587417
2024-01-15,42511.96875,2511.36376953125,22320220558,9700630000
2024-01-16,43154.9453125,2587.691162109375,24062872740,11063317095
2024-01-17,42742.65234375,2528.369384765625,20851232595,10441017520
2024-01-18,41262.05859375,2467.018798828125,25218357242,11900028080
2024-01-19,41618.40625,2489.49853515625,25752407154,11405278376
2024-01-20,41665.5859375,2469.589111328125,11586690904,5297826161
2024-01-21,41545.78515625,2453.9130859375,9344043642,4578471955
2024-01-22,39507.3671875,2310.826416015625,31338708143,13923771728
2024-01-23,39845.55078125,2240.68603515625,29244553045,16182147521
2024-01-24,40077.07421875,2233.561767578125,22359526178,10134722960
2024-01-25,39933.80859375,2217.710205078125,18491782013,9302247037
2024-01-26,41816.87109375,2267.19970703125,25598119893,9975117607
2024-01-27,42120.0546875,2267.885986328125,11422941934,5144367230
2024-01-28,42035.59375,2257.208740234375,16858971687,7296214994
2024-01-29,43288.24609375,2317.064208984375,20668476578,8948195551
2024-01-30,42952.609375,2344.49365234375,23842814518,10173440062
2024-01-31,42582.60546875,2282.54443359375,24673628793,10807883277
2024-02-01,43075.7734375,2303.82470703125,21423953779,8895583113
2024-02-02,43185.859375,2308.0380859375,18603843039,7186143091
2024-02-03,42992.25,2296.038330078125,11169245236,4647754021
2024-02-04,42583.58203125,2289.546142578125,14802225490,5438100035
2024-02-05,42658.66796875,2298.888916015625,18715487317,7277068110
2024-02-06,43084.671875,2372.201904296875,16798476726,9520885493
2024-02-07,44318.22265625,2423.7451171875,21126587775,9660628536
2024-02-08,45301.56640625,2419.906494140625,26154524080,9941841732
2024-02-09,47147.19921875,2487.515625,39316770844,13634203177
2024-02-10,47771.27734375,2501.228271484375,16398681570,6474444159
2024-02-11,48293.91796875,2507.570556640625,19315867136,7347245813
2024-02-12,49958.22265625,2658.115966796875,34511985805,13022696866
2024-02-13,49742.44140625,2642.185302734375,35593051468,18271237044
2024-02-14,51826.6953125,2777.90234375,39105608050,21448973822
2024-02-15,51938.5546875,2824.37890625,38564360533,23734481937
2024-02-16,52160.203125,2803.69140625,28180567298,17057114638
2024-02-17,51662.99609375,2786.672607421875,20009091006,17932379943
2024-02-18,52122.546875,2878.998046875,17595377311,23355830478
2024-02-19,51779.14453125,2943.57470703125,21362184346,15163110589
2024-02-20,52284.875,3013.503662109375,33353758256,20341598470
2024-02-21,51839.1796875,2970.35546875,28624907020,18897136867
2024-02-22,51304.97265625,2971.00732421875,25413900611,18058908246
2024-02-23,50731.94921875,2921.658203125,21427078270,12822717059
2024-02-24,51571.1015625,2992.385986328125,15174077879,10701688842
2024-02-25,51733.23828125,3112.697265625,15413239245,14620450464
2024-02-26,54522.40234375,3178.99365234375,34074411896,17504464351
2024-02-27,57085.37109375,3244.519287109375,49756832031,21090315368
2024-02-28,62504.7890625,3385.703857421875,83239156760,32885894265
2024-02-29,61198.3828125,3341.919677734375,65496611844,28469171094
2024-03-01,62440.6328125,3435.053955078125,40186368423,16880101987
2024-03-02,62029.84765625,3422.0498046875,23888473685,12024340617
2024-03-03,63167.37109375,3490.99365234375,26253811450,13643324467
2024-03-04,68330.4140625,3630.433837890625,70670471105,26772963830
2024-03-05,63801.19921875,3554.964599609375,102802940877,47706899137
2024-03-06,66106.8046875,3819.226318359375,68750229073,34938642613
2024-03-07,66925.484375,3874.34765625,46989543159,22457177587
2024-03-08,68300.09375,3892.06103515625,59202881172,26135487051
2024-03-09,68498.8828125,3915.4189453125,21609650379,11926623780
2024-03-10,69019.7890625,3881.193115234375,35683977532,15783924355
2024-03-11,72123.90625,4066.445068359375,65716656765,28806262507
2024-03-12,71481.2890625,3980.273193359375,62554434520,26917010932
2024-03-13,73083.5,4006.45703125,48212536929,22028114691
2024-03-14,71396.59375,3883.140380859375,59594605698,25434810823
2024-03-15,69403.7734375,3735.22021484375,78320453976,33505075433
2024-03-16,65315.1171875,3522.860107421875,46842198371,20199855932
2024-03-17,68390.625,3642.4130859375,44716864318,19938757095
2024-03-18,67548.59375,3517.985107421875,49261579492,21162220224
2024-03-19,61912.7734375,3157.6181640625,74215844794,34166976701
2024-03-20,67913.671875,3513.39306640625,66792634382,36605316331
2024-03-21,65491.390625,3492.9912109375,44480350565,22213647922
2024-03-22,63778.76171875,3333.68798828125,41401116964,20574952329
2024-03-23,64062.203125,3336.593994140625,24738964812,13242137554
2024-03-24,67234.171875,3454.636474609375,27206630673,12156660941
2024-03-25,69958.8125,3590.8837890625,42700139523,18603921705
2024-03-26,69987.8359375,3587.5048828125,36010437368,18505553577
2024-03-27,69455.34375,3500.115234375,40827113309,18753082145
2024-03-28,70744.953125,3561.2939453125,34374900617,16419674157
2024-03-29,69892.828125,3511.80615234375,25230851763,12712701619
2024-03-30,69645.3046875,3507.9443359375,17130241883,9389066783
2024-03-31,71333.6484375,3647.8564453125,20050941373,10499881424
2024-04-01,69702.1484375,3505.030029296875,34873527352,16002098681
2024-04-02,65446.97265625,3277.234619140625,50705240709,22076539151
2024-04-03,65980.8125,3311.44189453125,34488018367,16010734587
2024-04-04,68508.84375,3330.04052734375,34439527442,14476330517
2024-04-05,67837.640625,3318.88525390625,33748230056,15214447092
2024-04-06,68896.109375,3354.183837890625,19967785809,8956926798
2024-04-07,69362.5546875,3453.49462890625,21204930369,9931108526
2024-04-08,71631.359375,3695.292724609375,37261432669,19055143129
2024-04-09,69139.015625,3505.163330078125,36426900409,18279773833
2024-04-10,70587.8828125,3543.737060546875,38318601774,16872482726
2024-04-11,70060.609375,3505.247802734375,30153382941,14076734489
2024-04-12,67195.8671875,3243.034912109375,44129299406,22104869556
2024-04-13,63821.47265625,3004.900390625,52869738185,29930408174
2024-04-14,65738.7265625,3156.94189453125,49084320047,25486284994
2024-04-15,63426.2109375,3101.600341796875,43595917654,21925843181
2024-04-16,63811.86328125,3084.920166015625,42847528078,19441391169
2024-04-17,61276.69140625,2984.7275390625,41915247049,17711869375
2024-04-18,63512.75390625,3066.027587890625,36006307335,15183777035
2024-04-19,63843.5703125,3059.278564453125,49920425401,20399982867
2024-04-20,64994.44140625,3157.627197265625,23097485495,9918642130
2024-04-21,64926.64453125,3147.28857421875,20506644853,9394387894
2024-04-22,66837.6796875,3201.652099609375,28282686673,12063858733
2024-04-23,66407.2734375,3219.91162109375,24310975583,11054442653
2024-04-24,64276.8984375,3139.80517578125,30276655120,14000234760
2024-04-25,64481.70703125,3156.509521484375,32155786816,13989030260
2024-04-26,63755.3203125,3130.164794921875,24139372950,10622333862
2024-04-27,63419.140625,3252.168212890625,19530783039,11820785577
2024-04-28,63113.23046875,3262.774658203125,17334827993,11379192678
2024-04-29,63841.12109375,3215.428955078125,26635912073,15032246816
2024-04-30,60636.85546875,3012.286865234375,37840840057,18266894653
2024-05-01,58254.01171875,2969.78466796875,48439780271,20005057445
2024-05-02,59123.43359375,2988.16845703125,32711813559,13163903903
2024-05-03,62889.8359375,3103.5419921875,33172023048,12862183229
2024-05-04,63891.47265625,3117.576416015625,20620477992,8283229638
2024-05-05,64031.1328125,3137.2490234375,18296164805,8783447639
2024-05-06,63161.94921875,3062.728759765625,28697928697,13008587255
2024-05-07,62334.81640625,3006.5771484375,25930730982,11743187337
2024-05-08,61187.94140625,2973.6572265625,26088172222,11791662158
2024-05-09,63049.9609375,3036.0205078125,25453338161,10861947179
2024-05-10,60792.77734375,2909.791259765625,27804954694,12278653601
2024-05-11,60793.7109375,2911.60205078125,13842272968,6795916454
2024-05-12,61448.39453125,2928.701904296875,13800459405,5908941395
2024-05-13,62901.44921875,2949.359619140625,27889181179,13352264795
2024-05-14,61552.7890625,2881.157958984375,28186271527,12444516140
2024-05-15,66267.4921875,3037.056640625,39815167074,14666902956
2024-05-16,65231.58203125,2945.131103515625,31573077994,13035465176
2024-05-17,67051.875,3094.11865234375,28031279310,14449438097
2024-05-18,66940.8046875,3122.948974609375,16712277406,9407051320
2024-05-19,66278.3671875,3071.843017578125,19249094538,8747800800
2024-05-20,71448.1953125,3663.85546875,43850655717,31228143948
2024-05-21,70136.53125,3789.312744140625,46932005990,37643853967
2024-05-22,69122.3359375,3737.2177734375,32802561717,25155809461
2024-05-23,67929.5625,3776.92724609375,41895680979,45623656317
2024-05-24,68526.1015625,3726.9345703125,29197308153,22257061429
2024-05-25,69265.9453125,3749.236572265625,15473071741,10000027764
2024-05-26,68518.09375,3825.8974609375,15628433737,14650794791
2024-05-27,69394.5546875,3892.0068359375,25870990717,18949181813
2024-05-28,68296.21875,3840.25634765625,32722265965,19846044324
2024-05-29,67578.09375,3763.196533203125,26707072906,17411416736
2024-05-30,68364.9921875,3746.849609375,29509712534,15065849797
2024-05-31,67491.4140625,3760.026611328125,27387283769,15290700646
2024-06-01,67706.9375,3813.198974609375,11641495604,8661024535
2024-06-02,67751.6015625,3780.89599609375,17110588415,11126903059
2024-06-03,68804.78125,3766.38916015625,32401285324,14082454300
2024-06-04,70567.765625,3812.515869140625,33149696545,13331489271
2024-06-05,71082.8203125,3864.260986328125,32810771409,15480034434
2024-06-06,70757.1640625,3811.60595703125,25223152007,13606583873
2024-06-07,69342.5859375,3678.629150390625,36188381096,18220286186
2024-06-08,69305.7734375,3680.949951171875,14262185861,9096091805
2024-06-09,69647.9921875,3705.90380859375,13534028500,7910768788
2024-06-10,69512.28125,3666.717529296875,20597699541,10377300126
2024-06-11,67332.03125,3498.33056640625,37116136345,19184721538
2024-06-12,68241.1875,3559.61767578125,34497940694,17142905351
2024-06-13,66756.3984375,3469.28125,28955204146,14472382154
2024-06-14,66011.09375,3480.27197265625,27403884779,15793876596
2024-06-15,66191.0,3565.549560546875,14121265576,12733651076
2024-06-16,66639.046875,3620.5634765625,13281140541,9878388158
2024-06-17,66490.296875,3511.37890625,30006354476,17838856988
2024-06-18,65140.74609375,3483.681396484375,39481285950,21022514455
2024-06-19,64960.296875,3559.347412109375,21103423504,15275373778
2024-06-20,64828.65625,3511.0869140625,25641109124,16115123753
2024-06-21,64096.19921875,3516.07568359375,26188171739,15933353456
2024-06-22,64252.578125,3494.8134765625,9858198793,7423703673
2024-06-23,63180.796875,3418.61181640625,11170471802,9418141333
2024-06-24,60277.4140625,3350.25634765625,43152133651,23137744903
2024-06-25,61804.640625,3395.029052734375,29201215431,13235546063
2024-06-26,60811.27734375,3369.477294921875,22506003064,11694054195
2024-06-27,61604.80078125,3444.800537109375,21231745045,11771834016
2024-06-28,60320.13671875,3373.635986328125,24952866877,12861158844
2024-06-29,60887.37890625,3372.9677734375,12652903396,6584792001
2024-06-30,62678.29296875,3432.88916015625,17333226409,8396416013
2024-07-01,62851.98046875,3440.341552734375,25468379421,12281551839
2024-07-02,62029.015625,3416.354736328125,20151616992,9421757718
2024-07-03,60173.921875,3292.916748046875,29756701685,16121324440
2024-07-04,56977.703125,3054.52197265625,41149609230,20252514386
2024-07-05,56662.375,2981.5986328125,55417544033,31131942647
2024-07-06,58303.5390625,3069.3779296875,20610320577,11586293705
2024-07-07,55849.109375,2929.38720703125,20553359505,10857947538
2024-07-08,56705.09765625,3018.73193359375,39766159899,22627377457
2024-07-09,58009.2265625,3064.032958984375,27849512607,15269945822
2024-07-10,57742.49609375,3102.21875,26175260526,14578679176
2024-07-11,57344.9140625,3100.330810546875,28707803842,15230095766
2024-07-12,57899.46484375,3134.15869140625,25604805221,12751638331
2024-07-13,59231.953125,3177.19873046875,17080061806,8565105946
2024-07-14,60787.79296875,3244.0791015625,22223416061,10517709666
2024-07-15,64870.15234375,3489.552734375,38094526099,18305490390
2024-07-16,65097.1484375,3443.513427734375,41617346768,20446664416
2024-07-17,64118.79296875,3388.75244140625,32525071311,16739123962
2024-07-18,63974.06640625,3426.258544921875,27239305337,15035622003
2024-07-19,66710.15625,3505.73486328125,37003855410,17705629736
2024-07-20,67163.6484375,3519.29541015625,19029581250,10360198325
2024-07-21,68154.5234375,3536.60546875,26652190004,13845913681
2024-07-22,67585.25,3440.419921875,42649109453,18723199034
2024-07-23,65927.671875,3481.995849609375,35605668666,24468405650
2024-07-24,65372.1328125,3336.33935546875,27470942309,16040945448
2024-07-25,65777.2265625,3174.42724609375,38315761670,25293745810
2024-07-26,67912.0625,3275.951416015625,30488630457,15993893521
2024-07-27,67813.3359375,3247.60791015625,34691905492,15198233287
2024-07-28,68255.8671875,3271.464599609375,18043166945,8959236446
2024-07-29,66819.9140625,3320.539306640625,40780682628,18334852719
2024-07-30,66201.015625,3278.667724609375,31380492109,14045773047
2024-07-31,64619.25,3231.295654296875,31292785994,16135380637
2024-08-01,65357.5,3201.564453125,40975554494,20217639556
2024-08-02,61415.06640625,2986.01318359375,43060875727,21400241741
2024-08-03,60680.09375,2903.3857421875,31753030589,17844091431
2024-08-04,58116.9765625,2686.39892578125,31758917219,21139601426
2024-08-05,53991.45703125,2417.206298828125,108991085584,67668132244
2024-08-06,56034.31640625,2458.723876953125,49300484106,26041995921
2024-08-07,55027.4609375,2336.58935546875,41637562185,24264218606
2024-08-08,61710.13671875,2683.352783203125,45298472567,23468291180
2024-08-09,60880.11328125,2599.5986328125,33425553115,17907141655
2024-08-10,60945.8125,2610.02294921875,15745822278,9361014219
2024-08-11,58719.484375,2553.252197265625,22759754812,13595441987
2024-08-12,59354.515625,2724.431884765625,37078637820,21653090666
2024-08-13,60609.56640625,2703.671875,30327698167,16383053029
2024-08-14,58737.26953125,2662.914794921875,29961696180,15825365408
2024-08-15,57560.09765625,2570.087646484375,35682112440,16345801912
2024-08-16,58894.10546875,2593.1865234375,29350938673,13275561555
2024-08-17,59478.97265625,2614.546875,13589684021,6676568717
2024-08-18,58483.96484375,2613.357177734375,17740625837,9207267415
2024-08-19,59493.453125,2637.306396484375,25911207712,11968963282
2024-08-20,59012.79296875,2573.10693359375,31613400008,13249483464
2024-08-21,61175.19140625,2631.3955078125,32731154072,12766015263
2024-08-22,60381.9140625,2622.951416015625,27625734377,10723280428
2024-08-23,64094.35546875,2764.447021484375,42530509233,16857181970
2024-08-24,64178.9921875,2769.3896484375,21430585163,11765811307
2024-08-25,64333.54296875,2749.15771484375,18827683555,9375535539
2024-08-26,62880.66015625,2681.340576171875,27682040631,12282035835
2024-08-27,59504.1328125,2458.7265625,39103882198,18028996056
2024-08-28,59027.625,2528.41552734375,40289564698,20359545410
2024-08-29,59388.1796875,2528.792724609375,32224990582,13946434277
2024-08-30,59119.4765625,2525.822021484375,32292756405,15526218255
2024-08-31,58969.8984375,2513.393798828125,12403470760,6646876013
2024-09-01,57325.48828125,2427.90234375,24592449997,11800443265
2024-09-02,59112.48046875,2538.187255859375,27036454524,12520444224
2024-09-03,57431.0234375,2420.603759765625,26666961053,11406800197
2024-09-04,57971.5390625,2448.97705078125,35627680312,16709600747
2024-09-05,56160.48828125,2367.737548828125,31030280656,13632325040
2024-09-06,53948.75390625,2223.87646484375,49361693566,25825618367
2024-09-07,54139.6875,2274.107177734375,19061486526,11124608320
2024-09-08,54841.56640625,2297.29296875,18268287531,10718443487
2024-09-09,57019.53515625,2358.482177734375,34618096173,15887712451
2024-09-10,57648.7109375,2389.5810546875,28857630507,12795818970
2024-09-11,57343.171875,2339.841552734375,37049062672,15355180967
2024-09-12,58127.01171875,2361.78173828125,33835707949,12162634681
2024-09-13,60571.30078125,2441.607177734375,32490528356,13759640866
2024-09-14,60005.12109375,2418.595703125,16428405496,8170291680
2024-09-15,59182.8359375,2320.897216796875,18120960867,10155470375
2024-09-16,58192.5078125,2295.28369140625,32032822113,16819033263
2024-09-17,60308.5390625,2341.707763671875,38075570118,15356783863
2024-09-18,61649.6796875,2369.72900390625,40990702891,18159056422
2024-09-19,62940.45703125,2464.752197265625,42710252573,18437147349
2024-09-20,63192.9765625,2561.072021484375,35177164222,19112788620
2024-09-21,63394.83984375,2615.857177734375,14408616220,10797825021
2024-09-22,63648.7109375,2582.862548828125,20183348802,13180663011
2024-09-23,63329.80078125,2648.54638671875,31400285425,19912841456
2024-09-24,64301.96875,2654.35498046875,29938335243,16658812503
2024-09-25,63143.14453125,2579.388671875,25078377700,14119729962
2024-09-26,65181.01953125,2632.199951171875,36873129847,17336033595
2024-09-27,65790.6640625,2695.900634765625,32058813449,17023020294
2024-09-28,65887.6484375,2677.5390625,15243637984,10252590559
2024-09-29,65635.3046875,2659.346923828125,14788214575,11126215671
2024-09-30,63329.5,2603.062744140625,37112957475,17826446789
2024-10-01,60837.0078125,2448.921142578125,50220923500,25482371785
2024-10-02,60632.78515625,2365.231689453125,40762722398,20148256472
2024-10-03,60759.40234375,2349.791259765625,36106447279,18051447791
2024-10-04,62067.4765625,2414.7939453125,29585472513,14879264082
2024-10-05,62089.94921875,2415.6318359375,13305410749,8152969183
2024-10-06,62818.953125,2439.957763671875,14776233667,8458690205
2024-10-07,62236.66015625,2421.796630859375,34253562610,17414044416
2024-10-08,62131.96875,2439.8408203125,28134475157,14067361080
2024-10-09,60582.1015625,2368.283447265625,27670982363,14954047093
2024-10-10,60274.5,2383.85791015625,30452813570,15327769940
2024-10-11,62445.08984375,2436.513427734375,30327141594,13489061564
2024-10-12,63193.0234375,2476.523193359375,16744110886,9372169184
2024-10-13,62851.375,2467.677001953125,18177529690,9189490605
2024-10-14,66046.125,2628.89990234375,43706958056,21434687898
2024-10-15,67041.109375,2606.02197265625,48863870879,22003780898
2024-10-16,67612.71875,2611.10205078125,38195189534,17012396419
2024-10-17,67399.8359375,2604.2734375,32790898511,15150712321
2024-10-18,68418.7890625,2641.55224609375,36857165014,17043738652
2024-10-19,68362.734375,2648.656982421875,14443497908,8557834553
2024-10-20,69001.703125,2746.364013671875,18975847518,14559296242
2024-10-21,67367.8515625,2665.712158203125,37498611780,17328615363
2024-10-22,67361.40625,2620.197509765625,31808472566,15541911074
2024-10-23,66432.1953125,2509.098876953125,32263980353,17876984551
2024-10-24,68161.0546875,2534.49853515625,31414428647,16128627601
2024-10-25,66642.4140625,2435.93408203125,41469984306,22560233078
2024-10-26,67014.6953125,2479.603271484375,19588098156,13597102184
2024-10-27,67929.296875,2505.940673828125,16721307878,9801434566
2024-10-28,69907.7578125,2565.34814453125,38799856657,18971841402
2024-10-29,72720.4921875,2637.95751953125,58541874402,22185845095
2024-10-30,72339.5390625,2657.37255859375,40646637831,22382690746
2024-10-31,70215.1875,2515.79931640625,40627912076,19760409505
2024-11-01,69482.46875,2511.885498046875,49989795365,20215438328
2024-11-02,69289.2734375,2491.068603515625,18184612091,9639457439
2024-11-03,68741.1171875,2456.42529296875,34868307655,15667779706
2024-11-04,67811.5078125,2397.0263671875,41184819348,17110200696
2024-11-05,69359.5625,2422.650634765625,46046889204,17894057485
2024-11-06,75639.078125,2724.169189453125,118592653963,41887574364
2024-11-07,75904.859375,2895.58544921875,63467654989,35352318438
2024-11-08,76545.4765625,2962.296630859375,55176858003,32303261101
2024-11-09,76778.8671875,3131.14453125,29009480361,29210133088
2024-11-10,80474.1875,3191.331298828125,82570594495,47418730187
2024-11-11,88701.484375,3374.81298828125,117966845037,55417771668
2024-11-12,87955.8125,3246.25732421875,133673285375,56686078066
2024-11-13,90584.1640625,3192.595947265625,123559027869,52010205682
2024-11-14,87250.4296875,3058.94873046875,87616705248,35743352141
2024-11-15,91066.0078125,3103.04052734375,78243109518,32701369872
2024-11-16,90558.4765625,3133.27392578125,44333192814,26650658846
2024-11-17,89845.8515625,3075.66162109375,46350159305,28348163224
2024-11-18,90542.640625,3207.8564453125,75535775084,35445557613
2024-11-19,92343.7890625,3111.384033203125,74521048295,29823634432
2024-11-20,94339.4921875,3072.18798828125,71730956426,29785491216
2024-11-21,98504.7265625,3361.053955078125,106024505582,51619069348
2024-11-22,98997.6640625,3331.600830078125,78473580551,36775716442
2024-11-23,97777.28125,3396.223388671875,44414644677,38835184688
2024-11-24,98013.8203125,3363.659912109375,51712020623,27901454185
2024-11-25,93102.296875,3413.5439453125,80909462490,51544793988
2024-11-26,91985.3203125,3326.517333984375,91656519855,39902959158
2024-11-27,95962.53125,3657.249267578125,71133452438,43383987191
2024-11-28,95652.46875,3579.8115234375,52260008261,32362724276
2024-11-29,97461.5234375,3593.494384765625,54968682476,27622629486
2024-11-30,96449.0546875,3705.705322265625,31634227866,30670867436
2024-12-01,97279.7890625,3711.1650390625,36590695296,28018113530
2024-12-02,95865.3046875,3644.198486328125,72680784305,47284967570
2024-12-03,96002.1640625,3620.711669921875,67067810961,36839829742
2024-12-04,98768.53125,3841.3310546875,77199817112,56799745752
2024-12-05,96593.5703125,3811.00830078125,149218945580,60568296606
2024-12-06,99920.7109375,4005.810546875,94534772658,52853668566
2024-12-07,99923.3359375,4002.692626953125,44177510897,22574636761
2024-12-08,101236.015625,4005.70458984375,44125751925,20943378971
2024-12-09,97432.71875,3718.6904296875,110676473908,57029832059
2024-12-10,96675.4296875,3631.833740234375,104823780634,58416417599
2024-12-11,101173.03125,3832.822021484375,85391409936,35968053196
2024-12-12,100043.0,3883.1015625,72073983533,42971675764
2024-12-13,101459.2578125,3911.205322265625,56894751583,34895127659
2024-12-14,101372.96875,3868.4052734375,40422968793,28756190559
2024-12-15,104298.6953125,3951.941162109375,51145914137,25069616984
2024-12-16,106029.71875,3987.48095703125,91020417816,46536359669
2024-12-17,106140.6015625,3886.76611328125,68589364868,35418700472
2024-12-18,100041.5390625,3618.791259765625,93865656139,48946681636
2024-12-19,97490.953125,3417.927978515625,97221662392,58879190250
2024-12-20,97755.9296875,3472.553466796875,105634083408,66383827229
2024-12-21,97224.7265625,3337.222412109375,51765334294,31579389836
2024-12-22,95104.9375,3277.53515625,43147981314,24780768375
2024-12-23,94686.2421875,3415.785400390625,65239002919,34496081389
2024-12-24,98676.09375,3492.0498046875,47114953674,23083678195
2024-12-25,99299.1953125,3493.2353515625,33700394629,17651873225
2024-12-26,95795.515625,3331.225830078125,47054980873,22247726776
2024-12-27,94164.859375,3328.9169921875,52419934565,24091627403
2024-12-28,95163.9296875,3397.90234375,24107436185,14305648523
2024-12-29,93530.2265625,3349.513427734375,29635885267,13440907792
2024-12-30,92643.2109375,3356.392578125,56188003691,26981583962
2024-12-31,93429.203125,3332.53173828125,43625106843,20845452085
2025-01-01,94419.7578125,3353.504150390625,24519888919,14195410493
2025-01-02,96886.875,3451.392578125,46009564411,22243574698
2025-01-03,98107.4296875,3605.009765625,35611391163,21877299255
2025-01-04,98236.2265625,3657.706787109375,22342608078,16060610759
2025-01-05,98314.9609375,3634.103759765625,20525254825,12830306908
2025-01-06,102078.0859375,3688.611328125,51823432705,23973574043
2025-01-07,96922.703125,3381.577392578125,58685738547,32235312545
2025-01-08,95043.5234375,3326.329345703125,63875859171,34337730882
2025-01-09,92484.0390625,3219.4306640625,62777261693,28815726276
2025-01-10,94701.453125,3267.489990234375,62058693684,26503845190
2025-01-11,94566.59375,3282.2177734375,18860894100,11772144561
2025-01-12,94488.4375,3265.951171875,20885130965,11647743556
2025-01-13,94516.5234375,3135.499755859375,72978998252,39911742769
2025-01-14,96534.046875,3223.6845703125,53769675818,22847737224
2025-01-15,100504.4921875,3450.53759765625,57805923627,25991614661
2025-01-16,99756.90625,3308.34521484375,54103781805,26395516475
2025-01-17,104462.0390625,3474.107177734375,71888972663,28200207229
2025-01-18,104408.0703125,3305.78955078125,50445655726,32420094038
2025-01-19,101089.609375,3208.96435546875,76789928525,57242875399
2025-01-20,102016.6640625,3278.035400390625,126279678351,52383187336
2025-01-21,106146.265625,3327.40625,88733878242,32804001146
2025-01-22,103653.0703125,3240.224609375,53878181052,22171220981
2025-01-23,103960.171875,3334.714111328125,104104515428,32419520084
2025-01-24,104819.484375,3309.554931640625,52388229265,25578325671
2025-01-25,104714.6484375,3317.26953125,23888996502,13744316078
2025-01-26,102682.5,3236.13427734375,22543395879,14471528757
2025-01-27,102087.6875,3178.92041015625,89006608428,39412486482
2025-01-28,101332.4765625,3077.112548828125,47180685494,20718206194
2025-01-29,103703.2109375,3112.9990234375,47432049818,22727786058
2025-01-30,104735.3046875,3247.780029296875,41915744521,19958405782
2025-01-31,102405.0234375,3298.26513671875,45732764360,30128115902
2025-02-01,100655.90625,3118.32861328125,27757944848,19917507079
2025-02-02,97688.9765625,2868.69287109375,63091816853,42060930305
2025-02-03,101405.421875,2884.566650390625,115400897748,92453553253
2025-02-04,97871.8203125,2735.05126953125,73002130211,48795275985
2025-02-05,96615.4453125,2787.779052734375,49125911241,31960764447
2025-02-06,96593.296875,2688.40087890625,45302471947,29500645692
2025-02-07,96529.0859375,2622.211181640625,55741290456,29526663418
2025-02-08,96482.453125,2632.308349609375,22447526395,17059263074
2025-02-09,96500.09375,2628.72119140625,27732901800,17517088276
2025-02-10,97437.5546875,2661.166748046875,40078962391,19414208113
2025-02-11,95747.4296875,2602.781982421875,37488783272,21156550492
2025-02-12,97885.859375,2736.902099609375,49340445530,26919387954
2025-02-13,96623.8671875,2675.902587890625,37147280860,19481004625
2025-02-14,97508.96875,2726.091552734375,32697987277,17732289901
2025-02-15,97580.3515625,2693.559814453125,17047266288,10803019357
2025-02-16,96175.03125,2663.31591796875,16536755396,10593602117
2025-02-17,95773.3828125,2743.19970703125,27336550690,24170425078
2025-02-18,95539.546875,2669.3388671875,37325720482,23004152928
2025-02-19,96635.609375,2715.77099609375,28990872862,15272401903
2025-02-20,98333.9375,2740.386474609375,31668022771,15917259320
2025-02-21,96125.546875,2659.655517578125,49608706470,31441524621
2025-02-22,96577.7578125,2764.029296875,18353824477,16403164397
2025-02-23,96273.921875,2821.310302734375,16999478976,20493767269
2025-02-24,91418.171875,2513.8212890625,44046480529,29127380459
2025-02-25,88736.171875,2493.592529296875,92139104128,40044790246
2025-02-26,84347.0234375,2331.45263671875,64597492134,28815111323
2025-02-27,84704.2265625,2305.484375,52659591954,24286213447
2025-02-28,84373.0078125,2237.9052734375,83610570576,35737904667
2025-03-01,86031.9140625,2216.643310546875,29190628396,16135258239
2025-03-02,94248.3515625,2519.694580078125,58398341092,34854193845
2025-03-03,86065.671875,2145.573974609375,70072228536,31473561910
2025-03-04,87222.1953125,2170.01513671875,68095241474,33935738380
2025-03-05,90623.5625,2241.977294921875,50498988027,22105432727
2025-03-06,89961.7265625,2202.476806640625,47749810486,18509069102
2025-03-07,86742.671875,2138.987548828125,65945677657,22425792863
2025-03-08,86154.59375,2201.51025390625,18206118081,10533204814
2025-03-09,80601.0390625,2015.5091552734375,30899345977,16103964994
2025-03-10,78532.0,1861.1513671875,54061099422,35005066442
2025-03-11,82862.2109375,1919.844970703125,54702837196,30898385863
2025-03-12,83722.359375,1908.982666015625,40353484454,22898872951
2025-03-13,81066.703125,1862.9696044921875,31412940153,17977225564
2025-03-14,83969.1015625,1909.467529296875,29588112414,12122715282
2025-03-15,84343.109375,1937.3946533203125,13650491277,6456484591
2025-03-16,82579.6875,1887.43505859375,21330270174,9292997638
2025-03-17,84075.6875,1927.0029296875,25092785558,10436892087
2025-03-18,82718.5,1932.54345703125,24095774594,10170844746
2025-03-19,86854.2265625,2057.7490234375,34931960257,20065206266
2025-03-20,84167.1953125,1982.099853515625,29028988961,13217865782
2025-03-21,84043.2421875,1964.8475341796875,19030452299,9708125480
2025-03-22,83832.484375,1980.037841796875,9863214091,6117036512
2025-03-23,86054.375,2005.2991943359375,12594615537,7522339707
2025-03-24,87498.9140625,2077.47900390625,34582604933,14044912402
2025-03-25,87471.703125,2067.76416015625,30005840049,11735658914
2025-03-26,86900.8828125,2009.1893310546875,26704046038,13178523590
2025-03-27,87177.1015625,2002.357421875,24413471941,11593274543
2025-03-28,84353.1484375,1895.5029296875,34198619509,18160526498
2025-03-29,82597.5859375,1827.3203125,16969396135,12194771785
2025-03-30,82334.5234375,1806.2186279296875,14763760943,9854857162
2025-03-31,82548.9140625,1823.47998046875,29004228247,15765030938
2025-04-01,85169.171875,1905.491455078125,28175650319,15001220420
2025-04-02,82485.7109375,1795.313232421875,47584398470,22593742104
2025-04-03,83102.828125,1815.63720703125,36852112080,16450974373
2025-04-04,83843.8046875,1815.335205078125,45157640207,18061720814
2025-04-05,83504.796875,1805.9732666015625,14380803631,6374712479
2025-04-06,78214.484375,1576.72802734375,36294853736,22154445576
2025-04-07,79235.3359375,1555.240966796875,91262424987,46073959047
2025-04-08,76271.953125,1472.5531005859375,48314590749,21315312919
2025-04-09,82573.953125,1668.0400390625,84213627038,39252195855
2025-04-10,79626.140625,1522.518798828125,44718000633,21379604307
2025-04-11,83404.8359375,1567.1497802734375,41656778779,14871838813
2025-04-12,85287.109375,1643.528564453125,24258059104,12110995013
2025-04-13,83684.9765625,1596.685791015625,28796984817,13909890792
2025-04-14,84542.390625,1622.7698974609375,34090769777,16518325094
2025-04-15,83668.9921875,1588.6324462890625,28040322885,13175452875
2025-04-16,84033.8671875,1578.1053466796875,29617804112,15339621551
2025-04-17,84895.75,1582.54833984375,21276866029,11312160796
2025-04-18,84450.8046875,1588.9246826171875,12728372364,7123507323
2025-04-19,85063.4140625,1612.9228515625,15259300427,7168138700
2025-04-20,85174.3046875,1587.5142822265625,14664050812,7642784469
2025-04-21,87518.90625,1579.7344970703125,41396190190,15403785611
2025-04-22,93441.890625,1757.3316650390625,55899038456,23747917555
2025-04-23,93699.109375,1796.104248046875,41719568821,22904644756
2025-04-24,93943.796875,1769.8316650390625,31483175315,15207402759
2025-04-25,94720.5,1786.634521484375,40915232364,17459399281
2025-04-26,94646.9296875,1821.881103515625,17612825123,11926379867
2025-04-27,93754.84375,1792.864990234375,18090367764,11321944113
2025-04-28,94978.75,1798.851806640625,32363449569,17043640437
2025-04-29,94284.7890625,1799.1756591796875,25806129921,14734257744
2025-04-30,94207.3125,1793.775390625,28344679831,14810431362
2025-05-01,96492.3359375,1839.2215576171875,32875889623,15861442721
2025-05-02,96910.0703125,1842.7078857421875,26421924677,13570171872
2025-05-03,95891.796875,1833.8397216796875,15775154889,8344452620
2025-05-04,94315.9765625,1808.59423828125,18198688416,8918979887
2025-05-05,94748.0546875,1819.697509765625,25816260327,11389336489
2025-05-06,96802.4765625,1815.0875244140625,26551275827,13206516310
2025-05-07,97032.3203125,1811.606689453125,76983822462,50540755039
2025-05-08,103241.4609375,2206.5146484375,69895404397,37777245241
2025-05-09,102970.8515625,2345.50732421875,58198593958,43766026875
2025-05-10,104696.328125,2582.422607421875,42276713994,30265913403
2025-05-11,104106.359375,2510.23779296875,46285517406,26496368543
2025-05-12,102812.953125,2496.397705078125,63250475404,32121858921
2025-05-13,104169.8125,2680.129638671875,52608876410,33528741590
2025-05-14,103539.4140625,2610.063232421875,45956071155,26602676588
2025-05-15,103744.640625,2546.85693359375,50408241840,26637688883
2025-05-16,103489.2890625,2536.297607421875,44386499364,21298907763
2025-05-17,103191.0859375,2475.75439453125,37898552742,18830706230
2025-05-18,106446.0078125,2498.233642578125,49887082058,25005164865
2025-05-19,105606.1796875,2529.166748046875,61761126647,27351331811
2025-05-20,106791.0859375,2524.173095703125,36515726122,23453322578
2025-05-21,109678.078125,2552.34716796875,78086364051,31952904125
2025-05-22,111673.28125,2664.156982421875,70157575642,26596978352
2025-05-23,107287.796875,2526.44189453125,67548133399,30536501878
2025-05-24,107791.15625,2530.646240234375,45903627163,11380899856
2025-05-25,109035.390625,2551.763916015625,47518041841,14556431364
2025-05-26,109440.3671875,2564.138427734375,45950461571,14936610009
2025-05-27,108994.640625,2663.06982421875,57450176272,26264200536
2025-05-28,107802.328125,2682.212890625,49155377493,19087366068
2025-05-29,105641.7578125,2632.65478515625,56022752042,27567479811
2025-05-30,103998.5703125,2529.943603515625,57655287183,24599403943
2025-05-31,104638.09375,2529.08740234375,38997843858,13992843765
2025-06-01,105652.1015625,2536.266357421875,37397056873,13287852482
2025-06-02,105881.53125,2607.097412109375,45819706290,16744168824
2025-06-03,105432.46875,2593.2802734375,46196508367,18291179016
2025-06-04,104731.984375,2608.64306640625,44544857105,18621211035
2025-06-05,101575.953125,2416.28564453125,57479298400,26194462737
2025-06-06,104390.34375,2477.19482421875,48856653697,19407449565
2025-06-07,105615.625,2526.50537109375,38365033776,11664303387
2025-06-08,105793.6484375,2510.787109375,36626232328,12097170203
2025-06-09,110294.1015625,2681.51708984375,55903193732,20605172560
2025-06-10,110257.234375,2813.517578125,54700101509,35555755055
2025-06-11,108686.625,2773.529296875,50842662052,30705408054
2025-06-12,105929.0546875,2651.795166015625,54843867968,25924959613
2025-06-13,106090.96875,2579.486083984375,69550440846,37986747138
2025-06-14,105472.40625,2533.444091796875,38007870453,14285000473
2025-06-15,105552.0234375,2546.837158203125,36744307742,13961893828
2025-06-16,106796.7578125,2540.60498046875,50366626945,22792449577
2025-06-17,104601.1171875,2510.761474609375,55964092176,25653232897
2025-06-18,104883.328125,2524.301513671875,47318089133,19873957905
2025-06-19,104684.2890625,2521.653564453125,37333806920,12782730709
2025-06-20,103309.6015625,2407.30419921875,50951862476,22592586688
2025-06-21,102257.40625,2300.49560546875,38360555118,16108791762
2025-06-22,100987.140625,2228.213134765625,65536997201,28458151601
2025-06-23,105577.7734375,2421.824951171875,65237759656,26247439429
2025-06-24,106045.6328125,2448.0087890625,48822986421,19539047009
2025-06-25,107361.2578125,2419.310302734375,51624120283,17158118625
2025-06-26,106960.0,2416.146728515625,43891990613,18300413888
2025-06-27,107088.4296875,2423.866943359375,45353692675,15309834970
2025-06-28,107327.703125,2437.109375,30037708335,8273074809
2025-06-29,108385.5703125,2500.9599609375,35534874438,12500580479
2025-06-30,107135.3359375,2486.46435546875,42064804590,16859727663
2025-07-01,105698.28125,2405.792724609375,44110692247,15025451796
2025-07-02,108859.3203125,2571.33544921875,56248657737,22792512025
2025-07-03,109647.9765625,2591.00732421875,50494742270,20873559425
2025-07-04,108034.3359375,2508.518310546875,42616442656,17222740209
2025-07-05,108231.1796875,2517.280029296875,30615537520,9289382302
2025-07-06,109232.0703125,2571.236572265625,36746020463,13190436110
2025-07-07,108299.8515625,2543.01318359375,45415696597,18440266947
2025-07-08,108950.2734375,2615.505859375,44282204127,17537487206
2025-07-09,111326.5546875,2770.777587890625,57927418065,27229452849
2025-07-10,115987.203125,2954.84521484375,95911605728,33929201261
2025-07-11,117516.9921875,2957.88623046875,86928361085,36226558863
2025-07-12,117435.2265625,2942.91162109375,45524560304,16317198254
2025-07-13,119116.1171875,2973.35888671875,49021091807,17361753131
2025-07-14,119849.703125,3013.350830078125,181746419401,36349290556
2025-07-15,117777.1875,3139.8896484375,98321661181,39013656112
2025-07-16,118738.5078125,3371.5068359375,72162029070,46771354461
2025-07-17,119289.84375,3476.784423828125,72363841798,47532846793
2025-07-18,118003.2265625,3549.016357421875,77945799785,59198465810
2025-07-19,117939.9765625,3595.273681640625,47564562765,26031719746
2025-07-20,117300.7890625,3759.471435546875,57515447231,44600451066
2025-07-21,117439.5390625,3763.371337890625,69820091744,42611467663
2025-07-22,119995.4140625,3749.1455078125,79217583118,45248868820
2025-07-23,118754.9609375,3629.70361328125,66608604537,41283228953
2025-07-24,118368.0,3708.005615234375,72627318560,40377960354
2025-07-25,117635.8828125,3727.266845703125,104857024569,42264509577
2025-07-26,117947.3671875,3741.39599609375,48508954046,24635287361
2025-07-27,119448.4921875,3875.24658203125,54683390892,28897450394
2025-07-28,117924.4765625,3787.42578125,64822943193,35831336149
2025-07-29,117922.1484375,3793.454833984375,68463107433,35540435995
2025-07-30,117831.1875,3808.20166015625,68896148592,34392494235
2025-07-31,115758.203125,3696.707763671875,69370346018,32839839444
2025-08-01,113320.0859375,3488.365966796875,91294530181,46261558200
2025-08-02,112526.9140625,3392.7412109375,56870866000,30165065282
2025-08-03,114217.671875,3497.379150390625,48099615826,19363593865
2025-08-04,115071.8828125,3718.986083984375,35783028986,30905749658
2025-08-05,114141.4453125,3611.8994140625,61039182286,32778742296
2025-08-06,115028.0,3683.920654296875,56379133510,26924415763
2025-08-07,117496.8984375,3914.325927734375,64051649681,38627826066
2025-08-08,116688.7265625,4009.848876953125,59713005166,45460293892
2025-08-09,116500.359375,4263.59912109375,54004312429,45279715746
2025-08-10,119306.7578125,4254.2177734375,64755458694,36173931367
2025-08-11,118731.4453125,4226.966796875,90528784177,49989853803
2025-08-12,120172.90625,4590.9248046875,72803657984,57237189036
2025-08-13,123344.0625,4756.27587890625,90904808795,62550014642
2025-08-14,118359.578125,4548.16650390625,104055627395,75681632806
2025-08-15,117398.3515625,4439.98876953125,68665353159,55445715824
2025-08-16,117491.3515625,4426.18017578125,48036922378,26816931514
2025-08-17,117453.0625,4473.271484375,45852169525,31348101438
2025-08-18,116252.3125,4312.5048828125,72787808090,53518423360
2025-08-19,112831.1796875,4073.464111328125,71657600353,50440367102
2025-08-20,114274.7421875,4334.50048828125,67993811526,49577862965
2025-08-21,112419.03125,4223.2099609375,57817883700,33618359942
2025-08-22,116874.0859375,4831.3486328125,82528088240,75965521535
2025-08-23,115374.328125,4776.09033203125,55377142586,36503623278
2025-08-24,113458.4296875,4779.6474609375,73961489632,52405003873
2025-08-25,110124.3515625,4372.98779296875,85706860190,63936163545
2025-08-26,111802.65625,4600.4267578125,69396320317,53829747706
2025-08-27,111222.0625,4503.39306640625,62137056409,43509902322
2025-08-28,112544.8046875,4507.177734375,58860155962,36045274078
2025-08-29,108410.8359375,4360.15283203125,77843379644,46899991962
2025-08-30,108808.0703125,4374.1533203125,51486264208,25883112278
2025-08-31,108236.7109375,4390.01904296875,47986191770,26683044984
2025-09-01,109250.59375,4314.47021484375,66870372995,37530746508
2025-09-02,111200.5859375,4325.36572265625,74776999491,39884692334
2025-09-03,111723.2109375,4450.38916015625,61119643565,35260873497
2025-09-04,110723.6015625,4298.744140625,60131132901,34919798552
2025-09-05,110650.984375,4306.98876953125,60241647677,44163736676
2025-09-06,110224.6953125,4274.2421875,21500719036,18108246446
2025-09-07,111167.6171875,4305.34765625,24618007520,17426783536
2025-09-08,112071.4296875,4308.072265625,40212813407,32277142378
2025-09-09,111530.546875,4309.04150390625,45984480722,30703320925
2025-09-10,113955.359375,4349.14599609375,56377473784,39521365146
2025-09-11,115507.5390625,4461.2333984375,45685065332,35959212991
2025-09-12,116101.578125,4715.24609375,54785725894,43839753626
2025-09-13,115950.5078125,4668.1796875,34549454947,34843845977
2025-09-14,115407.65625,4609.59765625,32798036057,28394160275
2025-09-15,115444.875,4526.8203125,52937859416,40224062009
2025-09-16,116843.1875,4503.564453125,45781744593,32761501436
2025-09-17,116468.5078125,4592.7333984375,60528025996,44120899417
2025-09-18,117137.203125,4589.9189453125,49457272032,33497259158
2025-09-19,115688.859375,4470.9169921875,38828473971,30352619653
2025-09-20,115721.9609375,4482.265625,22864449614,18056494322
2025-09-21,115306.09375,4451.3291015625,22495852193,19330306133
2025-09-22,112748.5078125,4202.87744140625,70684158591,58221334533
2025-09-23,112014.5,4165.50390625,47211853279,32460075911
2025-09-24,113328.6328125,4153.46923828125,48044595085,33538388785
2025-09-25,109049.2890625,3868.333984375,75528654284,68963092031
2025-09-26,109712.828125,4035.887939453125,57738288949,47873508328
2025-09-27,109681.9453125,4018.658203125,26308042910,20382555776
2025-09-28,112122.640625,4141.4765625,33371048505,24631307054
2025-09-29,114400.3828125,4217.341796875,60000147466,38560429932
2025-09-30,114056.0859375,4145.95751953125,58986330258,37679153330
2025-10-01,118648.9296875,4351.1123046875,71328680132,46161664723
2025-10-02,120681.2578125,4487.923828125,71415163912,48074066058
2025-10-03,122266.53125,4514.87060546875,83941392228,49603450230
2025-10-04,122425.4296875,4489.197265625,36769171735,21832270764
2025-10-05,123513.4765625,4515.4228515625,73689317763,44880806324
2025-10-06,124752.53125,4687.771484375,72568881188,44992456374
2025-10-07,121451.3828125,4451.15185546875,76149412513,54879425294
2025-10-08,123354.8671875,4527.64794921875,65354305286,40456628235
2025-10-09,121705.5859375,4369.1435546875,74653009425,47903074596
2025-10-10,113214.3671875,3843.0087890625,153125018868,97736621123
2025-10-11,110807.8828125,3750.611572265625,110236934340,62475475938
2025-10-12,115169.765625,4164.427734375,93710414091,61216174681
2025-10-13,115271.078125,4245.4677734375,71582026739,50253782420
2025-10-14,113118.6640625,4125.412109375,92212917403,67094148347
2025-10-15,110783.1640625,3987.45947265625,72574132855,50462889453
2025-10-16,108186.0390625,3894.75439453125,87306423067,49147390731
2025-10-17,106467.7890625,3832.558837890625,99703051669,57404271888
2025-10-18,107198.265625,3890.34619140625,37779905278,23815676385
2025-10-19,108666.7109375,3984.649658203125,47657008953,32870655221
2025-10-20,110588.9296875,3980.76025390625,63507793085,40224612563
2025-10-21,108476.890625,3876.76416015625,101194375480,49960290350
2025-10-22,107688.5859375,3808.122314453125,80807013218,46173305673
2025-10-23,110069.7265625,3856.0263671875,54944076060,36361652714
2025-10-24,111033.921875,3934.5673828125,48160816980,34090708715
2025-10-25,111641.7265625,3953.470947265625,24707667305,15245229017
2025-10-26,114472.4453125,4157.9892578125,41708524143,29120786315
2025-10-27,114119.328125,4120.1220703125,61761358733,40271333201
2025-10-28,112956.1640625,3982.262451171875,64528066504,39684155177
2025-10-29,110055.3046875,3903.35302734375,62192043469,35255876156
2025-10-30,108305.546875,3804.375244140625,69673964814,39981939289
2025-10-31,109556.1640625,3847.080322265625,60090359560,37800100395
2025-11-01,110064.015625,3874.18798828125,25871668762,17490279524
2025-11-02,110639.625,3911.063232421875,34284209459,20479611654
2025-11-03,106547.5234375,3602.30810546875,72852006359,53091469560
2025-11-04,101590.5234375,3292.574462890625,110967184773,76827517773
2025-11-05,103891.8359375,3425.171142578125,77584934804,46955882330
2025-11-06,101301.2890625,3312.2578125,63932752861,36731850433
2025-11-07,103372.40625,3435.301025390625,92168030081,42609994022
2025-11-08,102282.1171875,3400.3759765625,51446691095,23613870398
2025-11-09,104719.640625,3582.621337890625,59679243013,28821543888
2025-11-10,105996.59375,3568.4599609375,69585887229,35638045619
2025-11-11,102997.46875,3415.2822265625,71130078574,39734688531
2025-11-12,101663.1875,3413.09423828125,64347179408,34898956623
2025-11-13,99697.4921875,3232.757080078125,101546815416,50283416669
2025-11-14,94397.7890625,3103.78564453125,114346441890,47003809463
2025-11-15,95549.1484375,3166.63134765625,38500716654,19932940649
2025-11-16,94177.078125,3092.847412109375,71086235862,30987886524
2025-11-17,92093.875,3024.538818359375,94186165724,41026793235
2025-11-18,92948.875,3122.97900390625,101333569062,41581494270
2025-11-19,91465.9921875,3023.07080078125,80350354656,40229739844
2025-11-20,86631.8984375,2831.777587890625,97970645638,43917885207
2025-11-21,85090.6875,2765.69921875,129157506112,51476486049
2025-11-22,84648.359375,2767.607421875,40793099246,15408928941
2025-11-23,86805.0078125,2801.676025390625,58083435576,20358404499
2025-11-24,88270.5625,2952.71337890625,74433896110,32491657389
2025-11-25,87341.890625,2957.936279296875,64837343545,23336017779
2025-11-26,90518.3671875,3027.81201171875,66496301869,21433162961
2025-11-27,91285.375,3014.542236328125,57040622845,16972780500
2025-11-28,90919.265625,3032.304443359375,60895830289,20659958964
2025-11-29,90851.7578125,2991.685302734375,37921773455,12775481230
2025-11-30,90394.3125,2992.112548828125,38497902869,11530446514
2025-12-01,86321.5703125,2800.18896484375,87962894424,36679598313
2025-12-02,91350.203125,2997.939697265625,78546798211,26593645111
2025-12-03,93527.8046875,3191.57177734375,77650204986,29949301036
2025-12-04,92141.625,3134.31640625,64538402681,27434991113
2025-12-05,89387.7578125,3024.432861328125,63256398633,28000268228
2025-12-06,89272.375,3040.207763671875,37994042405,10962819760
2025-12-07,90405.640625,3061.3017578125,47394898960,20383496376
2025-12-08,90640.203125,3125.197998046875,57394099056,25262165670
2025-12-09,92691.7109375,3321.114990234375,66861721440,32012553374
2025-12-10,92020.9453125,3325.39013671875,65420694513,30694387989
2025-12-11,92511.3359375,3237.056884765625,64532834621,29066243707
2025-12-12,90270.4140625,3084.172607421875,80275884583,24391003174
2025-12-13,90298.7109375,3116.6953125,64237748110,9916869400
2025-12-14,88175.1796875,3060.5947265625,50465972205,15619543350
2025-12-15,86419.78125,2964.18310546875,45559514323,28765976892
2025-12-16,87843.984375,2964.180908203125,41262178223,22709189818
2025-12-17,86143.7578125,2831.403564453125,44243392914,26159825528
2025-12-18,85462.5078125,2827.069091796875,52667115348,29194181349
2025-12-19,88103.3828125,2977.970703125,46733310561,27870687989
2025-12-20,88344.0,2977.58251953125,14688196659,7612418215
2025-12-21,88621.75,3001.61376953125,19845522660,11178096676
2025-12-22,88490.015625,3006.07373046875,38047472118,20342034264
2025-12-23,87414.0,2963.3740234375,43683011533,21453213168
2025-12-24,87611.9609375,2945.590576171875,25550297986,13984770325
2025-12-25,87234.7421875,2903.57958984375,19953216347,11828871179
2025-12-26,87301.4296875,2925.74560546875,42455674908,18562196049
2025-12-27,87802.15625,2947.998291015625,13741199310,7378783299
2025-12-28,87835.8359375,2948.568115234375,15156557929,9227601389
2025-12-29,87138.140625,2934.538330078125,48411625849,25957694515
2025-12-30,88430.1328125,2971.416748046875,35586356225,18816704381
2025-12-31,87508.828125,2967.03759765625,33830210616,16451891101
2026-01-01,88731.984375,3000.394287109375,18849043990,10268796662
2026-01-02,89944.6953125,3124.422607421875,46398906171,25242778003
2026-01-03,90603.1875,3125.91748046875,20774828592,11460707919
2026-01-04,91413.4921875,3140.71044921875,26770491368,13890479323
2026-01-05,93882.5546875,3226.13037109375,53376407252,27211995956
2026-01-06,93729.03125,3295.94677734375,52430605257,27853981622
2026-01-07,91308.0546875,3166.843994140625,43461295053,22665982583
2026-01-08,91027.125,3104.382568359375,42386697030,22760237888
2026-01-09,90513.1015625,3083.047119140625,38305906684,18879517395
2026-01-10,90386.6484375,3082.39599609375,12385895282,6960662969
2026-01-11,90827.4609375,3118.88525390625,17165568977,10497219711
2026-01-12,91192.9921875,3092.3251953125,41346275358,21152711365
2026-01-13,95321.78125,3322.095458984375,54980674354,27237310134
2026-01-14,96929.328125,3354.72265625,60592490863,33926411912
2026-01-15,95551.1875,3317.101318359375,53086363027,27598686935
2026-01-16,95525.1171875,3295.482177734375,33248170537,22732887284
2026-01-17,95099.921875,3308.8642578125,16021715122,11206492253
2026-01-18,93634.4296875,3281.15771484375,20809781232,13557863288
2026-01-19,92553.59375,3186.62109375,39195241508,27956112545
2026-01-20,88310.90625,2935.605712890625,53072968031,32985301273
2026-01-21,89376.9609375,2978.901123046875,56330422434,35797876195
2026-01-22,89462.453125,2949.63330078125,35549685694,21993593333
2026-01-23,89503.875,2953.25634765625,38997586037,22417700837
2026-01-24,89110.734375,2948.74072265625,14558687712,8198666763
2026-01-25,86572.21875,2815.90234375,36124986722,22414089670
2026-01-26,88267.140625,2926.45703125,45329286974,29668620102
2026-01-27,89102.5703125,3022.2109375,38744942267,27976005223
2026-01-28,89184.5703125,3006.607421875,39807419296,21751566455
2026-01-29,84561.5859375,2818.232666015625,64653083162,37487198041
2026-01-30,84128.65625,2702.375244140625,72083816087,41877689970
2026-01-31,78621.1171875,2445.091796875,70479259159,47569532203
2026-02-01,76974.4453125,2267.96484375,53372509744,40358630560
2026-02-02,78688.765625,2344.356689453125,75140589684,48844346396
2026-02-03,75633.546875,2227.558837890625,68249110822,47906083919
2026-02-04,73019.703125,2143.504150390625,67215363944,45219604814
2026-02-05,62702.09765625,1821.68310546875,125509410908,60381662655
2026-02-06,70555.390625,2063.386962890625,114674259489,64998454203
2026-02-07,69281.96875,2090.54931640625,62347107663,41145430304
2026-02-08,70264.7265625,2088.762939453125,39721722619,19541713443
2026-02-09,70120.78125,2103.567626953125,52081598792,26750982266
2026-02-10,68793.9609375,2019.4974365234375,40593063077,23267337087
2026-02-11,66991.96875,1940.621337890625,49671946030,23922680362
2026-02-12,66221.84375,1946.940673828125,44651071271,20106364835
2026-02-13,68857.84375,2048.52734375,40820775886,20412430639
2026-02-14,69767.625,2086.009765625,36012397645,16925555543
2026-02-15,68788.1875,1966.04296875,40191152750,31030538835
2026-02-16,68843.15625,1997.917724609375,33618145426,19219250473
2026-02-17,67494.21875,1992.1943359375,34866936040,20929890501
2026-02-18,66425.3203125,1953.97412109375,33094301643,20187307041
2026-02-19,66957.5234375,1948.2010498046875,31492987019,17380103826
2026-02-20,68005.421875,1969.0223388671875,47507867304,21682976627
2026-02-21,68003.765625,1973.7371826171875,18357635642,11561261802
2026-02-22,67659.390625,1957.805908203125,17893536012,9488829492
2026-02-23,64616.73828125,1855.5028076171875,50953457309,23731172668
2026-02-24,64080.04296875,1852.969482421875,40849331086,18475122228
2026-02-25,67960.125,2054.6279296875,53629234355,27717195805
2026-02-26,67453.7734375,2026.7926025390625,42988597523,23327720766
2026-02-27,65881.796875,1930.7618408203125,40283655942,21136821039
2026-02-28,66995.859375,1965.050537109375,42041497112,21675923669
2026-03-01,65738.1015625,1939.066650390625,40733141929,23649071468
2026-03-02,68775.8515625,2027.2689208984375,56698092052,26235436166
2026-03-03,68293.6484375,1982.7689208984375,47947999049,24100196312
2026-03-04,72710.578125,2126.50537109375,75073101274,33610946768
2026-03-05,70841.125,2071.60546875,51172841727,22383576284
2026-03-06,68136.4921875,1978.751220703125,43776962871,19733648079
2026-03-07,67272.59375,1969.4554443359375,23258701211,10236899078
2026-03-08,65969.78125,1936.604736328125,33195080116,16314032554
2026-03-09,68402.3828125,1992.938232421875,49499875378,24015826480
2026-03-10,69926.921875,2037.1204833984375,54003996096,23552353781
2026-03-11,70204.8828125,2051.5732421875,45236859848,19031715359
2026-03-12,70493.4609375,2073.13623046875,40871848129,20624954899
2026-03-13,70968.265625,2092.5634765625,61167226505,29345212033
2026-03-14,71214.625,2097.086669921875,22283546496,10073411269
2026-03-15,72789.9140625,2177.476318359375,27991268669,15333885132
2026-03-16,74861.0859375,2351.176025390625,55572438409,38938369545
2026-03-17,73922.4765625,2318.053466796875,49500721728,26737564550
2026-03-18,71245.578125,2203.671630859375,46229011155,25617966362
2026-03-19,69912.7890625,2137.423828125,44631433398,24090913749
2026-03-20,70522.5859375,2146.4970703125,38299078407,17970488517
2026-03-21,68711.5234375,2076.68994140625,21109354718,8654913047
2026-03-22,67845.2109375,2053.04833984375,30108051508,16438149794
2026-03-23,70914.859375,2152.14599609375,51508669357,28509077302
2026-03-24,70517.859375,2155.704345703125,40181522399,18389631713
2026-03-25,71309.8828125,2168.021484375,35409791747,17086301657
2026-03-26,68791.625,2059.578369140625,38962070215,18628112246
2026-03-27,66338.375,1991.27197265625,46483453594,19453998121
2026-03-28,66319.6953125,1992.694580078125,20924883455,8641221084
2026-03-29,65954.921875,1982.5596923828125,21645889785,9451184647
2026-03-30,66691.4453125,2023.514892578125,37694994180,17840662425
2026-03-31,68233.3125,2104.708251953125,42997691338,21278561395
2026-04-01,68078.5546875,2138.737060546875,36465393617,19542997434
2026-04-02,66888.5703125,2056.8525390625,39323384518,18847170816
2026-04-03,66931.1015625,2053.38525390625,22815543346,9609678843
2026-04-04,67290.515625,2065.3515625,15878814963,6926913517
2026-04-05,68981.8984375,2108.99560546875,22972648674,9928800793
2026-04-06,68859.828125,2107.761474609375,39542143229,19097527675
2026-04-07,71940.703125,2241.806640625,44650511480,22588914083
2026-04-08,71123.359375,2190.33544921875,42444631703,21469476310
2026-04-09,71767.828125,2189.14404296875,38799581473,17218638798
2026-04-10,72979.046875,2245.148681640625,37722595732,17131968712
2026-04-11,73054.2734375,2285.39013671875,23287073965,12620960384
2026-04-12,70753.40625,2192.201171875,29882740487,15307071617
2026-04-13,74484.640625,2370.71484375,52278211554,23709131572
2026-04-14,74181.609375,2323.30859375,53540826530,25185167270
2026-04-15,74805.078125,2359.43701171875,38090174312,17004367348
2026-04-16,75152.1328125,2348.64501953125,41312783855,20602833116
2026-04-17,77126.875,2421.07177734375,54137194839,26467618336
2026-04-18,75726.2109375,2351.1005859375,26014416776,14400085617
2026-04-19,73856.3515625,2264.9169921875,30931515195,17083701612
2026-04-20,75872.5234375,2315.21240234375,39674447916,19084768822
2026-04-21,76352.7734375,2327.970458984375,36453522626,16107716719
2026-04-22,78203.1015625,2376.088134765625,48336654537,22465555335
2026-04-23,78268.953125,2331.513916015625,40354900916,19909161913
2026-04-24,77455.3125,2315.690185546875,32784213526,13371168064
2026-04-25,77612.015625,2318.8291015625,16702933134,6545621782
2026-04-26,78657.5390625,2369.72900390625,21482934750,10622966933
2026-04-27,77366.625,2303.06396484375,38135631927,17879618684
2026-04-28,76350.671875,2289.419677734375,32056900880,12761522276
2026-04-29,75776.1328125,2253.415771484375,41460907886,21884731493
2026-04-30,76304.3203125,2256.251220703125,29497862305,12309496389
2026-05-01,78179.0,2295.09375,39164328894,13243880777
2026-05-02,78657.25,2316.23193359375,16761531851,6905015549
2026-05-03,78538.2265625,2321.6357421875,20544392639,9861070993
2026-05-04,79827.90625,2346.39697265625,54325085296,25497505008
2026-05-05,80927.0546875,2361.1826171875,39700107376,17739612383
2026-05-06,81427.53125,2350.802001953125,41751540000,22745786496
2026-05-07,80009.9921875,2291.107666015625,36931193154,23409823896
2026-05-08,80186.765625,2306.97216796875,33789351540,20013463010
2026-05-09,80664.3671875,2326.727294921875,18102086996,12217205123
2026-05-10,82138.9296875,2369.0439453125,26965971077,19587186882
2026-05-11,81728.296875,2339.36083984375,32409774919,15525623296
2026-05-12,80477.4921875,2274.6435546875,32186688600,16145394773
2026-05-13,79277.1171875,2257.576416015625,34075428359,15193768365
2026-05-14,81051.25,2280.934814453125,43731663431,17563432027
2026-05-15,79065.6796875,2223.328857421875,38183347368,18146855938
2026-05-16,78131.4375,2179.751953125,25895799905,11451672017
2026-05-17,77429.3515625,2127.645263671875,20900166465,10143205921
2026-05-18,76954.171875,2128.51611328125,41520471808,19890789125
2026-05-19,76750.90625,2109.9638671875,26031898332,12030742868
2026-05-20,77457.7734375,2126.9833984375,26668360936,12076799234
2026-05-21,77539.171875,2131.41064453125,27141485404,14344389472
2026-05-22,75488.2421875,2064.636962890625,27859040109,13229489284
2026-05-23,76673.3671875,2115.951416015625,29973220002,16650709488
2026-05-24,76981.125,2097.993896484375,20572738918,10602558120
2026-05-25,77279.9296875,2111.370361328125,19808387601,10167436482
2026-05-26,75825.734375,2070.858154296875,35999475458,15924080901
2026-05-27,74344.703125,2022.1982421875,33802172927,14534289020
2026-05-28,73536.5546875,2007.552734375,40148145327,18109844096
2026-05-29,73372.5234375,2011.978515625,34457929250,14941194039
2026-05-30,73754.8359375,2019.458251953125,19563589191,7478416074
2026-05-31,73579.6875,2004.341552734375,17445435650,9253505209
2026-06-01,71319.7734375,2003.22119140625,43378836121,19458810001
2026-06-02,66703.65625,1857.71630859375,54990073882,25205401403
2026-06-03,64014.3671875,1811.7322998046875,47411556213,24083350214
2026-06-04,63801.57421875,1769.58056640625,63800151780,27112623897
2026-06-05,60922.66796875,1580.86083984375,71465606706,39924177669
2026-06-06,60867.4140625,1568.7677001953125,30898464957,18426248218
2026-06-07,63239.51953125,1686.396240234375,36006496194,15172606860
2026-06-08,63090.58984375,1690.1485595703125,34133252457,17427269148
2026-06-09,61643.78125,1637.7066650390625,40144449754,15196855528
2026-06-10,61449.2890625,1620.1376953125,27493506779,12655731412
2026-06-11,63561.0546875,1672.2806396484375,29316677897,12379882531
2026-06-12,63543.19921875,1665.1278076171875,26881868307,9989137815
2026-06-13,64421.32421875,1680.214599609375,16956245530,6101094488
2026-06-14,65710.3984375,1724.61328125,21572226975,7804982667
2026-06-15,66289.5,1794.961181640625,32927321950,17921331594
2026-06-16,65600.640625,1790.398193359375,25063963967,14698492893
2026-06-17,64418.4453125,1747.885498046875,31288885189,14185457929
2026-06-18,62896.47265625,1709.533447265625,30432454936,12942260783
2026-06-19,63540.8359375,1710.982421875,22361931660,7855725190
2026-06-20,64239.67578125,1739.3013916015625,17486384117,7773536600
2026-06-21,63237.5390625,1704.58056640625,15739619591,8498711726
2026-06-22,63952.10546875,1726.5108642578125,26561496819,13584368622
2026-06-23,62668.01953125,1665.436767578125,29608942370,10431438278
2026-06-24,60995.1328125,1619.9249267578125,42644106535,14059894232
2026-06-25,59721.67578125,1564.816650390625,40625024718,15976182558
2026-06-26,60016.4296875,1576.6160888671875,41502864671,15272225856
2026-06-27,59940.09765625,1571.5882568359375,15099836554,6111411513
2026-06-28,59532.33984375,1570.3612060546875,16282230874,6231562560
2026-06-29,60138.37890625,1610.205810546875,30829983083,11882501822
2026-06-30,58558.859375,1569.5838623046875,32747419391,9639804637
2026-07-01,60003.7578125,1608.960693359375,37904450118,11666600557
2026-07-02,61485.30078125,1698.16943359375,40109297349,13538465176
2026-07-03,62544.19921875,1756.5186767578125,26131813598,10177742550
2026-07-04,63088.3046875,1779.032958984375,18608397613,8083146790
2026-07-05,63547.8828125,1783.0059814453125,18267466154,11323496681
2026-07-06,63995.015625,1797.57373046875,36552222303,16997487730
2026-07-07,63297.39453125,1768.511474609375,31026493556,9901110376
2026-07-08,62257.57421875,1742.6776123046875,27349235354,10110272581
2026-07-09,63193.1484375,1744.484619140625,26546256117,7763668656
2026-07-10,64127.140625,1795.6932373046875,27450201269,9431692646
2026-07-11,63802.02734375,1788.099609375,13954689047,6901680020
2026-07-12,63758.21875,1805.7880859375,19043437787,6064480351
2026-07-13,62239.12109375,1773.500732421875,37650044790,11436340419
2026-07-14,64956.11328125,1889.4798583984375,29841287318,13835437084
2026-07-15,64712.375,1916.9437255859375,27029791676,12684088080
2026-07-16,63789.28125,1863.193359375,27232426674,11412820341
2026-07-17,63899.4609375,1840.9881591796875,27280236800,10651207679
2026-07-18,64796.6015625,1861.39208984375,14162542470,4754880124
2026-07-19,64690.8046875,1871.508544921875,15000653941,7004738486
2026-07-20,65230.02734375,1903.7589111328125,30988932408,12042633315
2026-07-21,66505.125,1928.3837890625,29554470321,12526770542
2026-07-22,66100.796875,1933.4901123046875,28142272410,10800957306
2026-07-23,65044.8125,1877.1002197265625,24364433538,9768559906
2026-07-24,64098.49609375,1860.1767578125,25917559237,9056489653
2026-07-25,64311.8125,1873.222412109375,13817493398,4367514252
2026-07-26,65340.30078125,1953.4112548828125,14301494281,6638236222
2026-07-27,63724.8984375,1890.613525390625,26183821002,13679804759
2026-07-28,63871.36328125,1919.948486328125,24128738898,11476069704
2026-07-29,63908.16796875,1908.51904296875,28611167472,12003429702
2026-07-30,64725.30859375,1917.3729248046875,26250039650,8075086285
2026-07-31,62813.74609375,1860.345947265625,30439749629,10253082786
2026-08-01,62763.3203125,1843.417724609375,13553286543,4889749337
2026-08-02,63482.0,1882.52197265625,15901776708,5798420478
2026-08-03,63460.8984375,1858.2564697265625,26038889824,7822619495
2026-08-04,64055.953125,1868.3858642578125,23662357784,7950029763
2026-08-05,64597.5,1906.5260009765625,23568584891,9791973976
2026-08-06,64262.11328125,1902.0574951171875,18529402711,7974662808
2026-08-07,64880.19140625,1913.2794189453125,22165720102,9081145963
2026-08-08,64904.6875,1915.532958984375,12350094271,3746718589
2026-08-09,64844.88671875,1908.6827392578125,13234538380,4645577105
2026-08-10,63910.5859375,1871.2786865234375,22384770392,8786188281
2026-08-11,63551.875,1881.37353515625,20824820662,7957496158
2026-08-12,63402.43359375,1878.135009765625,23063864553,7655429787
2026-08-13,63402.171875,1883.9913330078125,18765583756,7043525922
2026-08-14,62975.59375,1880.6500244140625,20280053024,5615035669
2026-08-15,63024.3203125,1880.9083251953125,10033057106,3145101774
2026-08-16,62818.65234375,1873.9429931640625,9078986635,3727196539
2026-08-17,64506.25390625,1912.2021484375,21555405073,7808026613
2026-08-18,64680.7109375,1916.4595947265625,18728001793,6819426768
2026-08-19,69266.1875,2251.4580078125,46228098443,29624109549
2026-08-20,73032.7578125,2326.384765625,55444322363,27856115157
2026-08-21,78335.1875,2515.28173828125,74478039014,33328570085
2026-08-22,77083.4140625,2424.251220703125,42131959963,23985294650
2026-08-23,77755.265625,2463.81591796875,31158396908,18269251440
2026-08-24,78964.484375,2481.831298828125,55502180329,22852234269
2026-08-25,78564.9765625,2443.159423828125,46728068401,17270862024
2026-08-26,79027.421875,2506.260986328125,29329039002,13160062688
2026-08-27,80257.5390625,2510.41015625,34033075972,16865824214
2026-08-28,77830.2890625,2442.535888671875,39362871737,16663209345
2026-08-29,78245.8125,2457.686279296875,14053131399,5787124142
2026-08-30,77667.5703125,2417.938720703125,19314839672,12029653088
2026-08-31,78548.6328125,2466.8203125,30608386987,13784743627
2026-09-01,77403.625,2417.842041015625,30608796575,14125056444
2026-09-02,77300.4765625,2391.5009765625,26525296646,14227785690
2026-09-03,81271.7421875,2508.020751953125,40504199354,18436029856
2026-09-04,79671.96875,2456.078125,37501874897,19101694317
2026-09-05,79823.8671875,2480.735595703125,18559708494,7652004156
2026-09-06,80350.046875,2514.548828125,19391863269,11306580189
2026-09-07,79115.8515625,2490.9580078125,23414434445,12923076237
2026-09-08,78438.578125,2484.94140625,34680168667,13471038160
2026-09-09,78259.5234375,2466.913818359375,29192409298,14955608804
2026-09-10,76568.125,2437.0986328125,30120111719,16781828594
2026-09-11,77173.796875,2514.73388671875,37410998193,27812010346
2026-09-12,77270.46875,2525.944580078125,12664765797,8012825772
2026-09-13,76838.15625,2477.020751953125,13607872549,9643847552
2026-09-14,78163.3828125,2514.406982421875,29909358382,16009578199
2026-09-15,75612.5078125,2399.0869140625,39694675220,20275242052
2026-09-16,76150.3203125,2416.119873046875,30053315577,15926017443
2026-09-17,76403.7734375,2447.106689453125,21917458567,11698754081
2026-09-18,80901.4609375,2611.34716796875,40378562386,22570923683
2026-09-19,81233.6796875,2631.962646484375,20505634866,10007872025
2026-09-20,81142.609375,2642.99755859375,21259753701,10759191352
2026-09-21,86602.9140625,2776.46826171875,57676223471,26510460373
2026-09-22,86172.28125,2752.632568359375,40800687783,15430420481
2026-09-23,84383.0078125,2684.69189453125,46088463341,17599121476
2026-09-24,84379.0625,2687.301513671875,37106744985,14036435848
2026-09-25,84034.921875,2690.4755859375,34118533914,13236986140
2026-09-26,84406.453125,2695.213134765625,15169336375,5046145364
2026-09-27,84458.0859375,2686.9267578125,19386591468,8065975773
2026-09-28,83502.609375,2688.668701171875,42589028679,16445787505
2026-09-29,83622.4296875,2676.72216796875,28029782264,15307430182
2026-09-30,83553.8515625,2683.679443359375,36290317874,13840381650
