date,btc_close,eth_close,btc_volume,eth_volume,btc_logp,btc_ret,btc_ma50,btc_ma200,btc_vol30,eth_logp,eth_ret,eth_ma50,eth_ma200,eth_vol30
2018-01-01,13657.2001953125,772.6409912109375,10291200000,2595760128,9.522022148376909,,,,,6.649814505012866,,,,
2018-01-02,14982.099609375,884.4439697265625,16846600192,5783349760,9.61461140808905,0.09258925971214182,,,,6.784959164760742,0.13514465974787537,,,
2018-01-03,15201.0,962.719970703125,16871900160,5093159936,9.62911649414402,0.01450508605496914,,,,6.8697625810406855,0.08480341627994381,,,
2018-01-04,15599.2001953125,980.9219970703124,21783199744,6502859776,9.654974922392052,0.025858428248032084,,,,6.888492942714189,0.018730361673503282,,,
2018-01-05,17429.5,997.719970703125,23840899072,6683149824,9.765919451929346,0.11094452953729395,,,,6.90547264646076,0.016979703746571317,,,
2018-01-06,17527.0,1041.6800537109375,18314600448,4662219776,9.771497828073176,0.00557837614383061,,,,6.948590124982312,0.04311747852155179,,,
2018-01-07,16477.599609375,1153.1700439453125,15866000384,5569880064,9.709757138083843,-0.061740689989333575,,,,7.050269988965972,0.10167986398366047,,,
2018-01-08,15170.099609375,1148.530029296875,18413899776,8450970112,9.627081638528997,-0.08267549955484554,,,,7.0462381683235815,-0.0040318206423908265,,,
2018-01-09,14595.400390625,1299.739990234375,16659999744,7965459968,9.58846171632234,-0.038619922206656554,,,,7.169919515933439,0.12368134760985772,,,
2018-01-10,14973.2998046875,1255.8199462890625,18500800512,9214950400,9.614023880957864,0.025562164635523743,,,,7.135543981886457,-0.03437553404698246,,,
2018-01-11,13405.7998046875,1154.9300537109375,16534099968,7235899904,9.503442713544242,-0.11058116741362234,,,,7.05179506156446,-0.08374892032199721,,,
2018-01-12,13980.599609375,1273.199951171875,12065699840,5222300160,9.545425905381263,0.04198319183702104,,,,7.149288657057226,0.09749359549276626,,,
2018-01-13,14360.2001953125,1396.4200439453125,12763599872,5746760192,9.572215783682788,0.026789878301524794,,,,7.241667129141979,0.09237847208475358,,,
2018-01-14,13772.0,1366.77001953125,11084099584,4841630208,9.530392824458414,-0.0418229592243744,,,,7.220205585212192,-0.02146154392978783,,,
2018-01-15,13819.7998046875,1291.9200439453125,12750799872,4781100032,9.533857611304112,0.003464786845698953,,,,7.163884796936317,-0.05632078827587428,,,
2018-01-16,11490.5,1053.68994140625,18853799936,8405139968,9.34927588599696,-0.18458172530715267,,,,6.960053512585021,-0.20383128435129638,,,
2018-01-17,11188.599609375,1014.25,18830600192,8545160192,9.322650646859199,-0.02662523913776127,,,,6.9219047020865565,-0.038148810498464414,,,
2018-01-18,11474.900390625,1036.280029296875,15020399616,5938319872,9.347917354335515,0.025266707476315986,,,,6.943392684844464,0.02148798275790753,,,
2018-01-19,11607.400390625,1039.0999755859375,10740400128,4084450048,9.359398138390532,0.011480784055017068,,,,6.9461102093632086,0.0027175245187445185,,,
2018-01-20,12899.2001953125,1155.1500244140625,11801700352,3975190016,9.46492058806429,0.10552244967375835,,,,7.05198550578834,0.10587529642513172,,,
2018-01-21,11600.099609375,1049.5799560546875,9935179776,3378089984,9.358768964072674,-0.10615162399161626,,,,6.956145321260802,-0.09584018452753806,,,
2018-01-22,10931.400390625,1003.260009765625,10537400320,3810099968,9.29939469653391,-0.059374267538764514,,,,6.911009986436525,-0.045135334824276896,,,
2018-01-23,10868.400390625,986.22900390625,9660609536,3556699904,9.293614811110256,-0.005779885423653042,,,,6.893888583118518,-0.017121403318006934,,,
2018-01-24,11359.400390625,1058.780029296875,9940989952,3944039936,9.337800908366692,0.04418609725643563,,,,6.9648726085362975,0.07098402541777915,,,
2018-01-25,11259.400390625,1056.030029296875,8873169920,4050190080,9.328958648999139,-0.008842259367552785,,,,6.96227190069605,-0.0026007078402479067,,,
2018-01-26,11171.400390625,1055.1700439453125,9746199552,3617690112,9.321112254896583,-0.00784639410255572,,,,6.961457212017295,-0.0008146886787550045,,,
2018-01-27,11440.7001953125,1107.0699462890625,7583269888,3002870016,9.344932468944744,0.023820214048161148,,,,7.009472116158828,0.04801490414153342,,,
2018-01-28,11786.2998046875,1246.010009765625,8350360064,5372329984,9.374693102431156,0.029760633486411336,,,,7.127701732834893,0.11822961667606524,,,
2018-01-29,11296.400390625,1182.3599853515625,7107359744,3715079936,9.332239404450549,-0.04245369798060672,,,,7.075267707733231,-0.05243402510166195,,,
2018-01-30,10106.2998046875,1071.1300048828125,8637859840,4107859968,9.220914251420881,-0.11132515302966794,,,,6.976469449526213,-0.09879825820701793,,,
2018-01-31,10221.099609375,1118.31005859375,8041160192,3757560064,9.232209451842198,0.011295200421317375,,,1.267446821026049,7.019573948533395,0.04310449900718183,,,1.5085496973369465
2018-02-01,9170.5400390625,1036.7900390625,9959400448,5261680128,9.12375145545347,-0.10845799638872755,,,1.2572701907906803,6.943884718166153,-0.07568923036724229,,,1.4712971336963965
2018-02-02,8830.75,915.7849731445312,12726899712,6713290240,9.085995227703346,-0.03775622775012444,,,1.2543330855147272,6.8197815916416955,-0.12410312652445743,,,1.509170635610442
2018-02-03,9174.91015625,964.0189819335938,7263790080,3243480064,9.124227880640495,0.038232652937148615,,,1.260519058737699,6.871110985219167,0.051329393577471905,,,1.5189676403760048
2018-02-04,8277.009765625,834.6820068359375,7073549824,2997090048,9.02123704273549,-0.10299083790500418,,,1.2054112935246646,6.727050822180042,-0.14406016303912583,,,1.597376173177172
2018-02-05,6955.27001953125,697.9509887695312,9285289984,4269530112,8.847254927404242,-0.17398211533124908,,,1.3068594013141162,6.5481488836345045,-0.17890193854553704,,,1.6962091583812917
2018-02-06,7754.0,793.1220092773438,13999800320,6518269952,8.955964118230874,0.108709190826632,,,1.3887552576220297,6.675977067652835,0.1278281840183304,,,1.7208014197960002
2018-02-07,7621.2998046875,757.0679931640625,9169280000,3896179968,8.93870221217689,-0.017261906053983367,,,1.3732953982274554,6.629453068643127,-0.04652399900970838,,,1.724555845938184
2018-02-08,8265.58984375,817.8070068359375,9346750464,3708189952,9.019856374163592,0.08115416198670111,,,1.4188813271257712,6.706626375802785,0.07717330715965875,,,1.6850366583511573
2018-02-09,8736.98046875,883.864990234375,6784820224,2495820032,9.075319924831478,0.055463550667886,,,1.4344367736344958,6.78430432499463,0.07767794919184468,,,1.7142669332241223
2018-02-10,8621.900390625,860.4149780273438,7780960256,2930530048,9.06206080230889,-0.013259122522587319,,,1.3949668057061229,6.757414805456075,-0.026889519538555007,,,1.6955631808773224
2018-02-11,8129.97021484375,814.6599731445312,6122189824,2486650112,9.003312538924291,-0.05874826338459904,,,1.3876686221228964,6.702770815318589,-0.05464399013748622,,,1.6569835989604167
2018-02-12,8926.5703125,868.7069702148438,6256439808,2243450112,9.096787536549419,0.0934749976251279,,,1.4335382440665854,6.767005864964367,0.0642350496457782,,,1.636839190575092
2018-02-13,8598.3095703125,845.2579956054688,5696719872,2081170048,9.059320901329269,-0.03746663522015048,,,1.432624987522228,6.739641900999592,-0.027363963964774918,,,1.6372245758518724
2018-02-14,9494.6298828125,923.5609741210938,7909819904,2818370048,9.158481642266786,0.09916074093751703,,,1.4866085642216809,6.828236822496114,0.08859492149652226,,,1.670028256513012
2018-02-15,10166.400390625,936.9760131835938,9062540288,2900100096,9.226843482498335,0.06836184023154956,,,1.3758033350374734,6.842657682320132,0.01442085982401764,,,1.5199254807353937
2018-02-16,10233.900390625,944.2100219726562,7296159744,2369449984,9.233461056136607,0.006617573638271423,,,1.3738322382875414,6.850348622303533,0.0076909399834006464,,,1.5153331953611284
2018-02-17,11112.7001953125,974.114990234375,8660880384,2525720064,9.315843894986095,0.0823828388494885,,,1.402749942894748,6.881529356462913,0.031180734159380386,,,1.5176305748279384
2018-02-18,10551.7998046875,923.9210205078124,8744009728,2567290112,9.264051721954807,-0.0517921730312878,,,1.4129499681152924,6.828626592347538,-0.05290276411537498,,,1.5277923974153107
2018-02-19,11225.2998046875,943.864990234375,7652089856,2169019904,9.325925420911915,0.06187369895710759,11550.00263671875,,1.3784677951610946,6.849983137097816,0.021356544750277706,1018.9960607910157,,1.479011653795995
2018-02-20,11403.7001953125,895.3709716796875,9926540288,2545260032,9.341693160254554,0.015767739342638976,11504.93263671875,,1.3302113451841302,6.7972381258930135,-0.05274501120480224,1021.4506604003906,,1.4537563261313744
2018-02-21,10690.400390625,849.9710083007812,9405339648,2531729920,9.277101458006642,-0.06459170224791144,11419.09865234375,,1.3332353913376709,6.745202241021241,-0.05203588487177235,1020.761201171875,,1.456333367606323
2018-02-22,10005.0,812.844970703125,8040079872,2150370048,9.210840247017833,-0.06626121098880944,11315.17865234375,,1.3526605116510437,6.700540403422518,-0.04466183759872333,1017.763701171875,,1.462249286337244
2018-02-23,10301.099609375,864.1890258789062,7739500032,2334820096,9.240005926711225,0.02916567969339212,11209.216640625,,1.3471025984173817,6.7617915248276494,0.06125112140513167,1015.4290417480469,,1.4561440063073725
2018-02-24,9813.0703125,840.5150146484375,6917929984,1926579968,9.191470481420811,-0.04853544529041365,11056.888046875,,1.3562567610622076,6.734014816637282,-0.02777670819036704,1012.2849426269531,,1.4578837837779537
2018-02-25,9664.73046875,844.8099975585938,5706939904,1646960000,9.176238503902304,-0.015231977518507023,10899.64265625,,1.3567250177523313,6.739111747113263,0.005096930475980699,1008.3475415039062,,1.4583762593917378
2018-02-26,10366.7001953125,869.3150024414062,7287690240,2044480000,9.246354043768504,0.07011553986619923,10777.42466796875,,1.3784650918647043,6.767705548007429,0.028593800894165966,1002.6704406738281,,1.4506390589100713
2018-02-27,10725.599609375,878.2650146484375,6966179840,2053980032,9.280388649867477,0.034034606098973796,10688.53466796875,,1.3798346322563304,6.77794838709822,0.01024283909079049,997.2651403808594,,1.379471794407846
2018-02-28,10397.900390625,855.198974609375,6936189952,1963980032,9.249359179231012,-0.031029470636465106,10604.58466796875,,1.3763091476447107,6.751334160703306,-0.026614226394913842,988.3743200683593,,1.3727896903361805
2018-03-01,10951.0,872.2000122070312,7317279744,1868519936,9.301186055275759,0.05182687604474623,10524.138671875,,1.3312504544387858,6.771018769404345,0.019684608701039608,980.7019213867187,,1.3389877218545323
2018-03-02,11086.400390625,856.85302734375,7620590080,1894419968,9.313474446107728,0.01228839083196931,10477.75068359375,,1.3313358965469115,6.753266407208804,-0.01775236219554177,974.740380859375,,1.3271867189625481
2018-03-03,11489.7001953125,857.2249755859375,6690570240,1699369984,9.349206277840285,0.035731831732556785,10427.9326953125,,1.27354508051395,6.7537003994161475,0.0004339922073439695,966.4208813476563,,1.3053356709449673
2018-03-04,11512.599609375,866.677978515625,6084149760,1697939968,9.351197332806262,0.001991054965976957,10370.98068359375,,1.263266767868322,6.764667487389699,0.01096708797355106,955.8260400390625,,1.2350983435761205
2018-03-05,11573.2998046875,853.6840209960938,6468539904,1898489984,9.356455983041569,0.0052586502353069164,10327.0066796875,,1.258838623370459,6.749561126488499,-0.015106360901199878,945.5643200683594,,1.2207600474265226
2018-03-06,10779.900390625,816.9509887695312,6832169984,1943069952,9.285438604218534,-0.0710173788230346,10266.20869140625,,1.2280025710609932,6.7055791037943955,-0.04398202269410323,936.0649389648438,,1.1222305420017733
2018-03-07,9965.5703125,752.8309936523438,8797910016,2175419904,9.206891462569693,-0.07854714164884058,10235.71009765625,,1.0861323329955062,6.623840758587773,-0.08173834520662204,930.0477600097656,,0.9687355972807535
2018-03-08,9395.009765625,704.5960083007812,7186089984,1891640064,9.147933951296201,-0.05895751127349236,10199.83830078125,,1.0552225777650481,6.557624600692085,-0.06621615789568835,923.8546801757813,,0.8857210210216734
2018-03-09,9337.5498046875,728.916015625,8704190464,2233019904,9.141799163262188,-0.006134788034012573,10157.0912890625,,1.0527933052832228,6.5915585204680855,0.033933919776000465,917.7073999023437,,0.8814910251558424
2018-03-10,8866.0,686.8900146484375,5386319872,1532960000,9.089979015305,-0.05182014795718892,10102.26328125,,1.0365912863751447,6.532174184279756,-0.05938433618832928,910.6632006835938,,0.8569049627410298
2018-03-11,9578.6298828125,723.3389892578125,6296370176,1562680064,9.167289842241223,0.07731082693622326,10035.851875,,1.053349577268812,6.583877977086257,0.05170379280650117,902.0269799804687,,0.829399790277048
2018-03-12,9205.1201171875,699.8309936523438,6457399808,1764999936,9.127515142706157,-0.03977469953506585,9987.95228515625,,1.062542037124557,6.550838868253137,-0.03303910883312078,895.0320007324219,,0.8315602336571275
2018-03-13,9194.849609375,690.8270263671875,5991139840,1425959936,9.126398781208636,-0.0011163614975213676,9953.22126953125,,1.0397177745396615,6.537889468794992,-0.012949399458144661,888.7833410644531,,0.8139525301759352
2018-03-14,8269.8095703125,614.291015625,6438230016,1810560000,9.020366761188232,-0.1060320200204039,9901.249453125,,1.0566220469251857,6.420468782676311,-0.11742068611868106,881.3445812988281,,0.8632171752828093
2018-03-15,8300.8603515625,611.3040161132812,6834429952,1770460032,9.024114445227452,0.0037476840392205446,9840.07865234375,,1.0492326750946888,6.415594406804169,-0.004874375872142345,872.3950610351562,,0.8615948641847385
2018-03-16,8338.349609375,601.666015625,5289379840,1417350016,9.028620587206118,0.004506141978666278,9781.65763671875,,0.9853077655829325,6.399702500034574,-0.0158919067695944,863.3077807617187,,0.7834181497771666
2018-03-17,7916.8798828125,552.7789916992188,4426149888,1267810048,8.976752452997792,-0.05186813420832692,9716.5672265625,,0.9626563181648353,6.31495826829285,-0.08474423174172419,853.2599597167969,,0.8134694599129642
2018-03-18,8223.6796875,538.6439819335938,6639190016,2685499904,9.014773038432056,0.03802058543426412,9652.22681640625,,0.9749493679514213,6.2890548367791235,-0.025903431513726538,841.8914404296875,,0.8087550892841773
2018-03-19,8630.650390625,556.7260131835938,6729110016,2046790016,9.063075145157223,0.04830210672516699,9589.113828125,,0.942193363657268,6.322073221569644,0.03301838479052055,828.1057604980468,,0.8102059749716584
2018-03-20,8913.4697265625,557.1749877929688,6361789952,1833680000,9.095318864028096,0.032243718870873295,9541.45521484375,,0.9391020786129886,6.322879351797187,0.000806130227543278,815.602060546875,,0.8032553299876487
2018-03-21,8929.2802734375,561.7319946289062,6043129856,1781270016,9.097091074142911,0.0017722101148152092,9517.91482421875,,0.9076029564184894,6.331024858266762,0.00814550646957457,805.4141003417968,,0.7966392676544446
2018-03-22,8728.4697265625,539.7020263671875,5530390016,1523459968,9.074345344415175,-0.022745729727736475,9488.0622265625,,0.9050460433662693,6.291017184235276,-0.04000767403148586,793.8419396972656,,0.7907230089788507
2018-03-23,8879.6201171875,539.6190185546875,5954120192,1596349952,9.091514055475141,0.017168711059966313,9482.243828125,,0.8864784441775315,6.290863369366097,-0.00015381486917931397,783.8985192871094,,0.7823498061507903
2018-03-24,8668.1201171875,526.4390258789062,5664600064,1300009984,9.067407220103785,-0.024106835371355828,9478.99123046875,,0.8623902272444764,6.266135514571026,-0.02472785479507067,776.1116003417969,,0.7759474691078375
2018-03-25,8495.7802734375,524.2869873046875,4569880064,1151170048,9.04732488079294,-0.020082339310844688,9465.4086328125,,0.8550684210434143,6.262039220091939,-0.004096294479086993,767.3169604492188,,0.727650509379977
2018-03-26,8209.400390625,489.9509887695313,5921039872,1638880000,9.013035165750736,-0.03428971504220435,9464.0564453125,,0.8476494043870152,6.194305363182723,-0.06773385690921607,760.4223400878906,,0.7483870838019189
2018-03-27,7833.0400390625,450.1159973144531,5378250240,1617939968,8.96610596894137,-0.04692919680936569,9481.611845703124,,0.8591514989973936,6.109505321356816,-0.08480004182590672,755.4656402587891,,0.7785647362279631
2018-03-28,7954.47998046875,446.2789916992188,4935289856,1514179968,8.981490568486674,0.015384599545303246,9485.6214453125,,0.8175190069373156,6.100944298376767,-0.008561022980049238,748.5287799072265,,0.7593334237315371
2018-03-29,7165.7001953125,385.9679870605469,6361229824,1970230016,8.877061059885671,-0.10442950860100275,9476.509453125,,0.867295297301122,5.955754430949224,-0.14518986742754336,741.1067797851563,,0.862258691333218
2018-03-30,6890.52001953125,394.6449890136719,6289509888,1878130048,8.837901835692483,-0.03915922419318818,9449.008056640625,,0.8698298678104289,5.977986598781698,0.022232167832473948,732.6435394287109,,0.8794847795921362
2018-03-31,6973.52978515625,396.4570007324219,4553269760,1323920000,8.84987680098146,0.011974965288978012,9413.73904296875,,0.8427199904532519,5.98256758811319,0.004580989331492091,722.8953796386719,,0.8711969909552589
2018-04-01,6844.22998046875,379.6069946289063,4532100096,1256930048,8.831161237672049,-0.01871556330941182,9378.185634765625,,0.836983274089774,5.939136492880305,-0.04343109523288469,713.2792199707031,,0.8726359684520834
2018-04-02,7083.7998046875,386.4249877929688,4333440000,1102259968,8.865565738295533,0.034404500623484324,9357.2622265625,,0.8359613564924357,5.95693776844873,0.017801275568425368,704.7145202636718,,0.8815990884445647
2018-04-03,7456.10986328125,416.89300537109375,5499700224,1363399936,8.916789091139012,0.05122335284347912,9327.853017578125,,0.8664685902137889,6.0328296070321485,0.07589183858341819,695.6782409667969,,0.943308607566062
2018-04-04,6853.83984375,380.5429992675781,4936000000,1287730048,8.832564335331957,-0.08422475580705502,9292.963623046875,,0.8965085233791116,5.94159917819043,-0.09123042884171895,686.3839410400391,,0.9708434803942424
2018-04-05,6811.47021484375,383.2319946289063,5639320064,1210680064,8.826363266421652,-0.006201068910305807,9239.3004296875,,0.8760497989029488,5.9486405359018,0.0070413577113708214,675.5773614501953,,0.9758652224462776
2018-04-06,6636.31982421875,370.2850036621094,3766810112,967105984,8.800312845480313,-0.02605042094133836,9168.698818359375,,0.8470050804799555,5.914272989292621,-0.03436754660917973,664.2435412597656,,0.9551092679783283
2018-04-07,6911.08984375,385.3139953613281,3976610048,951475008,8.840882624115416,0.04056977863510269,9102.242607421875,,0.850988804350104,5.954058574256445,0.03978558496382423,653.0656207275391,,0.9671446553919432
2018-04-08,7023.52001953125,400.5079956054688,3652499968,948488000,8.857019798630859,0.01613717451544261,9020.45900390625,,0.855871407442969,5.992733730367734,0.0386751561112888,641.5934808349609,,0.9706149568954852
2018-04-09,6770.72998046875,398.5260009765625,4894060032,1478390016,8.820364185864404,-0.036655612766454126,8944.837607421876,,0.8480307540693482,5.987772743219868,-0.004960987147865303,631.085580444336,,0.9613120959317863
2018-04-10,6834.759765625,414.2430114746094,4272750080,1196000000,8.82977660086296,0.009412414998555718,8857.026806640624,,0.792306248480547,6.026452785855639,0.03868004263577074,620.4931408691406,,0.9504130132724095
2018-04-11,6968.31982421875,430.5400085449219,4641889792,1439040000,8.84912941647711,0.019352815614150032,8768.31919921875,,0.7923570059003922,6.0650402546132876,0.0385874687576484,611.1965216064453,,0.9693481814255422
2018-04-12,7889.25,492.9410095214844,8906250240,2519360000,8.973256352287493,0.12412693581038248,8712.29619140625,,0.9189180316985411,6.200389510740289,0.1353492561270011,604.0559216308594,,1.1042285785127433
2018-04-13,7895.9599609375,492.7349853515625,7764460032,2419249920,8.974106510297206,0.000850158009713553,8670.115390625,,0.843716103974186,6.199971474440341,-0.00041803629994774383,597.6537219238281,,1.0359438864450712
2018-04-14,7986.240234375,501.4779968261719,5191430144,1519079936,8.985475369110985,0.01136885881377836,8623.818203125,,0.8447356536450977,6.217559731715981,0.01758825727563984,590.3995013427734,,1.039576083047796
2018-04-15,8329.1103515625,531.7020263671875,5244480000,1726089984,9.027511928924593,0.04203655981360832,8594.13900390625,,0.8580147695261533,6.276083231613032,0.05852349989705097,584.2232415771484,,1.0633389063468661
2018-04-16,8058.669921875,511.1470031738281,5631309824,1758979968,8.994503799783153,-0.03300812914143947,8562.01779296875,,0.8461146951471572,6.236657226276374,-0.039426005336657965,577.5499816894531,,1.0313602262770412
2018-04-17,7902.08984375,502.8940124511719,6900879872,1760359936,8.974882540654866,-0.019621259128287605,8512.7255859375,,0.8378699882825403,6.220379437064432,-0.016277789211941673,570.2215618896485,,1.0291682025709121
2018-04-18,8163.419921875,524.7890014648438,6529909760,1762940032,9.007418468229812,0.032535927574945944,8461.4819921875,,0.8278604400005923,6.262996279835654,0.04261684277122235,563.1520416259766,,1.033846697600865
2018-04-19,8294.3095703125,567.8889770507812,7063209984,2256869888,9.02332496471944,0.015906496489627386,8419.41017578125,,0.8213264588031867,6.341925936677016,0.07892965684136133,557.4058416748047,,1.0717059028351588
2018-04-20,8845.830078125,615.718017578125,8438110208,2849469952,9.087701449349929,0.06437648463048973,8377.30677734375,,0.8537192620711422,6.42278909505587,0.08086315837885394,552.2762017822265,,1.1075365302650948
2018-04-21,8895.580078125,605.39501953125,7548550144,2612460032,9.093309811928068,0.0056083625781386814,8333.49037109375,,0.8500628558157106,6.405881169813194,-0.016907925242676036,547.2470416259765,,1.0991301721306463
2018-04-22,8802.4599609375,621.8599853515625,6629899776,2426269952,9.082786502417614,-0.010523309510453771,8279.74556640625,,0.8487694733037242,6.4327149634630905,0.026833793649896798,542.5397418212891,,1.1019269185183198
2018-04-23,8930.8798828125,642.5479736328125,6925190144,2386830080,9.097270200126696,0.014483697709081866,8228.111171875,,0.8458093113627178,6.465441481114706,0.03272651765161516,538.0571417236329,,1.1008195230973297
2018-04-24,9697.5,708.1580200195312,10678800384,3581860096,9.179623399314123,0.0823531991874269,8190.59517578125,,0.8880926875948113,6.5626672609080465,0.0972257797933409,535.1466217041016,,1.1442536637095702
2018-04-25,8845.740234375,615.416015625,11083100160,4216140032,9.087691292676618,-0.09193210663750406,8151.91197265625,,0.9408970625489773,6.42229848728931,-0.14036877361873668,531.1159222412109,,1.2311264311555443
2018-04-26,9281.509765625,662.8090209960938,8970559488,2984009984,9.135779502808935,0.04808821013231679,8138.23076171875,,0.9364472705739646,6.496486895894448,0.07418840860513853,529.3154827880859,,1.205577738981818
2018-04-27,8987.0498046875,647.031982421875,7566289920,2598129920,9.103539909502091,-0.03223959330684423,8130.0715625,,0.9449154501987594,6.4723957251522535,-0.02409117074219491,528.1642022705078,,1.210265117161237
2018-04-28,9348.48046875,683.677978515625,7805479936,2496659968,9.14296909236423,0.03942918286213981,8130.29017578125,,0.8670399933614996,6.5274870151215465,0.05509128996929302,527.2594415283203,,1.0762764383563237
2018-04-29,9419.080078125,688.8809814453125,8853000192,2740559872,9.150492706551727,0.007523614187496364,8141.35177734375,,0.8496119374315014,6.535068515083958,0.007581499962411087,527.2992608642578,,1.0769455646696415
2018-04-30,9240.5498046875,669.9240112304688,8673920000,2853100032,9.131356665537323,-0.019136041014403915,8134.59017578125,,0.8558028418407416,6.507164289878995,-0.027904225204962607,526.230961303711,,1.0881589310321833
2018-05-01,9119.009765625,673.6129760742188,7713019904,2678960128,9.118116498842731,-0.013240166694592048,8132.86796875,,0.8537508486024742,6.512655726510713,0.005491436631717583,525.7066009521484,,1.0668597617887279
2018-05-02,9235.919921875,687.1489868164062,7558159872,2822269952,9.130855500219715,0.012739001376983694,8133.689375,,0.849149442056142,6.532551134527543,0.019895408016830096,525.6330401611328,,1.0668522545804968
2018-05-03,9743.8603515625,779.5430297851562,10207299584,4210939904,9.18439265811078,0.053537157891065945,8163.170390625,,0.850639944834141,6.658707888751249,0.12615675422370654,528.9380804443359,,1.1138498322038735
2018-05-04,9700.759765625,785.6240234375,8217829888,3533410048,9.179959487777218,-0.004433170333562941,8191.16837890625,,0.7835585215065551,6.666478336304758,0.0077704475535087525,532.4244805908203,,1.0395013252680383
2018-05-05,9858.150390625,816.1199951171875,7651939840,3035040000,9.196053842842302,0.016094355065083832,8221.56439453125,,0.781045877821567,6.704561396992589,0.03808306068783107,536.7135601806641,,1.0387050470201462
2018-05-06,9654.7998046875,792.3109741210938,7222280192,3105570048,9.17521045976287,-0.020843383079432343,8256.32279296875,,0.7780313565813216,6.674953958842196,-0.029607438150392795,541.5041998291016,,1.0353968242557552
2018-05-07,9373.009765625,753.7249755859375,7394019840,4316120064,9.14558953663488,-0.029620923127989585,8279.30939453125,,0.7846483715156414,6.62502754760428,-0.04992641123791586,545.8058197021485,,1.0664806959791404
2018-05-08,9234.8203125,752.8569946289062,7415869952,2920489984,9.13073643521611,-0.01485310141877072,8291.39279296875,,0.7891087915064222,6.623875295592475,-0.0011522520118054658,549.7284393310547,,1.0678618679514613
2018-05-09,9325.1796875,752.2750244140625,7226890240,2877870080,9.14047351376336,0.009737078547251699,8299.6269921875,,0.7716325199087761,6.623101981044006,-0.0007733145484687398,553.6304400634766,,1.0666778673840742
2018-05-10,9043.9404296875,727.2769775390625,6906699776,2748950016,9.109850246654307,-0.030623267109053387,8301.9201953125,,0.7849750693154715,6.589307391962737,-0.03379458908126942,556.9413397216797,,1.0815624173271545
2018-05-11,8441.490234375,679.5859985351562,8488520192,3290080000,9.040914140057609,-0.06893610659669847,8296.18060546875,,0.8299168182145847,6.521483787076944,-0.06782360488579275,559.739019165039,,1.1200173353434084
2018-05-12,8504.8896484375,686.0479736328125,6821380096,2668480000,9.04839652984132,0.00748238978371063,8288.68599609375,,0.7131669992410268,6.530947557690076,0.00946377061313175,562.6675982666015,,1.0327433302767746
2018-05-13,8723.9404296875,733.4959716796875,5866379776,2362500096,9.07382629897261,0.025429769131291025,8289.80240234375,,0.7175890567395706,6.597822105652056,0.06687454796198011,566.8087371826172,,1.0498953717222268
2018-05-14,8716.7900390625,730.5490112304688,7364149760,3005110016,9.073006334345735,-0.0008199646268760574,8294.22259765625,,0.7171284974782905,6.593796321658097,-0.004025783993959031,570.9339776611328,,1.0514799876875696
2018-05-15,8510.3798828125,708.8709716796875,6705710080,2523069952,9.04904186014954,-0.02396447419619463,8300.2421875,,0.7087176151741823,6.563673523623194,-0.030122798034902587,575.312377319336,,1.0481465039115536
2018-05-16,8368.830078125,707.0499877929688,6760220160,2476130048,9.032269378101693,-0.016772482047846538,8310.95798828125,,0.7012163265750998,6.56110136748905,-0.002572156134144521,580.4510571289062,,1.0342471481220834
2018-05-17,8094.31982421875,672.656982421875,5862530048,2350619904,8.998917838396052,-0.03335153970564164,8313.75478515625,,0.7079651672958205,6.511235515345787,-0.04986585214326311,584.9786169433594,,1.051807812084834
2018-05-18,8250.9697265625,694.3670043945312,5764190208,2305740032,9.018086015034772,0.01916817663872017,8335.46017578125,,0.7019331336626404,6.543000645504241,0.031765130158454724,591.146597290039,,1.048207715978183
2018-05-19,8247.1796875,696.530029296875,4712399872,2021549952,9.017626564822017,-0.00045945021275528575,8362.593369140624,,0.6996873447293003,6.546110906858832,0.0031102613545908042,597.1842980957031,,1.017768242306966
2018-05-20,8513.25,715.3690185546875,5191059968,2156910080,9.049379052303559,0.031752487481542246,8393.3877734375,,0.6704387506793107,6.572798519421814,0.026687612562981577,603.5625384521485,,0.9851738676816773
2018-05-21,8418.990234375,699.2219848632812,5154990080,2005170048,9.038245175386285,-0.011133876917273966,8424.882978515625,,0.6708177900017338,6.549968266729276,-0.02283025269253791,609.954838256836,,0.9870462741253702
2018-05-22,8041.77978515625,647.7410278320312,5137010176,2230469888,8.992405703988071,-0.04583947139821376,8444.042578125,,0.6876733001315319,6.473490968064207,-0.07647729866506836,615.1811590576172,,1.0231442169631184
2018-05-23,7557.81982421875,583.5850219726562,6491120128,2995429888,8.930338044543346,-0.062067659444725365,8446.07677734375,,0.7144769681154245,6.369190151433497,-0.10430081663071,618.5149993896484,,1.0803128365611085
2018-05-24,7587.33984375,601.7550048828125,6049220096,2791099904,8.934236327237235,0.0038982826938891435,8460.74677734375,,0.6416672375152662,6.39985039384141,0.03066024240791254,622.9392395019531,,1.0260102159282856
2018-05-25,7480.14013671875,586.7340087890625,4867829760,2110919936,8.920006805648475,-0.014229521588760008,8474.12017578125,,0.5669027050273775,6.374571580485112,-0.025278813356298002,627.0092797851562,,0.9071465612202774
2018-05-26,7355.8798828125,587.280029296875,4051539968,1694300032,8.903255256446315,-0.016751549202160376,8488.511376953125,,0.5337774947576212,6.375501757688227,0.0009301772031147237,631.3491802978516,,0.8651398564434637
2018-05-27,7368.22021484375,572.6680297851562,4056519936,1788790016,8.904931465496615,0.0016762090503004146,8497.653984375,,0.5272631107747435,6.350306194173298,-0.02519556351492902,635.0962609863282,,0.8654706447887582
2018-05-28,7135.990234375,516.0360107421875,5040600064,2356900096,8.872906305757647,-0.0320251597389678,8499.903388671875,,0.507245352357311,6.246176551306529,-0.10412964286676907,637.4068212890625,,0.9057398828101709
2018-05-29,7472.58984375,565.3880004882812,5662660096,2330820096,8.918996917337738,0.04609061158009098,8513.9405859375,,0.5398502283924241,6.337512221985606,0.09133567067907755,640.7440612792968,,0.9702909577645839
2018-05-30,7406.52001953125,559.5900268554688,4922540032,2053970048,8.910115974986287,-0.008880942351451537,8525.375791015626,,0.5383027997252907,6.32720442071591,-0.010307801269695993,643.651001586914,,0.9673616790815449
2018-05-31,7494.169921875,577.64501953125,5127130112,1985040000,8.921880653486085,0.01176467849979801,8535.89279296875,,0.5419272071910284,6.358959526943014,0.03175510622710398,646.5931018066407,,0.9755907335397717
2018-06-01,7541.4501953125,580.0430297851562,4921460224,1945890048,8.92816977610409,0.006289122618005294,8528.936796875,,0.5395006292010817,6.3631022900733285,0.004142763130314364,648.3351422119141,,0.9720471712614156
2018-06-02,7643.4501953125,591.8079833984375,4939299840,1880390016,8.941604376466762,0.013434600362671745,8523.8866015625,,0.4997626704398741,6.3831822299028955,0.020079939829567017,650.3166021728516,,0.8543017511152036
2018-06-03,7720.25,618.3289794921875,4851760128,1832550016,8.951602025914179,0.00999764944741699,8518.566796875,,0.5036128088580337,6.427020645096109,0.04383841519321319,652.6536218261718,,0.8723832265131302
2018-06-04,7514.47021484375,592.9849853515625,4993169920,1903430016,8.924585802675264,-0.02701622323891506,8502.273994140625,,0.500511635601213,6.385169078865306,-0.041851566230802995,653.8792810058594,,0.8637721984877629
2018-06-05,7633.759765625,609.302978515625,4961739776,1844269952,8.940335763806218,0.01574996113095395,8493.775791015625,,0.5059047133648404,6.412315645664665,0.02714656679935956,655.8424005126953,,0.870748562315226
2018-06-06,7653.97998046875,607.1240234375,4692259840,1756530048,8.942981050417654,0.0026452866114361484,8488.81359375,,0.5009059024558883,6.408733092161424,-0.003582553503241215,657.9270007324219,,0.858081335061595
2018-06-07,7678.240234375,605.18701171875,4485799936,1880140032,8.946145663736932,0.0031646133192779757,8479.11,,0.5011815734495912,6.405537520545027,-0.0031955716163967196,659.5349609375,,0.8579293693554372
2018-06-08,7624.919921875,601.0770263671875,4227579904,1637779968,8.939177099371285,-0.0069685643656463014,8465.72220703125,,0.49789185223110455,6.398723089995471,-0.006814430549556327,660.1987219238281,,0.8576116099403965
2018-06-09,7531.97998046875,597.56201171875,3845220096,1519309952,8.92691323184318,-0.012263867528105266,8439.445205078126,,0.4908622044989902,6.392858063723691,-0.005865026271780316,659.8356018066406,,0.8523422575761316
2018-06-10,6786.02001953125,526.47900390625,5804839936,2234880000,8.822619895462319,-0.10429333638086113,8397.25400390625,,0.5586442091967194,6.266211452158249,-0.12664661156544188,658.2572814941407,,0.9269936039881349
2018-06-11,6906.919921875,533.2839965820312,4745269760,1982119936,8.840279075258191,0.017659179795872504,8359.343203125,,0.5631378704502602,6.2790541088720895,0.012842656713840661,656.48576171875,,0.9278926245410852
2018-06-12,6582.35986328125,496.8429870605469,4654380032,1932760064,8.792148601858809,-0.04813047339938237,8312.372802734375,,0.5683535677575704,6.208274054775598,-0.0707800540964918,653.5716619873047,,0.911431239236809
2018-06-13,6349.89990234375,477.4939880371094,5052349952,2080130048,8.756194328352061,-0.03595427350674818,8245.42080078125,,0.5748614938284706,6.1685515693433235,-0.03972248543227419,648.9583813476562,,0.9155107263234847
2018-06-14,6675.35009765625,519.7420043945312,5138710016,2458650112,8.806176930980124,0.04998260262806298,8202.012998046876,,0.6099544601074428,6.253332543059488,0.08478097371616489,647.0449011230469,,0.9760465610281809
2018-06-15,6456.580078125,491.0039978027344,3955389952,1808269952,8.772855056924111,-0.03332187405601239,8145.514404296875,,0.6156227804468285,6.196452269925802,-0.05688027313368682,643.6088006591797,,0.9889010706148563
2018-06-16,6550.16015625,499.6419982910156,3194170112,1314109952,8.787244779666246,0.014389722742134126,8096.776611328125,,0.6140302865536353,6.213891838551354,0.017439568625552404,640.6610009765625,,0.9844538004957557
2018-06-17,6499.27001953125,500.447998046875,3104019968,1264870016,8.779445144889586,-0.007799634776660014,8039.79240234375,,0.6066956121486193,6.215503693351052,0.0016118547996981647,636.9964013671874,,0.9739495124751474
2018-06-18,6734.81982421875,518.8909912109375,4039200000,1513869952,8.815046336329047,0.03560119143946139,7986.107197265625,,0.6250635305499336,6.251693824902764,0.036190131551712135,633.5966015625,,0.986697272285008
2018-06-19,6769.93994140625,537.9569702148438,4057029888,1726569984,8.820247494582812,0.005201158253765215,7936.695,,0.6111842926206557,6.287778575949831,0.03608475104706699,630.9572607421875,,0.9916049030985992
2018-06-20,6776.5498046875,536.2680053710938,3888640000,1596290048,8.821223373047228,0.0009758784644162688,7889.84580078125,,0.6117717667051287,6.284634046128143,-0.0031445298216885575,628.210361328125,,0.9906512493574501
2018-06-21,6729.740234375,527.3670043945312,3529129984,1462070016,8.814291823732626,-0.006931549314602492,7839.72220703125,,0.5957117861234568,6.267896709190972,-0.01673733693717061,625.0147216796875,,0.9607834762012583
2018-06-22,6083.68994140625,465.8169860839844,5079810048,2226030080,8.71336668912955,-0.1009251346030755,7766.518798828125,,0.6543289236245937,6.1437928232602035,-0.1241038859307686,618.740200805664,,0.9881563546207773
2018-06-23,6162.47998046875,474.5199890136719,3431360000,1651379968,8.726234569740193,0.012867880610642146,7695.753203125,,0.6569918916867549,6.162303743640394,0.018510920380190754,612.5181201171876,,0.9831451279006085
2018-06-24,6173.22998046875,457.6719970703125,4566909952,2490579968,8.727977477567197,0.0017429078270048137,7622.054794921875,,0.6571215808607932,6.126152763944591,-0.03615097969580283,605.34916015625,,0.9862878458307152
2018-06-25,6249.18017578125,460.30999755859375,5500810240,4007950080,8.740205562251665,0.012228084684467788,7553.94240234375,,0.6591479053740849,6.131900170245363,0.005747406300771196,598.709140625,,0.9869969426376322
2018-06-26,6093.669921875,432.7720031738281,3279759872,1356560000,8.715005793634171,-0.025199768617493845,7488.35560546875,,0.6621579896749298,6.070211037763936,-0.061689132481427045,592.2900811767578,,1.0030216309884692
2018-06-27,6157.1298828125,442.364990234375,3296219904,1368940032,8.72536601983448,0.010360226200308631,7426.801796875,,0.6579487293571213,6.092135311078459,0.02192427331452329,586.0802410888672,,0.9479395542539393
2018-06-28,5903.43994140625,422.364990234375,3467800064,1360790016,8.683290500907805,-0.042075518926674604,7358.367001953125,,0.643634267353154,6.045869845989206,-0.046265465089252444,579.4820404052734,,0.8915180372338527
2018-06-29,6218.2998046875,436.0090026855469,3966230016,1564499968,8.735251805070307,0.051961304162501776,7301.854189453125,,0.6765611449323083,6.077662891497206,0.03179304550799955,573.6566809082032,,0.9031877749606075
2018-06-30,6404.0,455.1799926757813,4543860224,1475939968,8.764678074116606,0.02942626904629897,7261.104384765625,,0.6850926576894917,6.120692929024949,0.04303003752774348,569.1685607910156,,0.9103121914027231
2018-07-01,6385.81982421875,453.9179992675781,4788259840,1511730048,8.761835158692351,-0.002842915424254855,7218.72298828125,,0.683897869686781,6.1179165633745365,-0.0027763656504129486,564.5259613037109,,0.9094756188695554
2018-07-02,6614.18017578125,475.3469848632813,4396930048,1625789952,8.796971134746329,0.03513597605397756,7176.527783203125,,0.6955673975197707,6.164045031802449,0.04612846842791285,559.3629815673828,,0.9240815878177701
2018-07-03,6529.58984375,464.1950073242188,4672309760,1683939968,8.78409940923346,-0.012871725512868082,7132.783779296875,,0.6940075280101403,6.140304738341348,-0.023740293461101736,554.0359014892579,,0.9069124487780401
2018-07-04,6597.5498046875,467.3179931640625,4176689920,1549769984,8.794453617373238,0.010354208139776944,7094.527177734375,,0.691719505591202,6.1470099534890945,0.006705215147746912,549.2048419189454,,0.9009456989389291
2018-07-05,6639.14013671875,474.4119873046875,4999240192,1828610048,8.80073773660284,0.006284119229603036,7059.93337890625,,0.6890425060458785,6.162076115713112,0.015066162224017354,544.5520819091797,,0.8959963985431494
2018-07-06,6673.5,474.0119934082031,4313959936,1627609984,8.805899738914206,0.005162002311365654,7031.516982421875,,0.6894338356119644,6.161232623923924,-0.0008434917891877447,540.5791821289063,,0.8962304040675325
2018-07-07,6856.93017578125,491.6600036621094,3961080064,1358360064,8.833015124321806,0.02711538540759939,7003.63619140625,,0.6978259863056785,6.197787428140307,0.03655480421638302,536.5250421142578,,0.909676281078178
2018-07-08,6773.8798828125,489.1189880371094,3386210048,1344560000,8.820829301129049,-0.012185823192757184,6974.1701953125,,0.6983639582833887,6.192605789194337,-0.005181638945970235,532.3768212890625,,0.909696607373806
2018-07-09,6741.75,476.6820068359375,3718129920,1533799936,8.816074814121619,-0.004754487007430086,6938.7401953125,,0.6977290184711765,6.166849616241303,-0.025756172953033563,527.6030810546876,,0.9120626435169485
2018-07-10,6329.9501953125,434.4240112304688,4052430080,1789069952,8.753047647068168,-0.06302716705345013,6896.95939453125,,0.6348586588618704,6.074021041563761,-0.09282857467754191,522.3071215820313,,0.862771166952863
2018-07-11,6394.7099609375,446.51800537109375,3644859904,1422470016,8.763226358948062,0.010178711879893498,6864.017998046875,,0.6324273853624801,6.1014797250826565,0.027458683518895022,518.2826611328124,,0.8683635969733557
2018-07-12,6228.81005859375,430.0740051269531,3770170112,1495440000,8.736940591707468,-0.026285767240594282,6837.437802734375,,0.6170221897300958,6.063957298825653,-0.03752242625700308,515.2124407958985,,0.8445191552208834
2018-07-13,6238.0498046875,434.0270080566406,3805400064,1489670016,8.738422881215309,0.001482289507841017,6810.452001953125,,0.6046651551904896,6.073106762709419,0.009149463883765918,511.857880859375,,0.8362552049075356
2018-07-14,6276.1201171875,436.08599853515625,2923670016,1235820032,8.744507252800986,0.006084371585677317,6786.3716015625,,0.5772167604346882,6.077839468245615,0.004732705536195425,508.84492065429686,,0.7746214159932407
2018-07-15,6359.64013671875,449.8500061035156,3285459968,1350160000,8.757727072456404,0.013219819655418519,6766.446806640625,,0.568245808481385,6.1089142074310185,0.03107473918540382,506.0963201904297,,0.7623497363681296
2018-07-16,6741.75,480.6579895019531,4725799936,1858680064,8.816074814121619,0.05834774166521406,6753.91740234375,,0.6024065707152848,6.175155976660066,0.06624176922904734,504.2561193847656,,0.7969708193288136
2018-07-17,7321.0400390625,501.00201416015625,5961950208,2288100096,8.898507678701828,0.08243286458020904,6757.6183984375,,0.664872065696967,6.216610121356537,0.041454144696470685,503.955439453125,,0.8107943622943068
2018-07-18,7370.77978515625,480.5130004882813,6103410176,2371559936,8.90527878489932,0.006771106197492216,6755.582197265625,,0.655142041255079,6.174854284211414,-0.04175583714512232,502.257939453125,,0.8126322147295959
2018-07-19,7466.85986328125,469.6189880371094,5111629824,2068739968,8.918229823386877,0.012951038487557298,6756.788994140625,8922.298557128906,0.6560257079329617,6.151921702187724,-0.02293258202369053,500.4585186767578,695.899680480957,0.8033276004826696
2018-07-20,7354.1298828125,450.697998046875,4936869888,1821350016,8.903017323224496,-0.015212500162380849,6753.988193359375,8890.783205566406,0.6591596372810147,6.110797487811599,-0.04112421437612479,497.9195782470703,694.2899655151367,0.8133645734500204
2018-07-21,7419.2900390625,462.4360046386719,3726609920,1504310016,8.911838649516557,0.008821326292061116,6751.544990234375,8852.969157714844,0.6585444970535762,6.136508179029879,0.02571069121828007,495.56743774414065,692.1799256896973,0.8196289886533338
2018-07-22,7418.490234375,459.6570129394531,3695460096,1338589952,8.911730843001898,-0.00010780651465935875,6747.045791015625,8814.056608886718,0.5412607948928818,6.1304805873226105,-0.00602759170726852,492.92441833496093,689.6646109008789,0.6968265136240324
2018-07-23,7711.10986328125,450.8529968261719,5132480000,1596999936,8.950417407336348,0.038686564334449614,6746.86298828125,8774.616157226563,0.5523941754718531,6.111141336981985,-0.019339250340625114,489.5748986816406,687.0142658996582,0.6963748719339653
2018-07-24,8424.26953125,479.37298583984375,7277689856,2287520000,9.038872048939426,0.0884546416030787,6765.058974609375,8729.590004882812,0.6197683239521782,6.172478970474819,0.06133763349283328,487.30265869140624,684.4225309753418,0.7183593025572993
2018-07-25,8181.39013671875,472.4930114746094,5845400064,1930780032,9.009617358522206,-0.029254690417220175,6776.01158203125,8682.861955566406,0.6349031609747204,6.158022956294489,-0.014456014180329824,484.56645935058594,681.5765957641602,0.7203253704562328
2018-07-26,7951.580078125,464.0369873046875,4899089920,1621560064,8.981125939865231,-0.028491418656974687,6781.963583984375,8640.231857910156,0.6372330622023827,6.139964263067985,-0.018058693226503664,481.7047186279297,678.130930480957,0.6879831363775448
2018-07-27,8165.009765625,469.6659851074219,5195879936,1734259968,9.007613201438755,0.026487261573523213,6791.698974609375,8605.206408691407,0.6401835611289953,6.152021772074277,0.012057509006291767,478.99429809570313,674.7366102600098,0.6853009614182919
2018-07-28,8192.150390625,466.8980102539063,3988750080,1531890048,9.01093170534137,0.003318503902615788,6803.043583984375,8573.190158691406,0.6132507830047046,6.146110840356987,-0.005910931717290069,476.3107177734375,670.5724003601074,0.6636455783836788
2018-07-29,8218.4599609375,466.6650085449219,4107190016,1631910016,9.014138117813516,0.0032064124721458143,6816.77318359375,8539.415959472657,0.5955079789346581,6.145611673810904,-0.000499166546083174,473.6927777099609,666.6266256713867,0.6557324877710637
2018-07-30,8180.47998046875,457.08099365234375,5551400000,2141590000,9.009506105194264,-0.004632012619252279,6844.6623828125,8513.289360351562,0.5928613607761222,6.124860604189565,-0.020751069621338658,472.3048175048828,663.1373803710937,0.6434517289987491
2018-07-31,7780.43994140625,433.8670043945313,5287530000,1820680000,8.959368163312266,-0.050137941881997605,6862.132783203125,8482.28856201172,0.6259390095864069,6.072738045650363,-0.052122558539202224,470.3164776611328,658.9407156372071,0.668788301458348
2018-08-01,7624.91015625,420.74700927734375,4797620000,1888060000,8.93917581861931,-0.02019234469295661,6882.9837890625,8448.612111816406,0.6239226220135403,6.042031724970415,-0.03070632067994783,468.79455810546875,654.0623504638672,0.6534326255708608
2018-08-02,7567.14990234375,412.6210021972656,4214110000,1569300000,8.931571776508052,-0.007604042111257314,6907.3287890625,8417.587861328126,0.6223196156066617,6.022529501419401,-0.019502223551014275,467.4970983886719,649.2916053771972,0.6519922861219927
2018-08-03,7434.39013671875,418.2619934082031,4627150000,1722340000,8.913871829533806,-0.017699946974246927,6922.50958984375,8385.66081298828,0.6269104495595151,6.036108014669682,0.013578513250281254,465.4674981689453,644.9233151245118,0.6538410207594746
2018-08-04,7032.85009765625,407.25201416015625,4268390000,1466540000,8.858347321941277,-0.05552450759252814,6934.034990234375,8363.372563476563,0.6602371807607414,6.009432193228442,-0.026675821441240366,463.79245849609373,641.6911254882813,0.6549749256871513
2018-08-05,7068.47998046875,410.5159912109375,3679110000,1396820000,8.863400740085314,0.005053418144036925,6944.40138671875,8342.771965332031,0.660230579218866,6.017414883580603,0.00798269035216137,462.0099383544922,638.6724554443359,0.6564167982102677
2018-08-06,6951.7998046875,406.6579895019531,3925900000,1384880000,8.846755869736505,-0.01664487034880935,6953.451982421875,8320.156462402343,0.6568450759352485,6.00797251154127,-0.009442372039332625,460.13413818359373,635.5243452453614,0.639334405212561
2018-08-07,6753.1201171875,380.2149963378906,4682800000,1828350000,8.817759916650102,-0.028995953086402793,6953.81798828125,8295.885061035156,0.6635011529528703,5.940736872563918,-0.06723563897735207,457.3606182861328,632.2299203491211,0.6736536838993074
2018-08-08,6305.7998046875,356.6130065917969,5064430000,2016080000,8.749225092802382,-0.06853482384772036,6944.535185546875,8262.91805908203,0.7051212902821412,5.8766511786612385,-0.06408569390267971,453.7337390136719,628.2372352600098,0.6988806981787935
2018-08-09,6568.22998046875,365.5880126953125,4267040000,1616610000,8.789999665815946,0.040774573013564464,6940.3687890625,8237.7587109375,0.6851464797888793,5.901507051009941,0.024855872348702235,450.32013916015626,624.8172755432129,0.6407797410765659
2018-08-10,6184.7099609375,334.1759948730469,4528680000,1699400000,8.729835389779984,-0.060164276035962416,6929.46818359375,8214.025258789063,0.716788379250328,5.8116677849550635,-0.08983926605487724,446.45631896972657,621.47185546875,0.6927783012864377
2018-08-11,6295.72998046875,322.11199951171875,4047850000,1790370000,8.747626901704347,0.017791511924363235,6933.708984375,8191.161906738282,0.7137878659500235,5.774899309638021,-0.03676847531704297,443.58221923828125,618.1512704467773,0.6924015481569493
2018-08-12,6322.68994140625,319.57000732421875,5665250000,1625420000,8.751900020229083,0.004273118524736219,6936.91318359375,8165.9783544921875,0.7139096508820786,5.766976365071119,-0.00792294456690179,440.4832196044922,614.4552203369141,0.689125010025989
2018-08-13,6297.56982421875,286.4949951171875,4083980000,1751190000,8.747919095774469,-0.0039809244546145095,6939.39998046875,8141.169201660156,0.7137729579325696,5.657721066952252,-0.10925529811886658,437.0596795654297,610.6075451660156,0.7681915939987359
2018-08-14,6199.7099609375,278.9320068359375,5301700000,2137850000,8.73225778944499,-0.01566130632947882,6938.410576171875,8116.310749511718,0.714207294672376,5.630968049023942,-0.026753017928309752,433.43211975097654,606.7263549804687,0.7517877559240324
2018-08-15,6308.52001953125,282.364013671875,4895450000,1878150000,8.749656382784533,0.017398593339542856,6942.707578125,8090.649848632813,0.6851818772553401,5.6431970671587655,0.012229018134823022,430.4239599609375,602.6028253173828,0.6992525894190442
2018-08-16,6334.72998046875,288.0459899902344,4328420000,1552970000,8.753802468400702,0.004146085616168804,6946.259580078125,8063.3919995117185,0.6141911883890757,5.663120154853352,0.019923087694586172,427.3375799560547,597.8130052185059,0.6800854980690955
2018-08-17,6580.6298828125,315.72900390625,4992990000,1995460000,8.791885746609038,0.03808327820833668,6959.80337890625,8039.813146972656,0.6311089908365105,5.754884263077447,0.09176410822409498,425.20486022949217,593.4798503112793,0.7752973392052807
2018-08-18,6423.759765625,295.81201171875,3984520000,1764020000,8.767758858542685,-0.024126888066353658,6963.912578125,8021.400446777344,0.6319884592635897,5.6897241570206925,-0.06516010605675415,422.40092041015623,589.603260345459,0.7951586262948538
2018-08-19,6506.06982421875,300.8340148925781,3311170000,1447910000,8.780490839256485,0.01273198071380044,6965.953974609375,8002.825297851563,0.6338277001310818,5.706558667107257,0.016834510086564336,419.3140008544922,585.5158801269531,0.7972619747880823
2018-08-20,6308.52978515625,274.31500244140625,3665100000,1413790000,8.749657930789043,-0.03083290846744191,6964.408173828125,7988.515246582031,0.6387385304247517,5.614277090000257,-0.09228157710699936,415.72194091796877,581.7035049438476,0.8298354305005852
2018-08-21,6488.759765625,281.9440002441406,3377180000,1164120000,8.777826692148976,0.028168761359932404,6961.899765625,7976.805295410156,0.6492196529867539,5.64170847052382,0.027431380523562865,411.85388122558595,578.5343000793457,0.8437015346138702
2018-08-22,6376.7099609375,271.34100341796875,4668110000,1507660000,8.760407563226282,-0.01741912892269326,6958.84216796875,7962.814294433594,0.6315405850669029,5.603376345060086,-0.0383321254637341,407.9968011474609,575.0709101867676,0.8471586860702224
2018-08-23,6534.8798828125,277.10400390625,3426180000,1271160000,8.784909245294523,0.024501682068240882,6957.58876953125,7954.1036450195315,0.5440679760820871,5.624392901083381,0.02101655602329444,404.19252136230466,572.2830201721191,0.8111860766994404
2018-08-24,6719.9599609375,282.9670104980469,4097820000,1450170000,8.81283747530562,0.027928230011097455,6959.205166015625,7952.927094726562,0.5530541078397279,5.645330320170069,0.020937419086688003,400.3636218261719,570.2081002807618,0.8225944241989986
2018-08-25,6763.18994140625,279.64599609375,3312600000,1208360000,8.81924994255779,0.006412467252168597,6960.99896484375,7947.973044433594,0.5490185827724381,5.633524503602969,-0.011805816567100003,396.47630187988284,567.6407202148438,0.8227908444946501
2018-08-26,6707.259765625,275.1969909667969,3295500000,1206650000,8.810945765873809,-0.008304176683980202,6958.005556640625,7943.402844238281,0.5368665813970857,5.617487172012482,-0.01603733159048648,392.14704162597656,565.2313652038574,0.8161630912957294
2018-08-27,6884.64013671875,285.6029968261719,4019000000,1406790000,8.83704814207253,0.0261023761987218,6960.22076171875,7936.498095703125,0.5479092415632122,5.654602723499214,0.037115551486731846,388.0767218017578,562.5703451538086,0.8375811571700228
2018-08-28,7096.27978515625,296.4989929199219,4659940000,1513350000,8.867325951785446,0.03027780971291527,6967.311357421875,7928.294592285156,0.5614764497666571,5.692043821871883,0.0374410983726694,384.4730615234375,559.6335151672363,0.8568699264017524
2018-08-29,7047.16015625,289.31201171875,4145880000,1474460000,8.860379999938361,-0.006945951847084686,6981.655556640625,7920.420891113281,0.5615208837812993,5.667505731060534,-0.024538090811349278,381.5708215332031,556.7780003356934,0.8572849367362675
2018-08-30,6978.22998046875,284.1050109863281,4463250000,1513100000,8.850550579138378,-0.009829420799983168,6993.32595703125,7914.662189941406,0.537814536197755,5.6493439268120484,-0.01816180424848568,378.3225616455078,554.1252255249024,0.8470207470139556
2018-08-31,7037.580078125,283.0039978027344,4495650000,1411910000,8.859019651157631,0.008469072019252621,7009.501357421875,7905.217238769531,0.53599232863677,5.645461024054888,-0.0038829027571605224,375.38116149902345,551.1967106628418,0.8455732520347486
2018-09-01,7193.25,295.34100341796875,4116050000,1546630000,8.88089836527617,0.021878714118539477,7028.605361328125,7898.191940917969,0.5424048516307525,5.688130632540935,0.042669608486047395,372.60744140625,548.4471257019043,0.867288351511652
2018-09-02,7272.72021484375,294.3710021972656,4329540000,1321050000,8.891885670398192,0.01098730512202195,7048.53736328125,7887.082392578125,0.5409748819689897,5.684840884032233,-0.0032897485087026723,369.7731414794922,545.3011758422851,0.8632220478216852
2018-09-03,7260.06005859375,289.2590026855469,4087760000,1394490000,8.890143380318198,-0.0017422900799939356,7066.54576171875,7872.5506909179685,0.5036544157460817,5.667322489826418,-0.01751839420581458,366.56132141113284,542.062590789795,0.8618134889978454
2018-09-04,7361.66015625,285.7229919433594,4273640000,1554870000,8.904040750994909,0.013897370676710707,7078.94396484375,7858.189489746093,0.5054784375990095,5.655022781824271,-0.012299708002147192,362.6626214599609,538.7701556396485,0.8589701548175652
2018-09-05,6792.830078125,232.33099365234372,5800460000,2390390000,8.823622934617436,-0.08041781637747292,7068.379765625,7836.5901391601565,0.5778279546359164,5.448163051678768,-0.20685973014550285,357.28920104980466,535.0612356567383,1.0949440077045784
2018-09-06,6529.169921875,230.21499633789065,5523470000,2097310000,8.784035096560178,-0.039587838057258296,7051.547568359375,7816.476989746094,0.5854703270521672,5.43901363898737,-0.00914941269139824,352.2832409667969,531.5927055358886,1.081169470871538
2018-09-07,6467.06982421875,217.2030029296875,4264680000,1678260000,8.77447839839136,-0.009556698168818656,7031.551767578125,7792.68583984375,0.5338697716323899,5.380832413607336,-0.05818122538003401,347.23492126464845,527.9593955993653,1.0781058615324894
2018-09-08,6225.97998046875,197.9510040283203,3835060000,1517200000,8.73648613552397,-0.037992262867389215,7008.98876953125,7766.797238769531,0.5304005421238402,5.28801954567022,-0.0928128679371154,342.17998138427737,524.4722957611084,1.09917874006863
2018-09-09,6300.85986328125,196.9239959716797,3671890000,1585980000,8.748441389301345,0.011955253777374608,6986.620166015625,7744.849536132812,0.48848854478300047,5.282817847044867,-0.005201698625353579,336.8697412109375,521.2070606994629,1.0712203816243615
2018-09-10,6329.7001953125,197.07899475097656,3714100000,1502960000,8.753008151506709,0.004566762205364228,6964.844365234375,7726.473037109375,0.4848016347609309,5.28360463694719,0.0007867899023228375,331.618180847168,518.1282308197021,1.070784144781563
2018-09-11,6321.2001953125,185.0659942626953,3849910000,1568900000,8.751664373432957,-0.0013437780737515226,6937.046171875,7706.573540039062,0.4846005156739189,5.220712487211123,-0.06289214973606683,326.30244079589846,514.7326156616211,1.082425247096105
2018-09-12,6351.7998046875,183.33099365234372,4064230000,1874850000,8.75649348553602,0.004829112103061917,6895.59677734375,7689.2671875,0.4846657504533043,5.211293227580666,-0.009419259630456978,320.38160095214846,511.44669555664063,1.0315532901406042
2018-09-13,6517.31005859375,211.35400390625,4210910000,2330720000,8.782217002090885,0.02572351655486571,6862.31517578125,7673.530085449219,0.4890048850618675,5.353534471267943,0.14224124368727686,315.15882080078126,508.2794155883789,1.1666477472036216
2018-09-14,6512.7099609375,211.74899291992188,4076220000,2232190000,8.781510925225236,-0.0007060768656490524,6833.5377734375,7654.260134277344,0.4857401528776658,5.355401577534653,0.0018671062667099392,310.1130609130859,504.9915855407715,1.16480530719459
2018-09-15,6543.2001953125,223.07400512695312,3216300000,1670490000,8.786181651270455,0.004670726045219453,6801.10158203125,7633.348137207031,0.48578552596533925,5.407503577962096,0.05210200042744351,305.18122131347656,501.71563049316404,1.1803722165104538
2018-09-16,6517.18017578125,220.5890045166016,3273730000,1502260000,8.782197072993517,-0.003984578276938322,6767.602177734375,7613.944536132813,0.46726185930287717,5.396301262044088,-0.011202315918008132,300.25504119873045,498.5425806427002,1.1235396913112456
2018-09-17,6281.2001953125,197.875,3910780000,2019910000,8.745316355105572,-0.03688071788794467,6728.856982421875,7590.595537109375,0.4774461259157295,5.287635518201176,-0.10866574384291194,294.87924102783205,495.17095558166505,1.159154592165701
2018-09-18,6371.2998046875,209.9750061035156,4180090000,1800640000,8.759558778721992,0.014242423616419586,6692.67337890625,7567.020034179687,0.47801160322743175,5.346988505079511,0.05935298687833512,289.93712127685546,491.93656547546385,1.182369426168783
2018-09-19,6398.5400390625,209.968994140625,4431340000,1733330000,8.763825124428205,0.004266345706213315,6665.035380859375,7541.564233398438,0.4656806764486865,5.34695987286718,-2.8632212330848006e-05,285.4591610717773,488.7002855682373,1.1467683553323071
2018-09-20,6519.669921875,224.59100341796875,4348110000,1782070000,8.78257902815989,0.018753903731685284,6642.930576171875,7516.599584960937,0.45975320728079494,5.41428098548235,0.06732111261516938,281.53604095458985,485.48985069274903,1.1708667139573674
2018-09-21,6734.9501953125,246.58399963378903,6531940000,2836200000,8.815065693911777,0.03248666575188608,6626.28658203125,7492.4078369140625,0.4686079353168345,5.507702704739504,0.09342171925715448,278.2153009033203,482.4543505859375,1.2166111321749977
2018-09-22,6721.97998046875,240.47999572753903,4509660000,1921820000,8.813138030070077,-0.0019276638417000669,6612.03837890625,7472.118234863281,0.46152282977936093,5.482636908238276,-0.0250657965012282,274.659660949707,479.57199562072753,1.2156894720069253
2018-09-23,6710.6298828125,244.3300018310547,4197500000,1693470000,8.811448097812239,-0.0016899322578378673,6605.593974609375,7455.843532714844,0.4511714842289034,5.498519778054866,0.015882869816589817,271.401220703125,477.0294906616211,1.214473772239158
2018-09-24,6595.41015625,228.72999572753903,4177310000,1748740000,8.794129255219088,-0.017318842593150308,6596.132578125,7441.845534667968,0.45447702041139015,5.43254224996021,-0.06597752809465618,267.765500793457,474.6501605987549,1.232913679213647
2018-09-25,6446.47021484375,218.5050048828125,4726180000,2120360000,8.771288006479363,-0.022841248739725373,6586.025986328125,7427.39013671875,0.46027476377993026,5.386808919915477,-0.045733330044732234,264.0024411010742,472.09810554504395,1.2400748475833663
2018-09-26,6495.0,215.8470001220703,4437300000,1756100000,8.7787879291047,0.007499922625337163,6580.863583984375,7415.53513671875,0.45080062981605323,5.3745698239297885,-0.012239095985688841,260.7150811767578,469.7428904724121,1.229535586662295
2018-09-27,6676.75,228.49400329589844,4606810000,2030320000,8.806386621191947,0.0275986920872473,6588.282587890625,7401.025737304688,0.44848147823795187,5.431509966208259,0.05694014227847077,258.15270111083987,467.26866554260255,1.240702578011506
2018-09-28,6644.1298828125,222.4019927978516,5014430000,2018120000,8.801489019430203,-0.004897601761744141,6589.8005859375,7388.2207861328125,0.4482558155471309,5.404486522758278,-0.02702344344998142,255.28898071289063,464.88152053833005,1.2411324990513188
2018-09-29,6601.9599609375,231.63499450683597,4363690000,2208720000,8.795121847707911,-0.006367171722292397,6598.1455859375,7375.256337890625,0.4476533697232772,5.445162833191441,0.04067631043316311,253.2381607055664,462.5855603790283,1.2524439257370918
2018-09-30,6625.56005859375,232.84800720214844,4002280000,1765560000,8.798690184427587,0.003568336719675713,6604.7421875,7367.035090332031,0.44655687955382495,5.450385911101656,0.005223077910215146,251.452880859375,460.67834533691405,1.2531139903536923
2018-10-01,6589.6201171875,230.76800537109372,4000970000,1597500000,8.793250980491672,-0.00543920393591435,6610.080791015625,7358.4788891601565,0.4382518787619211,5.441412900116018,-0.008973010985638297,249.6768408203125,458.7756652832031,1.2404920182422141
2018-10-02,6556.10009765625,227.18099975585935,3979260000,1542080000,8.788151207846044,-0.005099772645628775,6615.251396484375,7349.567641601562,0.4354089566931655,5.425747055514868,-0.01566584460115017,248.49056091308594,456.9032402038574,1.2406235584836989
2018-10-03,6502.58984375,220.48899841308597,3887310000,1683930000,8.779955814028586,-0.008195393817457486,6621.308994140625,7342.49619140625,0.43567067871569193,5.395847799823959,-0.029899255690908788,247.3217007446289,455.24179023742676,1.2424893961505004
2018-10-04,6576.68994140625,222.21800231933597,3838410000,1479500000,8.791286849329556,0.011331035300969461,6626.672392578125,7334.261242675781,0.4344583008227538,5.403658892462571,0.007811092638611683,246.11878051757813,453.65966033935547,1.2438066922752091
2018-10-05,6622.47998046875,227.6009979248047,3671500000,1547330000,8.798225198184879,0.006938348855323184,6632.427392578125,7324.220390625,0.33619605129029007,5.427594086797945,0.023935194335374277,244.90988067626952,452.01403526306154,1.0207940869333005
2018-10-06,6588.31005859375,225.1199951171875,3259740000,1505070000,8.793052154336033,-0.005173043848845538,6632.58099609375,7312.594592285156,0.30639197532803064,5.4166335716762575,-0.010960515121687386,243.0977005004883,450.3537602996826,1.0210026140677866
2018-10-07,6602.9501953125,226.11900329589844,3306630000,1470480000,8.795271827429868,0.002219673093835084,6636.1648046875,7300.9629418945315,0.30437027827935426,5.42106142394269,0.004427852266432275,241.70384033203126,448.6756953430176,0.9998096121045973
2018-10-08,6652.22998046875,229.2550048828125,3979460000,1470740000,8.802707412846383,0.007435585416514456,6639.0880078125,7290.581743164063,0.27113032353316996,5.434834942448161,0.013773518505471039,240.27226013183594,447.1234602355957,0.9408625878620909
2018-10-09,6642.64013671875,227.98199462890625,3580810000,1405130000,8.801264774395811,-0.0014426384505714651,6645.77021484375,7279.3968432617185,0.2690874745157493,5.429266654910223,-0.0055682875379376995,239.34559997558594,445.5652751159668,0.940912963694138
2018-10-10,6585.52978515625,225.7689971923828,3787650000,1384040000,8.792630064267875,-0.008634710127935818,6647.705615234375,7268.983891601562,0.2712858226371601,5.4195123402178345,-0.009754314692388633,238.22209991455077,444.0619249725342,0.9422078580389224
2018-10-11,6256.240234375,189.49899291992188,5181640000,2167620000,8.741334682123252,-0.05129538214462315,6645.296220703125,7257.78619140625,0.3275731529304869,5.244383710101615,-0.1751286301162196,236.58525970458984,442.38798500061034,1.1097321846798505
2018-10-12,6274.580078125,196.7270050048828,3783500000,1487900000,8.744261841940036,0.0029271598167834867,6640.090224609375,7248.11208984375,0.32726212022941303,5.281817006286166,0.03743329618455071,234.9777197265625,440.92186508178713,1.1163215212734638
2018-10-13,6285.990234375,199.84100341796875,3064030000,1167610000,8.746078663804763,0.0018168218647272028,6631.410830078125,7240.376840820312,0.3135739368155286,5.297522067471391,0.01570506118522541,233.31519958496094,439.67049011230466,0.9976959203130976
2018-10-14,6290.93017578125,195.71499633789065,3085320000,1169260000,8.746864220443301,0.0007855566385384094,6621.965634765625,7232.059091796875,0.3136469405278159,5.276659500683794,-0.02086256678759657,231.63657958984376,438.41767013549804,0.9997731529509639
2018-10-15,6596.5400390625,209.70399475097656,7370770000,2865830000,8.794300554048835,0.047436333605533676,6619.751240234375,7229.213291015625,0.35622653000093246,5.34569698756418,0.06903748688038558,230.32671966552735,437.5363501739502,1.0130973706047903
2018-10-16,6596.10986328125,210.1199951171875,4074800000,1532280000,8.794235339587058,-6.521446177742973e-05,6613.980634765625,7227.741240234375,0.3558994516076331,5.347678772847551,0.001981785283371451,228.81705963134766,436.61372520446776,1.0126435994799574
2018-10-17,6544.43017578125,207.0829925537109,4088420000,1444130000,8.786369612029965,-0.007865727557092583,6602.943642578125,7225.5957421875,0.3311755485054305,5.3331196431254915,-0.014559129722059971,227.02873962402344,435.6668551635742,0.9378794393007327
2018-10-18,6476.7099609375,203.3520050048828,3924080000,1365860000,8.775967938334276,-0.01040167369568934,6591.534638671875,7223.758142089844,0.3302726925747614,5.314938492176191,-0.018181150949300395,225.3095394897461,434.7855802154541,0.9164479581997375
2018-10-19,6465.41015625,203.7270050048828,3578870000,1264480000,8.77422173176897,-0.0017462065653059966,6581.2782421875,7220.666193847656,0.3300862873692438,5.316780886880189,0.0018423947039982735,223.7019793701172,433.87209030151365,0.916497910845389
2018-10-20,6489.18994140625,205.42999267578125,3379130000,1238780000,8.77789298548361,0.003671253714641054,6570.310439453125,7215.8315942382815,0.3236294941021458,5.325105307651308,0.00832442077111839,222.1504992675781,432.8147752380371,0.8836537983234627
2018-10-21,6482.35009765625,205.1419982910156,3253610000,1190300000,8.77683839298907,-0.0010545924945404295,6556.09244140625,7213.974145507813,0.3014347364342892,5.323702413940408,-0.001402893710899633,220.34651916503907,431.9377702331543,0.8124983179276802
2018-10-22,6487.16015625,204.04400634765625,3672860000,1328980000,8.77758014170897,0.0007417487198999595,6540.381240234375,7212.352595214844,0.30150570502762386,5.318335687971038,-0.005366725969370378,218.53997924804688,431.04183029174806,0.8096213542913183
2018-10-23,6475.740234375,204.33599853515625,3716150000,1237490000,8.775818201944684,-0.001761939764286069,6524.69484375,7211.549697265625,0.30150732663459345,5.319765690585107,0.0014300026140690036,216.84151916503907,430.21208526611326,0.8063853125679479
2018-10-24,6495.83984375,203.8520050048828,3424670000,1102220000,8.778917226942449,0.003099024997764488,6507.3784375,7209.473447265625,0.29612147389099336,5.3173942649043235,-0.00237142568078319,215.20409942626952,429.30477531433104,0.7767771457385367
2018-10-25,6476.2900390625,202.718994140625,3230550000,1102900000,8.775903100555361,-0.0030141263870877566,6501.04763671875,7206.737297363281,0.28517347621545525,5.311820754744344,-0.0055735101599792,214.61185943603516,428.3158303070068,0.7620057271518696
2018-10-26,6474.75,203.32899475097656,3306050000,1161310000,8.775665275783743,-0.0002378247716183779,6499.95923828125,7205.257397460938,0.2839392695546484,5.314825330981325,0.003004576236980583,214.0741394042969,427.33984527587893,0.7614083355557194
2018-10-27,6480.3798828125,204.2100067138672,3393250000,1084810000,8.776534411518826,0.0008691357350834039,6500.225439453125,7203.485498046875,0.26584670745411654,5.319148909005238,0.004323578023913477,213.81427947998046,426.2896802520752,0.731691189018317
2018-10-28,6486.39013671875,205.36599731445312,3445190000,1139140000,8.777461435647057,0.0009270241282308689,6505.433642578125,7201.075849609375,0.265546706229615,5.324793740044003,0.005644831038764231,213.96257934570312,425.16381019592285,0.7274709499361499
2018-10-29,6332.6298828125,197.2469940185547,4199910000,1517230000,8.753470892176743,-0.023990543470313597,6506.06904296875,7193.292749023438,0.2770616037828629,5.284456720160203,-0.04033701988379956,213.96903930664064,423.6853401184082,0.7215935581111764
2018-10-30,6334.27001953125,197.55599975585935,3781100000,1363500000,8.753729856365387,0.0002589641886441285,6506.160439453125,7185.484299316407,0.27655643807971536,5.28602208721808,0.0015653670578767986,213.97857940673828,422.2094451904297,0.7210311416064863
2018-10-31,6317.60986328125,197.3809967041016,4191240000,1442380000,8.751096229420796,-0.0026336269445916827,6506.0886328125,7177.141147460938,0.2762262444174392,5.285135854402312,-0.00088623281576794,214.2248794555664,420.68896018981934,0.7210896355285306
2018-11-01,6377.77978515625,198.8719940185547,3789400000,1336700000,8.760575319717143,0.009479090296347081,6506.608232421875,7167.384494628906,0.27844391224197623,5.292661371615019,0.007525517212706667,214.53569946289062,419.02481002807616,0.7213941967701638
2018-11-02,6388.43994140625,200.63499450683597,4234870000,1451870000,8.762245376939406,0.0016700572222632104,6504.030830078125,7159.033344726562,0.27732329202951117,5.301487309499965,0.008825937884946455,214.32131927490235,417.4722499847412,0.716821909340281
2018-11-03,6361.259765625,200.18600463867188,3658640000,1307150000,8.757981713075768,-0.0042636638636377455,6501.001826171875,7151.329194335937,0.27420296007693074,5.299246957537778,-0.0022403519621869705,214.09005950927735,415.9587099456787,0.7157448409453802
2018-11-04,6376.1298828125,207.48599243164065,4390020000,1749300000,8.760316590841699,0.002334877765930443,6497.660419921875,7142.392744140625,0.2729696545358102,5.335063831038558,0.03581687350077978,213.77829925537108,414.3721949005127,0.7226396352099569
2018-11-05,6419.66015625,209.09100341796875,4174800000,1613510000,8.76712046011934,0.006803869277641539,6495.71001953125,7133.019497070312,0.27400557264773046,5.342769580248184,0.007705749209626411,213.54833923339845,412.57820503234865,0.7230120681410995
2018-11-06,6461.009765625,218.45199584960935,4700040000,1856940000,8.773540895029706,0.006420434910365813,6499.3062109375,7121.095395507812,0.27499067391567605,5.386566291769576,0.04379671152139153,213.95987915039063,410.59187492370603,0.7405617411229523
2018-11-07,6530.14013671875,217.18299865722656,4941260000,1927830000,8.78418368248718,0.010642787457474157,6502.483017578125,7109.2681958007815,0.27641236622974247,5.380740309937319,-0.005825981832257021,214.10403900146486,408.65081481933595,0.7387440106483237
2018-11-08,6453.72021484375,212.2310028076172,4665260000,1769080000,8.772412021012766,-0.01177166147441433,6503.58662109375,7097.5244970703125,0.279135083021172,5.35767531733471,-0.023064992602608747,214.1492791748047,406.6026699066162,0.7423783710106217
2018-11-09,6385.6201171875,210.07400512695312,4346820000,1554750000,8.761803884688451,-0.010608136324314899,6500.905625,7084.798198242188,0.2799016565863639,5.347459874003725,-0.010215443330984897,213.85893920898437,404.4403000640869,0.7424377130867399
2018-11-10,6409.22021484375,212.5330047607422,3705320000,1377760000,8.765492891164161,0.0036890064757102436,6494.391025390625,7068.356799316406,0.21343150216978357,5.359097292825249,0.011637418821523582,213.17791931152342,401.962174987793,0.4044207221342147
2018-11-11,6411.27001953125,211.33999633789065,3939060000,1501600000,8.765812661261482,0.00031977009732031547,6488.176826171875,7056.1844482421875,0.21329897438378648,5.353468193684838,-0.005629099140410432,212.59511932373047,399.9417948913574,0.38689201989203437
2018-11-12,6371.27001953125,210.41799926757807,4295770000,1452380000,8.759554103816276,-0.006258557445205426,6481.38962890625,7041.6332495117185,0.21463124292603553,5.349096025054251,-0.00437216863058687,211.91687927246093,397.67983978271485,0.38452517117064133
2018-11-13,6359.490234375,206.8260040283203,4503800000,1610260000,8.757703501294008,-0.0018506025222677636,6476.67123046875,7028.4954516601565,0.21477616098373054,5.3318778795468535,-0.017218145507397864,211.47879943847656,395.4788098907471,0.38203348389457586
2018-11-14,5738.35009765625,181.39700317382807,7398940000,2595330000,8.654927008562272,-0.10277649273173672,6462.508828125,7010.444799804687,0.37769719433022036,5.2006880170033805,-0.1311898625434731,210.73663940429688,392.9674050140381,0.5431733094508266
2018-11-15,5648.02978515625,180.80599975585935,7032140000,2638410000,8.639062052734996,-0.01586495582727565,6445.569423828125,6991.5895483398435,0.37930276066612256,5.197424631897856,-0.0032633851055248186,210.03581939697267,390.4270301055908,0.5426528420902393
2018-11-16,5575.5498046875,175.177001953125,5279320000,2015330000,8.626146211140608,-0.01291584159438841,6423.545419921875,6973.264548339844,0.380162147792295,5.165796902495134,-0.03162772940272163,208.9694793701172,387.9532950592041,0.5496546404116907
2018-11-17,5554.330078125,174.00100708007812,4303150000,1832800000,8.622333096803908,-0.003813114336699286,6401.749423828125,6955.441149902344,0.3797526220003527,5.1590610870143205,-0.0067358154808134785,208.00145965576172,385.4552352142334,0.5477981257297649
2018-11-18,5623.5400390625,177.06700134277344,4159680000,1810920000,8.63471664477294,0.012383547969031738,6382.181025390625,6937.379250488281,0.38450166773725036,5.176528199605883,0.01746711259156264,206.91009979248048,382.9048252868652,0.5530111273911124
2018-11-19,4871.490234375,149.1750030517578,7039560000,2745160000,8.491155172219026,-0.14356147255391427,6347.09962890625,6913.017399902344,0.6170439761314805,5.005120133865714,-0.1714080657401693,205.23663970947266,379.75298515319827,0.8000229854019748
2018-11-20,4451.8701171875,130.33900451660156,8428290000,3134410000,8.401079537932915,-0.09007563428611043,6304.34462890625,6886.772951660157,0.6768353598445449,4.870138783285698,-0.13498135058001548,203.2280596923828,376.47656005859375,0.9088351840433099
2018-11-21,4602.169921875,136.7010040283203,6120120000,2685930000,8.434283193398011,0.03320365546509585,6265.266025390625,6860.4930493164065,0.6940951886002666,4.9177960884602125,0.047657305174514164,201.41845977783203,373.0794651031494,0.934454414240782
2018-11-22,4365.93994140625,126.70600128173828,4569370000,1792150000,8.381588781038694,-0.052694412359317155,6222.53302734375,6834.04875,0.7077553006740622,4.841869452280639,-0.07592663617957385,199.54279983520507,369.7514402389526,0.9577202144421824
2018-11-23,4347.10986328125,123.2959976196289,4871490000,1998010000,8.377266504026052,-0.004322277012642317,6177.94142578125,6808.919250488281,0.7060834400240263,4.8145879491375965,-0.02728150314304223,197.56435974121095,366.5992953491211,0.9572229571067118
2018-11-24,3880.760009765625,113.49400329589844,4679500000,1800960000,8.263786292241145,-0.11348021178490697,6123.107026367187,6782.148948974609,0.7862398397360969,4.731750001128301,-0.08283794800929556,195.28221984863282,363.402480392456,0.9834383048487851
2018-11-25,4009.969970703125,116.4499969482422,6825640000,2466750000,8.296539031669862,0.0327527394287177,6071.540224609375,6755.572900390625,0.8033640462670183,4.757461970123757,0.025711968995455692,193.1088198852539,360.22335525512693,0.9930730285129167
2018-11-26,3779.1298828125,108.33499908447266,6476900000,2139490000,8.237249072383769,-0.05928995928609382,6015.063818359375,6729.24884765625,0.8148157544712187,4.685228269707779,-0.07223370041597743,190.75313980102538,357.128645362854,1.0066614256159931
2018-11-27,3820.719970703125,110.01000213623048,5998720000,2320010000,8.24819415784768,0.010945085463911042,5958.433618164063,6706.144996337891,0.8184819887081687,4.700571290169856,0.015343020462077028,188.36823974609376,354.28076538085935,1.0104692884720103
2018-11-28,4257.419921875,122.43800354003906,7280280000,2673470000,8.356418603640051,0.10822444579237178,5910.729213867187,6684.9076477050785,0.9281528141999658,4.807604808325514,0.10703351815565743,186.2573599243164,351.4627155303955,1.1012884891530788
2018-11-29,4278.8466796875,117.54264831542967,6503347767,2196099151,8.361438784900255,0.005020181260203316,5864.595551757812,6662.682178955078,0.9291720688919738,4.766801232115212,-0.04080357621030206,184.09283294677735,348.38294891357424,1.1027488400203644
2018-11-30,4017.2685546875,113.17141723632812,6048016717,2020748396,8.298357486664697,-0.06308129823555753,5819.816118164063,6639.184571533203,0.9444188432954431,4.728903635973822,-0.037897596141389656,182.56628143310547,345.2960609436035,1.1033686628792951
2018-12-01,4214.671875,118.63555908203124,5375314093,2131475768,8.346327020430634,0.04796953376593649,5778.617954101563,6617.706031494141,0.9663116576474471,4.7760562652514,0.04715262927757813,181.00445251464845,342.3448838806152,1.1236233832231801
2018-12-02,4139.8779296875,116.38890075683594,5262697895,1856199149,8.328421580801923,-0.01790543962871105,5735.695708007813,6596.561270751953,0.964776318485162,4.75693717642811,-0.019119088823289943,179.3354104614258,339.39157844543456,1.1196913784616063
2018-12-03,3894.130859375,108.92501831054688,5089570994,1772756193,8.267225790753988,-0.061195790047934295,5687.759721679688,6575.560325927734,0.9775556554905733,4.690659740105827,-0.06627743632228267,177.5996109008789,336.57291862487796,1.130465692556527
2018-12-04,3956.893798828125,110.21418762207033,5028069239,1748116495,8.283214602215079,0.015988811461090435,5634.966796875,6554.089946289063,0.9819919860942603,4.7024256327338865,0.01176589262805905,175.6098147583008,333.65215454101565,1.1184920515829888
2018-12-05,3753.994873046875,102.47555541992188,5302481574,1990157607,8.230575851414802,-0.05263875080027702,5578.124497070313,6531.624022216797,0.9865703504298813,4.629624286428622,-0.07280134630526458,173.45692596435546,330.68188217163083,1.1276210940825
2018-12-06,3521.101806640625,91.76105499267578,5878333109,2310716932,8.166529232863894,-0.06404661855090765,5517.6579296875,6506.66328125,0.9953002739493269,4.519187970059684,-0.11043631636893814,171.15048721313477,327.5638423538208,1.1395700245266351
2018-12-07,3419.937255859375,93.29456329345705,6835615448,2554304530,8.137377483648407,-0.02915174921548669,5456.522475585937,6481.668016357422,0.9894241122387417,4.535761834917061,0.016573864857376996,168.94933837890625,324.5342052459717,1.1479294791661345
2018-12-08,3476.11474609375,92.15963745117188,5305024497,1855759401,8.15367049679951,0.016293013151102542,5396.736567382813,6458.839691162109,0.9977264299298352,4.523522263033288,-0.012239571883772449,166.71799102783203,321.7562982940674,1.1491553064219175
2018-12-09,3614.234375,95.14205932617188,4947372847,1875567180,8.192635321013958,0.0389648242144478,5339.237456054688,6439.121763916016,1.0187525467986251,4.555371135989262,0.031848872955973384,164.51223236083985,319.31408348083494,1.1664950459532244
2018-12-10,3502.656005859375,91.68565368652344,5020968740,1756437577,8.161276818506702,-0.03135850250725625,5279.64357421875,6418.698344726563,1.0162720732863952,4.518365918675482,-0.03700521731378004,162.24310546875,316.7637367248535,1.1588441133131788
2018-12-11,3424.588134765625,88.94530487060547,4696765188,1707497898,8.138736490842224,-0.022540327664478,5218.392133789062,6398.420584716797,1.0136041022762454,4.488021628801978,-0.03034428987350335,159.941131439209,314.27479320526123,1.1560357051133834
2018-12-12,3486.9501953125,90.59329986572266,4139364829,1533050103,8.156782763611934,0.018046272769710825,5158.6163330078125,6379.075936279297,1.0215379484445133,4.506380257397313,0.01835862859533499,157.66627746582031,311.79135955810546,1.1647788904227525
2018-12-13,3313.67724609375,86.53931427001953,4343372456,1754475622,8.105813802203787,-0.050968961408146995,5094.973081054687,6358.803221435547,1.0248602854947457,4.460598810915328,-0.045781446481985455,155.32002365112305,309.3607159805298,1.1656838622247134
2018-12-14,3242.48486328125,84.30829620361328,4372763663,1651491877,8.084095247954954,-0.0217185542488334,5030.296977539063,6339.335694580078,0.9822975289692559,4.434480273019832,-0.026118537895495564,152.95180969238282,307.2020774078369,1.1058795498583913
2018-12-15,3236.76171875,84.44081115722656,3551763561,1496176898,8.082328639462055,-0.0017666084928986692,4965.537211914063,6318.156553955078,0.9840981439400971,4.4360508292488365,0.0015705562290042607,150.5740460205078,304.79734146118165,1.1072328440704775
2018-12-16,3252.839111328125,85.26210021972656,3744248994,1565817037,8.087283466697555,0.004954827235499337,4900.986396484375,6297.388149414062,0.9873564338863409,4.445730044152682,0.009679214903845157,148.195087890625,302.42570182800296,1.1136547234927172
2018-12-17,3545.86474609375,95.13382720947266,5409247918,2101453024,8.173537343237145,0.08625387653959038,4842.175888671875,6277.646623535156,1.0514980283189608,4.555284607771165,0.10955456361848359,145.99044448852538,300.01314586639404,1.206360773172804
2018-12-18,3696.05908203125,101.11245727539062,5911325473,2277514076,8.215022418031875,0.04148507479473018,4789.44447265625,6258.41966796875,1.0658248483157737,4.616233335798704,0.06094872802753848,144.06775375366212,297.61849300384523,1.232662227234314
2018-12-19,3745.95068359375,101.2685775756836,6810689119,2456482115,8.22843071783295,0.013408299801074719,4737.6780859375,6238.932170410157,0.9611377324772736,4.617776171384817,0.0015428355861129006,142.1420053100586,295.16579597473145,1.1038363935439917
2018-12-20,4134.44140625,116.21687316894533,8927129279,3063842618,8.327107509154676,0.09867679132172569,4694.014716796875,6221.003127441406,0.9853334713215509,4.755458041870517,0.13768187048570013,140.51872283935546,292.65523544311526,1.133644840287495
2018-12-21,3896.543701171875,109.49623107910156,7206015706,2632539990,8.267845208714595,-0.059262300440080296,4644.389995117188,6202.913494873047,0.9959330883540254,4.69589012929526,-0.05956791257525662,138.7312075805664,290.2377916717529,1.1340560997880977
2018-12-22,4014.1826171875,116.7594985961914,5605823233,2338772939,8.297589023385564,0.02974381467096876,4596.904848632813,6184.815609130859,0.988297125454653,4.760116251665212,0.06422612236995207,137.05369766235353,287.77507427215573,1.132827746365546
2018-12-23,3998.980224609375,130.7652587890625,6151275490,3579715061,8.293794663750663,-0.0037943596349006015,4549.6592578125,6166.5406103515625,0.9882886063366804,4.87340379815548,0.11328754649026784,135.66528274536134,285.3932804489136,1.1986725946280288
2018-12-24,4078.59912109375,140.23800659179688,7240968501,4370343387,8.31350885576608,0.019714192015417353,4503.708642578125,6148.542404785157,0.9063166012924448,4.94334102624924,0.06993722809376024,134.32032302856445,283.06853542327883,1.1809648143055884
2018-12-25,3815.49072265625,129.84434509277344,6158207293,3298280609,8.246824565238395,-0.06668429052768587,4451.62525390625,6129.495258789062,0.9294496460105153,4.866336387624626,-0.07700463862461415,132.73538986206054,280.7123720169067,1.214413337054114
2018-12-26,3857.297607421875,131.86563110351562,5326547918,2720469126,8.257722115569058,0.010897550330662753,4399.551010742188,6111.121846923828,0.9066356008917077,4.8817834579417925,0.0154470703171663,131.00366256713866,278.38389011383055,1.1835946994595932
2018-12-27,3654.83349609375,116.57591247558594,5130222366,2612804378,8.203805816041905,-0.05391629952715249,4342.044877929688,6095.465914306641,0.9254281494907785,4.758542670033135,-0.12324078790865745,128.99152084350587,276.33437465667726,1.2664497820490777
2018-12-28,3923.918701171875,137.6470184326172,5631554348,3130201009,8.274846102114834,0.0710402860729289,4291.44884765625,6080.550908203125,0.8778126196287263,4.924692570857236,0.16614990082410142,127.49984115600586,274.3561897659302,1.3426897215696931
2018-12-29,3820.40869140625,138.01834106445312,4991655917,3169029972,8.248112683157013,-0.026733418957821442,4240.144619140625,6066.74115234375,0.8812697820353641,4.927386582590103,0.0026940117328662083,126.05872787475586,272.5620665359497,1.332998351646612
2018-12-30,3865.95263671875,139.8594512939453,4770578575,2660086834,8.259963408456485,0.011850725299472842,4189.279267578125,6054.321416015625,0.8562067464278474,4.94063799901581,0.013251416425707596,124.60525680541993,270.8738938522339,1.3240198070660032
2018-12-31,3742.700439453125,133.36825561523438,4661840806,2358360234,8.22756267249573,-0.03240073596075632,4135.9078759765625,6039.6581677246095,0.8438258781421956,4.893114141259831,-0.047523857755979115,123.0458219909668,268.9420251083374,1.3291089629509927
2019-01-01,3843.52001953125,140.8194122314453,4324200990,2258709868,8.25414389744773,0.026581224952000326,4085.3528759765627,6026.592867431641,0.8488243458455634,4.947478305182584,0.05436416392275323,121.65385025024415,267.191102180481,1.3377761075022236
2019-01-02,3943.409423828125,155.0476837158203,5244856836,3328240369,8.279800964101621,0.025657066653892002,4037.031259765625,6013.559113769531,0.8269836863017674,5.0437327064849855,0.09625440130240115,120.61828384399413,265.46813060760496,1.3468107750457952
2019-01-03,3836.7412109375,149.135009765625,4530215219,2676164880,8.25237864229543,-0.027422321806191974,3998.99908203125,6000.246469726562,0.8305519233998246,5.004852001488965,-0.038880704996020476,119.97304397583008,263.71156566619874,1.3583489237327078
2019-01-04,3857.717529296875,154.58193969726562,4847965467,3126192535,8.25783097391035,0.005452331614920425,3963.1928369140624,5985.860958251953,0.8095700021213245,5.040724309777418,0.03587230828845289,119.4485627746582,261.8900204086304,1.3274294239196343
2019-01-05,3845.194580078125,155.6385955810547,5137609824,3338211928,8.254579486661417,-0.0032514872489333158,3928.585732421875,5971.237231445312,0.7752208960257946,5.047536624566612,0.006812314789193863,119.0577946472168,259.97842853546143,1.2501749318707374
2019-01-06,4076.632568359375,157.74620056152344,5597027440,3231294371,8.313026575716323,0.0584470890549067,3899.0317822265624,5957.737645263672,0.7896678793296145,5.0609874159428285,0.013450791376216742,118.7326985168457,258.08581951141355,1.250255018987814
2019-01-07,4025.248291015625,151.69921875,5228625637,2712108388,8.300341875158937,-0.012684700557386464,3867.065947265625,5944.215185546875,0.7913140272407195,5.021899736374185,-0.03908767956864345,118.22534286499024,256.20748058319094,1.2617494309474828
2019-01-08,4030.847900390625,150.35963439941406,5306593305,2459808140,8.301732029929621,0.001390154770684049,3850.2531005859373,5933.950975341797,0.7817448813861647,5.013029987191385,-0.008869749182800035,118.24903549194336,254.63019382476807,1.2635533429883097
2019-01-09,4035.29638671875,150.80311584472656,5115905225,2369241197,8.302835031963998,0.0011030020343767433,3841.9216259765626,5923.315057373047,0.7715892741550329,5.015975117460706,0.0029451302693210835,118.65831771850586,253.01160945892335,1.2503718679314642
2019-01-10,3678.924560546875,128.62518310546875,6874143796,3397734456,8.210375749471016,-0.09245928249298174,3823.45671875,5910.843530273438,0.8383347896962662,4.856902617713696,-0.1590724997470101,118.49680130004883,251.36637538909912,1.3846007048349793
2019-01-11,3687.365478515625,127.54832458496094,5538712865,2667585234,8.212667519580107,0.0022917701090907627,3809.8852294921876,5898.03445678711,0.8364300864329485,4.848495309142562,-0.008407308571134031,118.51364776611328,249.70256702423094,1.3862722477898388
2019-01-12,3661.301025390625,125.9665298461914,4778170883,2212109224,8.20557383464862,-0.007093684931486877,3796.169052734375,5885.872612304687,0.8152832147372332,4.836016235522611,-0.012479073619950931,118.56705841064453,248.16853965759276,1.3737924434941158
2019-01-13,3552.953125,116.8978042602539,4681302466,2268263944,8.175534402857725,-0.030039431790894966,3789.6129150390625,5872.851728515625,0.819008370441938,4.761300085241344,-0.07471615028126699,118.63513442993164,246.54120372772218,1.4011780239979783
2019-01-14,3706.05224609375,129.0687255859375,5651384490,2798085735,8.217722504450668,0.04218810159294328,3783.534560546875,5861.864790039062,0.8300324320234945,4.860345018977458,0.09904493373611434,118.88750900268555,245.07472240447999,1.4338834864989476
2019-01-15,3630.67529296875,122.03271484375,5537192302,2735449164,8.197173941078121,-0.020548563372546624,3780.56546875,5848.9266674804685,0.8346159325358213,4.804289163243244,-0.05605585573421479,119.1614633178711,243.504840965271,1.4546414448094949
2019-01-16,3655.0068359375,123.54706573486328,5394457145,2746469340,8.203853242479667,0.006679301401545601,3777.2512060546874,5835.181701660156,0.7798641038516703,4.816622182535945,0.012333019292701586,119.43220458984375,241.8466763305664,1.4114242797129484
2019-01-17,3678.56396484375,123.7419204711914,5464420383,2594091285,8.210277728059996,0.00642448558032882,3765.6740869140626,5821.645422363281,0.7664350155920755,4.818198110195687,0.0015759276597417937,119.4582829284668,240.19579593658446,1.3989051801391832
2019-01-18,3657.83935546875,121.01026153564452,5002961727,2305389800,8.204627912040264,-0.0056498160197318015,3753.2539404296876,5806.8637182617185,0.7650708167774193,4.7958753480806156,-0.02232276211507145,119.52763519287109,238.4241123199463,1.4024916906630163
2019-01-19,3728.568359375,124.5190200805664,5955691380,3048261797,8.223779621099002,0.019151709058737865,3747.4799365234376,5792.858610839844,0.6805548976637907,4.824458475967806,0.028583127887190862,119.75458724975586,236.72573238372803,1.3228711216278648
2019-01-20,3601.013671875,119.4748306274414,5582489560,2964108269,8.188970660330087,-0.03480896076891504,3735.2067724609374,5777.875930175781,0.6603570623119744,4.783105726823053,-0.041352749144753176,119.77137268066406,234.98651657104492,1.3136427026358077
2019-01-21,3576.032470703125,117.15785217285156,5004347059,2421720343,8.182009216426431,-0.006961443903655606,3723.92986328125,5762.560391845703,0.6500399859147703,4.763522189364482,-0.019583537458570888,119.78675170898437,233.20024589538573,1.2968240057585807
2019-01-22,3604.5771484375,118.74755096435548,5313623556,2552507405,8.189959746982904,0.007950530556472657,3718.1387890625,5747.21577758789,0.651342858603161,4.7769998192440255,0.013477629879543152,119.98320236206055,231.4239236831665,1.2323198770150128
2019-01-23,3585.123046875,117.45260620117188,5433755649,2556952198,8.184548075143455,-0.005411671839448573,3710.7033740234374,5730.856741943359,0.6459648043121133,4.766034900736737,-0.010964918507288424,120.12797073364258,229.55288669586182,1.2038577446017389
2019-01-24,3600.865478515625,117.36288452148438,5262869046,2520843420,8.188929506248964,0.004381431105509037,3707.6407861328125,5714.991669921875,0.6059001252475348,4.765270711936605,-0.0007641888001321817,120.42571731567382,227.6941061782837,1.1762449532591084
2019-01-25,3599.765869140625,116.37834167480467,5265847539,2606881898,8.18862408597942,-0.0003054202695444985,3709.2140673828126,5699.281749267579,0.6041726250339629,4.756846449898653,-0.00842426203795199,120.9180630493164,225.89258785247802,1.1743844248431605
2019-01-26,3602.46044921875,116.48873901367188,5098183235,2412181169,8.189372349109385,0.0007482631299655651,3712.86453125,5685.644300537109,0.5747691929789072,4.757794607506946,0.00094815760829281,121.3819465637207,224.30291149139404,1.0929664154782397
2019-01-27,3583.9658203125,113.40528869628906,5570752966,2775888287,8.184225237306181,-0.005147111803204041,3715.021552734375,5671.5905798339845,0.5136302710605846,4.730968027739569,-0.026826579767377012,121.80685958862304,222.63734790802002,0.9167532329798844
2019-01-28,3470.450439453125,106.58997344970705,6908930483,3366895505,8.152039674157033,-0.03218556314914878,3712.1458740234375,5657.798781738281,0.5171384151412899,4.668989449612986,-0.06197857812658292,122.03581787109376,221.01992774963378,0.936176153084195
2019-01-29,3448.116943359375,105.59821319580078,5897159493,2900418606,8.145583547495962,-0.006456126661070982,3711.0550927734375,5643.8491174316405,0.5143663823247627,4.659641450634697,-0.00934799897828853,122.3140690612793,219.3777837753296,0.9328458126425809
2019-01-30,3486.181640625,108.90753936767578,5955112627,2874370355,8.156562330466915,0.01097878297095356,3712.286962890625,5629.899425048829,0.5062119700297435,4.690499259568896,0.03085780893419887,122.71331375122071,217.74189147949218,0.9325572334452789
2019-01-31,3457.792724609375,107.0610122680664,5831198271,2828796031,8.148385723616572,-0.008176606850343049,3711.7038134765626,5615.3901879882815,0.49560221614243954,4.673398880067802,-0.017100379501093776,123.04266799926758,216.02794651031493,0.9065611182921919
2019-02-01,3487.9453125,107.60978698730467,5422926707,2541271519,8.157068106150223,0.008682382533651278,3715.1891748046874,5599.121164550781,0.486474898630761,4.67851160072242,0.00511272065461732,123.46407745361329,214.1627054977417,0.825303988398762
2019-02-02,3521.060791015625,110.43025970458984,5071623601,2385157838,8.166517584275997,0.00944947812577368,3720.760693359375,5580.121268310547,0.48119002636004116,4.704384187813857,0.02587258709143736,123.98651672363282,212.20984672546388,0.8298250362774503
2019-02-03,3464.013427734375,107.49266815185548,5043937584,2519334757,8.150183146041549,-0.016334438234448356,3725.3057275390624,5560.587436523438,0.48245113802568784,4.677422642003217,-0.026961545810640253,124.44755386352539,210.34474506378174,0.814901686315753
2019-02-04,3459.154052734375,107.82160186767578,5332718886,2491888675,8.148779344729007,-0.001403801312541475,3729.4320263671875,5540.548907470703,0.4825104148899831,4.680478026782719,0.0030553847795022904,124.89874389648438,208.53575813293457,0.8139084577698007
2019-02-05,3466.357421875,107.44351959228516,5227549545,2515863999,8.150859587253965,0.002080242524957754,3727.8418798828125,5521.110045166016,0.42841401794816736,4.676965310355691,-0.0035127164270276623,125.14493774414062,206.81948574066163,0.8093082170109138
2019-02-06,3413.767822265625,104.9192886352539,5482196038,2593048199,8.135571893503872,-0.015287693750092757,3722.1960546875,5501.082434082031,0.42906638432810407,4.653191374907578,-0.023773935448113015,125.22107437133789,205.03190216064453,0.8047979939467588
2019-02-07,3399.4716796875,104.5353012084961,5004962683,2326764622,8.13137531020303,-0.0041965833008426046,3715.266474609375,5480.987341308593,0.4283804477474899,4.649524824967327,-0.0036665499402515067,125.28640884399414,203.25629360198974,0.8052808290577802
2019-02-08,3666.7802734375,119.26774597167967,7735623101,3656841347,8.207069246297186,0.0756939360941562,3705.913251953125,5460.765693359375,0.5137471012447271,4.781370931876571,0.13184610690924448,125.34742630004882,201.59836734771727,0.9484220069798233
2019-02-09,3671.20361328125,119.4308853149414,6158833645,2884650400,8.208274847303622,0.0012056010064362965,3701.4064501953126,5437.000363769531,0.4002551940761808,4.782737838488341,0.001366906611769636,125.54611938476563,199.79865684509278,0.7757764914318092
2019-02-10,3690.188232421875,124.80648803710938,6282256903,3148766590,8.213432747229973,0.005157899926350851,3694.9265625,5414.544354248047,0.40059276536050065,4.826764442060863,0.044026603572522305,125.70705917358399,198.06022422790528,0.7921145324248956
2019-02-11,3648.4306640625,121.29839324951172,6277056434,3222473887,8.202052399067991,-0.011380348161981857,3687.9155712890624,5393.028607177735,0.4018287361442301,4.79825356977416,-0.028510872286703126,125.51772186279297,196.3465312576294,0.7970672569624004
2019-02-12,3653.528564453125,122.5722885131836,6480384532,3149576429,8.2034487095812,0.0013963105132095421,3679.41416015625,5370.471201171875,0.3870552698500521,4.808700966249862,0.010447396475702142,125.16440750122071,194.6110627746582,0.7523849177683267
2019-02-13,3632.070556640625,122.55360412597656,6438903823,3386585799,8.19755816592033,-0.005890543660870051,3675.7457568359373,5347.670802001953,0.35777569150232896,4.808548518974366,-0.00015244727549657,125.01859268188477,192.88934074401857,0.6651548737377294
2019-02-14,3616.880859375,121.39020538330078,6271044418,3331701628,8.19336729233716,-0.004190873583171495,3670.937421875,5324.662906494141,0.3508198464846049,4.7990101948376065,-0.009538324136759257,124.80908416748046,191.16296672821045,0.6365067607783741
2019-02-15,3620.810791015625,122.1003875732422,6091952231,3021741615,8.194453255159749,0.0010859628225894369,3670.2569677734373,5301.864560546875,0.3499955819768667,4.804843555339649,0.005833360502042417,124.91957366943359,189.48806369781494,0.6353016786692217
2019-02-16,3629.78759765625,123.26021575927734,5934744052,2905833287,8.196929412504586,0.002476157344837304,3664.374345703125,5281.111298828125,0.3493091931943238,4.814297695972914,0.009454140633264885,124.6318376159668,187.93502975463866,0.6362026031027492
2019-02-17,3673.836181640625,133.598876953125,7039512503,4236081130,8.208991676223711,0.012062263719125,3661.4428955078124,5261.3559289550785,0.3514444330516068,4.894841855027731,0.08054415905481704,124.54344833374023,186.49928909301758,0.6899496349461176
2019-02-18,3915.71435546875,146.09837341308594,9908216640,5387525773,8.2727530580555,0.06376138183178881,3662.4381298828125,5243.098751220703,0.4111786511774481,4.98428018531402,0.08943833028628934,124.66822677612305,185.16667594909669,0.7482113518480284
2019-02-19,3947.094482421875,145.34619140625,9933626655,5310842625,8.280735013157411,0.007981955101911353,3666.5260107421873,5225.662272949219,0.3899909272484329,4.979118423746206,-0.005161761567814338,124.90778549194336,183.8020969390869,0.7302257810741467
2019-02-20,3999.820556640625,149.55433654785156,8693373948,4500094965,8.294004778255907,0.013269765098495867,3669.652021484375,5210.497125244141,0.38983299360551377,5.0076597819664865,0.0285413582202807,125.08248397827148,182.51360855102538,0.7278521501671544
2019-02-21,3954.1181640625,146.13084411621094,7775128102,3995766856,8.282512887973578,-0.01149189028232911,3669.8661962890624,5194.925316162109,0.39307103022718215,4.984502412944324,-0.023157369022162477,124.9041471862793,181.19168281555176,0.7356450794570167
2019-02-22,4005.526611328125,149.0924530029297,7826525254,3731099284,8.29543033933005,0.012917451356472043,3673.241904296875,5180.193950195313,0.39328360711340915,5.004566603473711,0.020064190529386572,124.9032960510254,179.90385513305665,0.7341122837522491
2019-02-23,4142.52685546875,158.79542541503906,8922258316,4519468458,8.329061232193101,0.03363089286305154,3678.9380908203125,5167.1409838867185,0.40692206824342986,5.067616741188019,0.06305013771430801,124.98756576538086,178.79675727844239,0.7579359790806954
2019-02-24,3810.427490234375,135.8526611328125,10794227451,5957715043,8.245496663987808,-0.08356456820529345,3678.2427490234377,5154.664122314453,0.5102507381906725,4.911570924438781,-0.1560458167492378,124.59184707641602,177.69295555114746,0.9530789229555308
2019-02-25,3882.6962890625,139.82286071777344,9318796067,4914392068,8.264285111133786,0.018788447145977827,3674.3640234375,5141.236453857422,0.5136091353499853,4.940376340878637,0.028805416439856124,124.23338027954101,176.56412979125977,0.9564775846978154
2019-02-26,3854.35791015625,138.0896759033203,7931218996,3791292839,8.256959711853975,-0.007325399279810796,3670.9462158203123,5129.584693603516,0.5140731725366422,4.927903299498491,-0.012473041380146377,123.96118942260742,175.58369819641112,0.9515588397462061
2019-02-27,3851.04736328125,136.12596130371094,8301309684,4469776860,8.256100432695717,-0.0008592791582575643,3667.350205078125,5117.361280517578,0.49891760928147016,4.913580643147094,-0.01432265635139629,123.67651596069337,174.6537680053711,0.922426417454067
2019-02-28,3854.785400390625,136.74624633789062,8399767798,4535438953,8.257070616585564,0.0009701838898461546,3663.7399853515626,5105.0217578125,0.4977292901189525,4.918126991842291,0.004546348695196656,123.39537857055664,173.73964920043946,0.9203794015772435
2019-03-01,3859.583740234375,136.44361877441406,7661247975,3756124824,8.25831461732628,0.0012440007407157339,3667.3531689453125,5092.831827392578,0.4970993461453638,4.915911480024975,-0.0022155118173161625,123.55174728393554,172.98939231872558,0.9175455014198081
2019-03-02,3864.4150390625,134.2069549560547,7578786076,3747176425,8.259565601329836,0.00125098400355661,3670.89416015625,5081.155352783203,0.4954228308953955,4.899383048500618,-0.01652843152435679,123.68491989135742,172.26576705932618,0.9173545389017577
2019-03-03,3847.17578125,132.24942016601562,7253558152,3454374053,8.255094594780923,-0.004471006548913081,3674.6116552734375,5068.848631591797,0.49588412161377454,4.8846896863508436,-0.014693362149774458,123.8105776977539,171.51519409179687,0.9206077750454366
2019-03-04,3761.55712890625,127.7741241455078,9029175788,4008171341,8.232588280684025,-0.02250631409689774,3678.7837353515624,5055.982767333984,0.5033413938338847,4.850264049968418,-0.03442563638242557,124.02810409545899,170.71383476257324,0.9289327224983402
2019-03-05,3896.375,137.8223876953125,10174126415,4764849990,8.26780191269718,0.035213632013155305,3682.5901904296875,5042.561492919922,0.5114965503151859,4.92596581051642,0.07570176054800193,124.20317733764648,169.82430168151856,0.953366097381126
2019-03-06,3903.942626953125,138.7893524169922,9175291529,4589054219,8.269742251460121,0.001940338762940641,3688.055537109375,5029.962407226562,0.5111913276548342,4.932957333437072,0.00699152292065186,124.53831008911133,169.03918838500977,0.9531932004316815
2019-03-07,3911.484375,138.0345001220703,9584165519,4339206292,8.27167221648594,0.0019299650258197687,3693.185087890625,5016.989479980469,0.5111988182698776,4.927503654796759,-0.005453678640312987,124.82805877685547,168.22519081115723,0.9535229067755476
2019-03-08,3901.131591796875,135.1270751953125,10638638944,4678816794,8.26902194177465,-0.0026502747112910896,3697.6364404296874,5004.952489013672,0.5070729657094482,4.906215633438578,-0.021288021358181197,125.0557618713379,167.52925117492677,0.9525076581582602
2019-03-09,3963.313720703125,137.96533203125,10796103518,5011918715,8.284835752485497,0.01581381071084742,3703.745927734375,4992.325258789063,0.5075826906939878,4.927002436432032,0.020786802993454145,125.39486328125,166.8093578338623,0.9524166722896114
2019-03-10,3951.599853515625,136.75868225097656,9713267607,4578438499,8.281875802100682,-0.002959950384815002,3708.2065576171876,4980.199708251953,0.43951034455502364,4.918217929238986,-0.008784507193046132,125.6396565246582,166.13644622802735,0.844821272233728
2019-03-11,3905.227294921875,133.8340301513672,10125901903,4689807419,8.270071266705836,-0.011804535394846383,3714.290830078125,4967.0514453125,0.442323995294892,4.896600451315617,-0.021617477923368433,125.92684051513672,165.42009635925294,0.8497050984921152
2019-03-12,3909.15625,134.44288635253906,9809887079,4709988000,8.271076836853911,0.001005570148075563,3720.9533056640626,4952.997426757813,0.4421950640744063,4.9011394720740675,0.004539020758450363,126.27254119873047,164.6774757385254,0.8372455771504262
2019-03-13,3906.71728515625,133.26307678222656,9469184841,4265162099,8.270452731330211,-0.0006241055237001802,3726.9961083984376,4938.715063476562,0.4397073009462427,4.892325195433265,-0.00881427664080281,126.56285171508789,163.94556114196777,0.8308640611420369
2019-03-14,3924.369140625,133.7115936279297,10480789570,4476532147,8.274960888795114,0.004508157464902851,3733.7810302734374,4924.800610351563,0.43976255511865564,4.895685194095147,0.003359998661882635,126.88803146362305,163.23813415527343,0.8304467357999228
2019-03-15,3960.9111328125,137.69178771972656,9394210605,4506861856,8.284229361826812,0.009268473031697866,3740.981943359375,4910.181965332031,0.439351314924194,4.925017765028953,0.029332570933805258,127.2946095275879,162.4985781097412,0.8354363572984868
2019-03-16,4048.725830078125,142.39817810058594,9856166973,4839003569,8.306157500743268,0.021928138916456064,3749.961142578125,4894.944195556641,0.44348034978814066,4.95862720465857,0.03360943962961738,127.81500625610352,161.72807403564454,0.8402549333504451
2019-03-17,4025.22900390625,140.00054931640625,8221625400,3827157729,8.300337083614618,-0.00582041712864978,3758.416513671875,4879.8345397949215,0.4446571405445274,4.941646346290223,-0.016980858368347285,128.2852424621582,160.9815167236328,0.8438403121797378
2019-03-18,4032.50732421875,139.37460327148438,9646954186,4551739879,8.302143626294987,0.0018065426803683948,3767.38734375,4865.105926513672,0.44468323812201643,4.937165295727708,-0.004481050562514355,128.80462875366212,160.2578646850586,0.8442229363564678
2019-03-19,4071.190185546875,140.51919555664062,9344919956,4251488129,8.311690664568946,0.00954703827395953,3779.402138671875,4850.2739770507815,0.4441604342629295,4.94534410262064,0.008178806892932045,129.48321319580077,159.54544067382812,0.7982271345348935
2019-03-20,4087.476318359375,140.6863555908203,10175916388,4664134462,8.315683021515179,0.003992356946232789,3792.189326171875,4834.745108642578,0.3872485302008736,4.946532984228325,0.0011888816076845998,130.18497604370117,158.7721674346924,0.7327870218673281
2019-03-21,4029.326904296875,136.6360626220703,10831212662,5087247796,8.30135461972484,-0.014328401790338674,3803.0522314453124,4818.528142089844,0.3903054621407765,4.91732091392009,-0.029212070308235027,130.73954650878906,157.9834927368164,0.7391734839177074
2019-03-22,4023.96826171875,137.1814422607422,9252935969,4490899266,8.30002382450164,-0.0013307952232004538,3814.3757421875,4802.347683105469,0.38769518517529444,4.921304445653043,0.003983531732952628,131.34195510864257,157.22310493469237,0.7312987806787239
2019-03-23,4035.826416015625,138.2398681640625,9578850549,4436568613,8.302966371632738,0.0029425471310986495,3825.3333642578127,4785.718514404297,0.38547897893421934,4.928990351380975,0.007685905727932152,131.95455673217774,156.4856893157959,0.7284419334764678
2019-03-24,4022.168212890625,136.98692321777344,9144851065,4266845458,8.299576392653115,-0.0033899789796230095,3835.3555126953124,4771.865205078125,0.38315381077968835,4.919885470307234,-0.009104881073740856,132.4856900024414,156.00896896362303,0.7244919277062218
2019-03-25,3963.070556640625,135.03102111816406,10359818883,4480516753,8.284774396877678,-0.014801995775437504,3845.3366552734374,4759.034708251953,0.36676063242611234,4.9055045381021305,-0.014380932205103392,133.03645706176758,155.5330490875244,0.6851570122129532
2019-03-26,3985.080810546875,135.46035766601562,10707678815,4499271679,8.29031286970048,0.005538472822802731,3855.8551904296874,4746.624763183594,0.21677107993968087,4.908679034164312,0.0031744960621811202,133.58923217773437,155.12433586120605,0.4172664079257065
2019-03-27,4087.066162109375,140.9881591796875,10897131934,5228240093,8.31558267186226,0.025269802161778543,3868.269365234375,4735.930194091797,0.22432661683461572,4.94867590940284,0.03999687523852824,134.26012496948243,154.8395216369629,0.42869245268035583
2019-03-28,4069.107177734375,139.41647338867188,9353915899,4163212475,8.311178887722226,-0.00440378414003284,3881.37615234375,4724.771430664063,0.22307350650445332,4.9374656648643676,-0.011210244538472303,134.95006866455077,154.55198402404784,0.4282421486729533
2019-03-29,4098.37451171875,142.49742126464844,10918665557,5125602702,8.318345713524732,0.007166825802505272,3895.354208984375,4713.614802246094,0.22362199957965395,4.959323903156531,0.021858238292163712,135.70931106567383,154.2790761566162,0.4312579158300213
2019-03-30,4106.66015625,142.09268188476562,9732688060,5144662127,8.32036536308941,0.002019649564678261,3904.151806640625,4702.542102050781,0.22358670886360368,4.956479534021553,-0.0028443691349782085,136.16580978393554,154.06420959472655,0.4313766638257709
2019-03-31,4105.404296875,141.51409912109375,9045122443,4249050197,8.320059505922321,-0.00030585716708841915,3912.8358203125,4691.310124511719,0.22372755845182074,4.952399352551272,-0.004080181470280664,136.6074740600586,153.85512512207032,0.43161571845023294
2019-04-01,4158.18310546875,141.830322265625,10157794171,4611999536,8.332833504357634,0.01277399843531235,3922.1957177734375,4679.514489746094,0.22679368755726687,4.954631429500402,0.0022320769491299686,136.9479507446289,153.5075067138672,0.42684234151407435
2019-04-02,4879.8779296875,163.9617462158203,21315047816,9826645698,8.492875484126028,0.16004197976839407,3946.8246630859376,4671.350329589844,0.5933727707987565,5.0996331458344875,0.1450017163340851,137.80121780395507,153.26857048034668,0.6526912751725554
2019-04-03,4973.02197265625,161.45880126953125,22899891582,10622456246,8.511782977095537,0.01890749296950922,3973.21453125,4663.499438476562,0.5841515727618154,5.084250009620786,-0.015383136213701576,138.57894805908202,152.96049446105957,0.6406883412572526
2019-04-04,4922.798828125,158.0525360107422,18251810240,7953123529,8.501632515247653,-0.010150461847883818,3999.0290966796874,4655.527531738281,0.5802472532591546,5.062927484156068,-0.02132252546471758,139.28892669677734,152.64781211853028,0.599312127255011
2019-04-05,5036.68115234375,165.5148468017578,16837325387,7531316908,8.524502642638964,0.022870127391311,4027.4251025390627,4649.304936523437,0.5821789672789178,5.109060899565477,0.04613341540940841,140.1714195251465,152.48601135253907,0.616608373705934
2019-04-06,5059.8173828125,165.94720458984375,16929795194,7167016221,8.529085671276977,0.004583028638013076,4056.205234375,4642.747524414062,0.5818760590635607,5.111669693130125,0.0026087935646481597,141.04835586547853,152.26587234497072,0.6153849005808721
2019-04-07,5198.89697265625,174.53164672851562,16655416140,7596176020,8.556201761425724,0.027116090148746608,4087.587421875,4636.749309082032,0.5839047661350403,5.162106081809765,0.050436388679639954,142.07378448486327,152.08868560791015,0.6259153788002932
2019-04-08,5289.77099609375,180.25881958007807,17154113634,9304964610,8.573530233951933,0.017328472526209282,4119.906118164063,4630.599814453125,0.5841323902560941,5.194393704677211,0.0322876228674458,143.00698333740235,151.8670246887207,0.6300220716743093
2019-04-09,5204.95849609375,176.1145782470703,14722104361,7632529578,8.557367007164013,-0.016163226787920593,4145.6910009765625,4622.949855957031,0.5895029431402418,5.17113479598871,-0.023258908688500668,143.60730743408203,151.5146775817871,0.6371224608404495
2019-04-10,5324.5517578125,177.3374786376953,15504590933,7856924879,8.580083810097928,0.02271680293391576,4173.240146484375,4615.96271484375,0.5863233894503855,5.178054576176803,0.006919780188092695,144.24713317871092,151.19896499633788,0.6278918702174735
2019-04-11,5064.48779296875,165.4970245361328,16555616019,7859383417,8.530008284810737,-0.05007552528719117,4194.533491210937,4607.732004394531,0.6225076975696029,5.108953216021861,-0.06910136015494128,144.56598693847656,150.8048001098633,0.68498465971577
2019-04-12,5089.5390625,164.736328125,13675206312,6237185309,8.534942547978375,0.004934263167637454,4217.241909179687,4600.202648925781,0.62176906470338,5.104346184354904,-0.004607031666957084,144.93809661865234,150.4848317718506,0.6839241392214164
2019-04-13,5096.58642578125,164.5133514404297,10823289598,4959301561,8.536326266334056,0.001383718355681296,4239.06310546875,4593.453229980469,0.6221369450743914,5.102991730683435,-0.0013544536714693578,145.24651458740234,150.21487350463866,0.6844432876192132
2019-04-14,5167.72216796875,167.83851623535156,10391952498,4846298303,8.550187283949347,0.013861017615290905,4259.56701171875,4586.816840820313,0.6223948118702177,5.123002304257097,0.020010573573662427,145.42737640380858,149.97483108520507,0.6813650466787137
2019-04-15,5067.1083984375,161.5741729736328,12290155061,5672311824,8.5305255982681,-0.019661685681246155,4284.700629882813,4578.7686328125,0.6282868877216389,5.084964312606587,-0.03803799165051025,145.941806640625,149.64023193359375,0.6913759016224348
2019-04-16,5235.5595703125,167.62344360351562,11618660197,5180105341,8.563229007814348,0.032703409546247286,4311.7578955078125,4571.72578125,0.632379552737028,5.121720056568524,0.036755743961936815,146.49781829833984,149.36633918762206,0.6960368191822601
2019-04-17,5251.93798828125,166.9507598876953,12438480677,5596102715,8.566352428095032,0.0031234202806835754,4339.709497070313,4564.975671386719,0.6322138847744018,5.117698917967776,-0.004021138600747598,147.07503997802735,149.04291801452638,0.6959514771762957
2019-04-18,5298.3857421875,173.81402587890625,13256489918,6971581464,8.57515747620148,0.00880504810644922,4368.656264648437,4558.339799804688,0.6322082501091029,5.1579859108346495,0.040286992866873206,147.82880126953125,148.74774810791016,0.7061431384828283
2019-04-19,5303.8125,173.70843505859375,13780238655,6541053061,8.576181180562115,0.0010237043606338148,4397.636806640625,4551.91076171875,0.6325760296111296,5.157378233142238,-0.0006076776924111016,148.56804504394532,148.46245025634767,0.7063598122452865
2019-04-20,5337.88623046875,173.7512664794922,13169647522,6142567812,8.582585016599229,0.006403836037113919,4427.202856445312,4545.819692382813,0.6271942569673823,5.157624773508939,0.0002465403667004651,149.31419799804686,148.19530158996582,0.6947148965939385
2019-04-21,5314.53125,170.04652404785156,13731844223,6005571688,8.57820009309559,-0.00438492350363795,4456.205180664063,4539.879399414062,0.627940388841629,5.136072070478935,-0.021552703030003784,150.0309893798828,147.94308921813965,0.7022471029471579
2019-04-22,5399.365234375,171.87466430664062,14601631648,6094878077,8.594036676453104,0.01583658335751359,4487.248969726563,4533.992775878906,0.6279150925069588,5.146765515293929,0.010693444814993569,150.8234942626953,147.69137252807616,0.702353857466526
2019-04-23,5572.3623046875,171.4477996826172,15867308108,7097827092,8.625574355163346,0.031537678710241934,4523.465073242188,4528.7421875,0.6305624760199734,5.144278845246043,-0.0024866700478858306,151.6969677734375,147.41060653686523,0.7007907379138758
2019-04-24,5464.86669921875,165.8260955810547,17048033399,7351304156,8.6060950085874,-0.0194793465759453,4554.834907226563,4523.124970703125,0.633164622719777,5.1109396222407195,-0.033339223005323326,152.25704193115234,147.11413703918458,0.7112756576572181
2019-04-25,5210.515625,154.4593963623047,15330283408,6820332362,8.558434098180506,-0.04766091040689524,4580.9663671875,4516.162797851563,0.6650245364077891,5.039931255081589,-0.07100836715913061,152.57044281005858,146.7558390045166,0.7613979676008059
2019-04-26,5279.34814453125,156.3470916748047,16812108040,7505283355,8.571557911603664,0.013123813423158381,4608.323642578125,4509.298388671875,0.6626152598517228,5.0520784823544735,0.012147227272884642,152.9366946411133,146.39129943847655,0.7511264590119263
2019-04-27,5268.291015625,158.4349365234375,13111274675,5863109118,8.569461303483356,-0.0020966081203077636,4635.6668310546875,4502.4266430664065,0.6620970042300522,5.065344013920881,0.013265531566407418,153.4028518676758,146.0435641479492,0.74996611816021
2019-04-28,5285.13916015625,157.29507446289062,12819992056,5379894433,8.572654229113072,0.003192925629715404,4662.10333984375,4495.9246899414065,0.6623510274029143,5.058123496559924,-0.007220517360956968,153.7894467163086,145.70119453430175,0.7482361295057608
2019-04-29,5247.3525390625,155.20199584960938,13735490672,6053776253,8.56547895012081,-0.007175278992262335,4688.0183935546875,4490.880251464844,0.6642530637092632,5.044727467522161,-0.013396029037762602,154.15831298828124,145.5297095489502,0.7502280641406498
2019-04-30,5350.7265625,162.16603088378906,13878964574,6275803460,8.584987636744009,0.019508686623199267,4716.92837890625,4486.260983886718,0.6646661939421664,5.088620692398091,0.04389322487592917,154.72495300292968,145.35690467834473,0.7631274792752568
2019-05-01,5402.697265625,160.81834411621094,13679528236,5789172433,8.594653601481204,0.009665964737195054,4746.79919921875,4481.844519042968,0.6645225246212998,5.080275430562896,-0.008345261835194684,155.25246215820312,145.16179138183594,0.7644209886338315
2019-05-02,5505.28369140625,162.12278747558594,14644460907,6044171062,8.61346358123611,0.018809979754905726,4778.77052734375,4477.916286621094,0.3825258509450962,5.088353995515489,0.008078564952593403,155.8296563720703,144.9938303375244,0.571925923600385
2019-05-03,5768.28955078125,167.95240783691406,18720780006,7299410672,8.660130877216144,0.046667295980034496,4815.648935546875,4473.775034179687,0.4075599578143281,5.123680652584971,0.035326657069481904,156.51447265625,144.7850724029541,0.5824338385466385
2019-05-04,5831.16748046875,164.02658081054688,17567780766,6658100049,8.670972513236146,0.010841636020002099,4853.0540625,4469.950322265625,0.4043387790498232,5.100028492804051,-0.02365215978092028,157.0411685180664,144.5546053314209,0.5836288982292416
2019-05-05,5795.70849609375,163.45069885253906,14808830723,5938415562,8.664873008196103,-0.00609950504004253,4887.993715820313,4466.206713867187,0.4014214467915122,5.096511408796069,-0.0035170840079823407,157.46221893310548,144.33644386291505,0.5608053802740736
2019-05-06,5746.80712890625,172.65321350097656,15737171804,7540096853,8.656399697635942,-0.008473310560161096,4922.425278320313,4462.557199707031,0.40403558148649743,5.151285036468905,0.054773627672836334,158.11527221679688,144.1829499053955,0.5929461903789218
2019-05-07,5829.50146484375,169.7986602783203,18026409033,8411140170,8.670686763654514,0.014287066018571437,4958.365161132812,4459.37765625,0.3973170875575186,5.1346133838480075,-0.016671652620897426,158.7237533569336,144.01330818176268,0.5686893622795284
2019-05-08,5982.45751953125,170.9481658935547,15320605300,6416569598,8.69658671896856,0.025899955314045542,4996.5905078125,4456.843994140625,0.4020823776129825,5.141360387121962,0.006747003273954277,159.33233276367187,143.84089904785156,0.5567734518403438
2019-05-09,6174.52880859375,170.289306640625,16784645411,6546914198,8.728187852284098,0.03160113331553838,5038.331557617187,4455.304887695313,0.4062782898313921,5.137498794391402,-0.0038615927305594155,159.92439178466796,143.66663558959962,0.5514352414640826
2019-05-10,6378.84912109375,173.1427459716797,19419875368,8036919053,8.760742971523566,0.03255511923946841,5085.322001953125,4454.763332519531,0.4128625093397121,5.154116375495983,0.01661758110458056,160.65452545166016,143.51212928771972,0.5542454407872025
2019-05-11,7204.771484375,194.3043365478516,28867562329,12578331654,8.882498791674578,0.12175582015101227,5148.93806640625,4458.408488769532,0.5357648066070667,5.269425674960126,0.11530929946414314,161.79698333740234,143.4619709777832,0.6355113805815779
2019-05-12,6972.37158203125,187.3253173828125,27773333680,10326050090,8.849710701552365,-0.03278809012221373,5207.668969726563,4460.791147460937,0.557519928617339,5.232846770538609,-0.03657890442151679,162.77869232177736,143.37933753967286,0.6514017664591661
2019-05-13,7814.9150390625,196.8462829589844,28677672181,10367149039,8.963789371275368,0.1140786697230034,5283.52390625,4467.484272460937,0.6629538500131326,5.282423134605343,0.04957636406673416,163.97587951660157,143.34997398376464,0.6698178897162185
2019-05-14,7994.416015625,217.1485748291016,32031452227,12751049755,8.986498578901047,0.022709207625679184,5364.150815429687,4475.0826025390625,0.663606793978235,5.380581795888152,0.0981586612828087,165.6182305908203,143.41907188415527,0.7419958834451134
2019-05-15,8205.16796875,247.15306091308597,28344112920,13460006534,9.012519474825927,0.026020895924879994,5448.55255859375,4483.70654296875,0.6530163788437339,5.5100078245157915,0.1294260286276394,167.85208465576173,143.63378715515137,0.8337986363465012
2019-05-16,7884.9091796875,264.010009765625,33167197581,18661465873,8.972705981218883,-0.03981349360704378,5524.509418945312,4490.699138183594,0.6782637753770522,5.575987018206414,0.06597919369062222,170.31252166748047,143.92700721740724,0.8498391841779337
2019-05-17,7343.8955078125,243.76458740234372,30066644905,16037551694,8.901624703960065,-0.07108127725881808,5590.005185546875,4495.755466308594,0.7393894789085552,5.496202953840476,-0.07978406436593755,172.3994839477539,144.15959518432618,0.9102805659843948
2019-05-18,7271.2080078125,234.59523010253903,21354286562,10933142646,8.891677720109447,-0.009946983850618096,5653.46185546875,4500.44015625,0.743030363144004,5.457861603968938,-0.03834134987153792,174.2414401245117,144.34479133605956,0.9214463956331924
2019-05-19,8197.689453125,261.2922058105469,25902422040,12049250894,9.011607619537443,0.11992989942799603,5735.28244140625,4509.840554199219,0.8340258139084079,5.565639343572491,0.10777773960355308,176.62543060302735,144.6643473815918,0.9813563483620419
2019-05-20,7978.30908203125,251.86441040039065,23843404340,10834541285,8.984481773508747,-0.027125846028695833,5812.740537109375,4517.843200683594,0.846240304410754,5.52889088874174,-0.036748454830751065,178.83243682861328,144.92930946350097,0.9960700289130466
2019-05-21,7963.32763671875,255.21588134765625,25127245056,11545049593,8.982602236295953,-0.0018795372127939913,5888.843427734375,4525.717639160156,0.8456226135308548,5.542109780520481,0.013218891778740804,181.10014801025392,145.20221389770506,0.9885185380133674
2019-05-22,7680.06640625,244.69891357421875,24719473175,9818257463,8.94638347275147,-0.03621876354448261,5944.847197265625,4532.311672363281,0.8631097640290627,5.500028530611303,-0.042081249909178275,182.71489135742186,145.4247784423828,1.0073874538035987
2019-05-23,7881.8466796875,245.96566772460935,24457107820,10671663487,8.972317505610352,0.025934032858881295,6003.02369140625,4539.840256347657,0.8617125922675797,5.505191964097583,0.005163433486280233,184.40502868652345,145.61717681884767,1.0063771903920546
2019-05-24,7987.37158203125,249.4849853515625,25919126991,9929433206,8.985617021189569,0.013299515579216603,6064.315146484375,4547.678813476563,0.8544070430700982,5.519398734429094,0.014206770331511187,186.23367767333986,145.81914672851562,0.9929746807292399
2019-05-25,8052.5439453125,251.75987243652344,22256813107,8924985385,8.993743338540664,0.00812631735109548,6124.63240234375,4555.636484375,0.8265476892191133,5.5284757460691925,0.00907701164009822,187.95857818603517,145.9856861114502,0.9452170326211132
2019-05-26,8673.2158203125,267.06964111328125,26677970091,9664267731,9.067994914534022,0.07425157599335819,6196.90037109375,4566.351862792969,0.8523553511422669,5.587509452530134,0.05903370646094164,189.9810269165039,146.23511932373046,0.9567122659753919
2019-05-27,8805.7783203125,272.8626403808594,27949839564,12074664736,9.08316341228915,0.015168497755126964,6269.037998046875,4578.112153320312,0.8497254537383718,5.608968519775073,0.021459067244938623,191.9476467895508,146.53827751159668,0.9566452217282603
2019-05-28,8719.9619140625,271.7687072753906,24226919267,10362846898,9.073370149240104,-0.00979326304904582,6337.64181640625,4589.783862304687,0.8536034983770492,5.60495136365179,-0.0040171561232824615,193.77784454345704,146.84675102233888,0.9556419290101937
2019-05-29,8659.4873046875,269.4556884765625,23473479966,9819132174,9.066410797111958,-0.0069593521281454684,6406.732392578125,4601.035197753907,0.8535278434090269,5.5964039555931535,-0.00854740805863674,195.6446667480469,147.13136444091796,0.9537703148860823
2019-05-30,8319.47265625,255.85894775390625,29246528551,13604268584,9.026354149144229,-0.04005664796772912,6466.630810546875,4610.5762109375,0.87604948862977,5.544626307295059,-0.051777648298094725,197.21509613037108,147.35395919799805,0.9796008543556554
2019-05-31,8574.501953125,268.1135559082031,25365190957,11255023515,9.056548189079138,0.030194039934908545,6536.83109375,4621.592370605469,0.877486271187211,5.591410606843935,0.046784299548876085,199.2674267578125,147.64243698120117,0.9817945520336577
2019-06-01,8564.0166015625,265.3912658691406,22488303544,9942869852,9.055324588236711,-0.0012236008424260092,6606.32064453125,4632.615002441406,0.879285946780541,5.581205212046639,-0.010205394797296208,201.2805255126953,147.93526329040526,0.9859571067419716
2019-06-02,8742.9580078125,270.2255249023437,20266216022,8744111713,9.076003856219854,0.02067926798314268,6679.248076171875,4647.638041992188,0.8720477253155746,5.599256887764414,0.018051675717775773,203.3947689819336,148.37940589904784,0.9836281202069947
2019-06-03,8208.9951171875,252.60792541503903,22004511436,9375712917,9.012985797535993,-0.0630180586838609,6740.07353515625,4660.442868652343,0.9123901820750031,5.531838584780644,-0.0674183029837705,205.09015716552733,148.73841552734376,1.0170307449688152
2019-06-04,7707.77099609375,241.3387908935547,24609731549,10132549747,8.949984319193291,-0.0630014783427022,6792.886787109375,4671.103974609375,0.9470563467084688,5.4862017176617215,-0.04563686711892245,206.68544952392577,149.0692244720459,1.0367864409559964
2019-06-05,7824.2314453125,247.05101013183597,21760923463,8548917062,8.964980792733227,0.014996473539936162,6844.660224609375,4682.453481445313,0.9449850971751828,5.509594834058287,0.023393116396565716,208.2740008544922,149.4344744873047,1.02659679138294
2019-06-06,7822.0234375,249.47433471679688,19474611077,8265146806,8.964698551667402,-0.0002822410658254171,6896.06193359375,4693.4458984375,0.9455749741644318,5.519356043033869,0.009761208975581859,209.92447235107423,149.7965111541748,1.0214508061921475
2019-06-07,8043.951171875,250.93035888671875,19141423231,8379534528,8.99267568074421,0.027977129076807827,6950.9732421875,4709.308203125,0.9460477430816941,5.5251754459995395,0.005819402965670406,211.46679901123048,150.3052879333496,1.021525395339533
2019-06-08,7954.1279296875,245.73809814453125,16522722810,7225996863,8.981446309330462,-0.011229371413747913,7003.97955078125,4726.8194921875,0.9454605982620728,5.504266327109938,-0.020909118889601785,212.9073922729492,150.88228340148925,1.0267411006163236
2019-06-09,7688.0771484375,233.08670043945312,16610726547,7566421456,8.947425985516206,-0.03402032381425535,7050.983369140625,4742.249028320312,0.9525815052109509,5.451410489242202,-0.05285583786773529,214.09410095214844,151.36421188354493,1.0513037626033992
2019-06-10,8000.32958984375,247.52012634277344,18689275117,8141159848,8.987238018543797,0.03981203302759084,7104.6993359375,4760.4209765625,0.8664845004939216,5.511491897259231,0.06008140801702844,215.64357299804686,151.9682825088501,0.9979083011915137
2019-06-11,7927.71435546875,245.7818298339844,17107279932,7382269700,8.978120045525813,-0.009117973017984227,7155.266318359375,4778.323999023438,0.8579018382063552,5.504444271836404,-0.007047625422826442,217.12171630859376,152.58071166992187,0.986530032769532
2019-06-12,8145.857421875,260.9032897949219,19034432883,8645598618,9.005264785216365,0.0271447396905522,7206.736220703125,4799.649486083985,0.766596016495625,5.564149801472621,0.05970552963621678,218.91082611083985,153.317758102417,0.9923820880412612
2019-06-13,8230.923828125,256.1687927246094,18669407147,8442077836,9.01565353866242,0.010388753446054722,7262.05736328125,4820.754255371094,0.7634802604986879,5.5458365737866115,-0.018313227686009625,220.71768005371095,154.01635208129883,0.943194168245397
2019-06-14,8693.8330078125,264.08746337890625,19831162906,8676891267,9.07036920361323,0.054715664950810705,7331.7237109375,4845.327770996094,0.7816734431438679,5.57628034895604,0.0304437751694282,222.91024139404297,154.795114402771,0.8366972585399324
2019-06-15,8838.375,269.0193176269531,18371033226,8126853944,9.086858315204662,0.016489111591431183,7402.904248046875,4870.416046142578,0.7683892066563738,5.594783189763031,0.01850284080699094,225.16368591308594,155.5901609802246,0.807015934155038
2019-06-16,8994.48828125,269.22320556640625,23348550311,9676746453,9.104367255522355,0.017508940317693344,7477.428193359375,4894.101387939453,0.720354038619409,5.5955407960108445,0.0007576062478138468,227.37945129394532,156.32408699035645,0.7531086752690344
2019-06-17,9320.3525390625,274.3511047363281,15562951919,6009795781,9.139955733043916,0.03558847752156069,7558.1324609375,4919.308917236328,0.7245614422233507,5.6144086902376396,0.018867894226795023,229.72057189941407,157.10812927246093,0.7396007190136578
2019-06-18,9081.7626953125,265.0518493652344,15848210536,6205242504,9.11402358219436,-0.025932150849556024,7634.8206640625,4944.631387939453,0.6114607422759846,5.579925464829712,-0.0344832254079277,231.91756896972657,157.86753143310546,0.6526634183814229
2019-06-19,9273.521484375,269.4317932128906,15546809946,5516510947,9.134918466075998,0.020894883881638293,7713.2765625,4969.925635986328,0.6041722640426058,5.596315271908713,0.016389807079001173,234.0628842163086,158.62151260375975,0.6407276044974297
2019-06-20,9527.16015625,271.69500732421875,17846823784,6408981097,9.16190196234012,0.026983496264122664,7795.7658203125,4996.862047119141,0.6084003186989635,5.604680140570492,0.008364868661779212,236.28041748046874,159.39804313659667,0.6399046486504782
2019-06-21,10144.556640625,294.9102783203125,20624008643,9331694140,9.224692549050138,0.06279058671001714,7888.551279296875,5028.11417602539,0.6198831686610281,5.686671168792402,0.08199102822190962,238.93616729736328,160.3279694366455,0.6773689406585228
2019-06-22,10701.69140625,309.3803100585937,29995204861,10613731255,9.278157083307873,0.0534645342577349,7987.21931640625,5061.8381640625,0.6364118982237246,5.734571297001415,0.04790012820901346,241.76472534179686,161.32380004882813,0.6927568250542389
2019-06-23,10855.37109375,307.8277893066406,20998326502,8161062380,9.292415268162872,0.014258184854998746,8087.703388671875,5097.345045166016,0.636479546058927,5.7295405009767615,-0.005030796024653839,244.64074951171875,162.35056121826173,0.6937129116512577
2019-06-24,11011.1025390625,310.4246826171875,19271652365,8205712062,9.306659364490764,0.014244096327892919,8192.01126953125,5134.795048828125,0.6365831711621971,5.737941303888555,0.008400802911793903,247.58022918701172,163.4438793563843,0.6936914970278184
2019-06-25,11790.9169921875,318.1263122558594,24879684533,9641764965,9.375084767622074,0.06842540313130918,8312.893466796875,5176.649947509765,0.6295166424247002,5.762448512265582,0.02450720837702658,250.48969116210938,164.5680381011963,0.6711726666415482
2019-06-26,13016.2314453125,336.753173828125,45105733173,16437084081,9.473952430341313,0.09886766271923975,8456.62806640625,5224.350531005859,0.7013679735432994,5.819350240125421,0.056901727859838935,253.82878143310546,165.79100578308106,0.6926030870186577
2019-06-27,11182.806640625,294.26763916015625,39977475223,14038092503,9.322132756404326,-0.1518196739369877,8560.635048828124,5262.193392333985,0.9049421394490812,5.684489690512442,-0.13486054961297889,256.2951708984375,166.78663368225097,0.8510703794976368
2019-06-28,12407.33203125,311.2261047363281,35087757766,11514656820,9.426042869691138,0.10391011328681188,8685.29111328125,5306.716772460937,0.9622416012083237,5.740519672900326,0.05602998238788359,259.11390686035156,167.8843359375,0.8699738324541203
2019-06-29,11959.37109375,320.05889892578125,29923961128,10929374565,9.389270441987414,-0.03677242770372402,8796.901552734374,5349.390687255859,0.9600716273571214,5.768505038000033,0.02798536509970706,262.0522299194336,169.03990390777588,0.848913763551786
2019-06-30,10817.1552734375,290.69598388671875,27256473494,10303111000,9.288888604102238,-0.10038183788517507,8869.149228515626,5386.0417126464845,1.0342617038992687,5.672277992150233,-0.09622704584979935,263.9800628662109,170.04041732788085,0.9099090740143619
2019-07-01,10583.134765625,293.64111328125,29378589324,10292223948,9.267016953173565,-0.021871650928673603,8941.3644921875,5422.38900024414,1.0390119335380406,5.6823583185487365,0.010080326398503203,266.1063787841797,171.07592632293702,0.909039863272818
2019-07-02,10801.677734375,291.596435546875,31015895223,10618413952,9.287456746822869,0.02043979364930415,9001.09974609375,5460.184964599609,1.038972749974784,5.675370776283644,-0.006987542265092905,268.0013818359375,172.11236701965333,0.9081458073699039
2019-07-03,11961.26953125,303.0999755859375,30796494294,9926711979,9.389429169969137,0.1019724231462682,9080.43681640625,5503.807503662109,1.0581412538615647,5.714062703515874,0.03869192723223058,269.72040985107424,173.20566284179688,0.8802632791417193
2019-07-04,11215.4375,284.5232238769531,25920294033,8403513106,9.325046456447552,-0.06438271352158509,9140.64220703125,5543.620495605469,1.059392708259623,5.650814880733754,-0.06324782278212027,270.4678131103516,174.201968460083,0.8952993352256201
2019-07-05,10978.4599609375,287.9975280761719,23838480210,8723493015,9.303690446659656,-0.021356009787895758,9202.51322265625,5580.783471679688,1.0658839619358291,5.662951897030264,0.012137016296509984,270.9475634765625,175.1662869644165,0.8933246146542131
2019-07-06,11208.55078125,287.547119140625,21092024306,7674615025,9.324432228605463,0.020741781945806892,9279.806328125,5618.345930175781,1.0655336263125659,5.661386739471514,-0.0015651575587503075,271.8232141113281,176.0984602737427,0.8934562742948129
2019-07-07,11450.8466796875,305.7005615234375,19369044277,8119724981,9.345818952072763,0.021386723467299973,9363.3991015625,5656.87041015625,1.0645366728582348,5.722606065739844,0.06121932626833004,273.2453207397461,177.12062019348144,0.9149418607803267
2019-07-08,12285.9580078125,313.2514038085937,23482551458,9078905628,9.416212263828767,0.07039331175600338,9445.16447265625,5697.627993164063,1.0802950813521952,5.747006075198199,0.024400009458354965,274.28450469970704,178.1057928466797,0.9114505798662985
2019-07-09,12573.8125,308.8810119628906,28167921523,10055159803,9.439371557109224,0.023159293280457405,9537.074541015625,5741.0143371582035,1.0662973481368405,5.732956128183749,-0.014049947014449948,275.42483673095705,179.10271675109863,0.888554110498586
2019-07-10,12156.5126953125,290.0023193359375,33627574244,11679985167,9.405620329464538,-0.033751227644685855,9620.9382421875,5781.725987548828,1.0767885869046472,5.669888920658668,-0.06306720752508088,276.12056549072264,179.96893085479735,0.90381762966146
2019-07-11,11358.662109375,268.7040405273437,28595327690,10216287022,9.337735913277408,-0.06788441618713037,9694.51015625,5818.524396972656,1.1115798101998033,5.593610552826376,-0.07627836783229203,276.60066802978514,180.65862476348877,0.9469335310512978
2019-07-12,11815.986328125,276.2767028808594,23534692797,8148936015,9.377208667145974,0.039472753868565746,9773.19294921875,5857.211333007813,1.1145234594919338,5.621402910172652,0.027792357346275942,277.20688873291016,181.3388182449341,0.9292462499580109
2019-07-13,11392.37890625,269.45880126953125,21042616384,6716829429,9.340699893829846,-0.03650877331612712,9841.293095703126,5895.095773925781,1.1275166328671127,5.59641550767805,-0.02498740249460152,277.6063650512695,182.03689052581788,0.9313634602364045
2019-07-14,10256.05859375,227.57806396484372,22486000001,8578339386,9.23562389226328,-0.10507600156656594,9885.363388671874,5927.089578857422,1.185515209647236,5.4274933178395255,-0.1689221898385247,277.12272888183594,182.5154526901245,1.0984999288817603
2019-07-15,10895.08984375,229.7760009765625,25384047207,9723674244,9.296067493673311,0.06044360141003047,9929.800869140625,5963.290860595703,1.2004589472200795,5.437104925568326,0.009611607728800209,276.3768560791016,183.0814531326294,1.0965458070545102
2019-07-16,9477.6416015625,199.1886749267578,24151199070,9036620494,9.156690788092646,-0.1393767055806645,9943.238134765625,5991.059475097656,1.3034397681776457,5.294252490756997,-0.1428524348113287,274.9033767700195,183.3891614151001,1.1964936669931239
2019-07-17,9693.802734375,211.48497009277344,24569921549,9387747640,9.179242066948737,0.022551278856090207,9962.714951171874,6020.4264453125,1.2999677741336133,5.354153932570068,0.05990144181307144,273.6977020263672,183.7564945602417,1.2173516902108483
2019-07-18,10666.482421875,226.566162109375,25187024648,9327816059,9.274861620015356,0.09561955306661929,10002.854853515624,6054.429094238281,1.3365342167239491,5.423037008711464,0.06888307614139588,272.83991149902346,184.19002811431884,1.2428953916456758
2019-07-19,10530.732421875,221.3334197998047,20727426310,7606433131,9.262053158442752,-0.012808461572603846,10047.080048828126,6088.369254150391,1.3367742451211726,5.399670251470016,-0.023366757241448433,272.1494009399414,184.6298539352417,1.2419272753718
2019-07-20,10767.1396484375,229.1192169189453,20206615155,7976245988,9.284254149773169,0.022200991330416642,10090.932802734374,6122.987352294922,1.3358537999976652,5.434242465989491,0.0345722145194749,271.36951416015626,185.0713529586792,1.2492326796328346
2019-07-21,10599.10546875,225.6307678222656,17130580467,6685082868,9.268524886798579,-0.015729262974589986,10131.634580078126,6156.265832519532,1.3204055089601767,5.418899892515592,-0.015342573473899002,270.5743041992188,185.4242683792114,1.208734650091136
2019-07-22,10343.1064453125,217.5600128173828,16334414913,6338843919,9.244075532856558,-0.02444935394202119,10163.637548828125,6188.7976586914065,1.3097083592571512,5.382474733469002,-0.036425159046589606,269.5209939575195,185.7663933944702,1.1945422011611342
2019-07-23,9900.767578125,212.728515625,17851916995,6976091534,9.200367566261082,-0.043707966595475156,10197.472998046875,6219.012908935547,1.3167210891601497,5.360016778217932,-0.022457955251070416,268.72340576171877,186.0571262741089,1.1948575031767403
2019-07-24,9811.92578125,217.0463714599609,17398734322,7168982843,9.191353841270073,-0.009013724991008942,10239.55609375,6248.8465649414065,1.315370702004314,5.38011102407516,0.020094245857228188,268.23755737304685,186.36416515350342,1.198101225613449
2019-07-25,9911.841796875,219.6179962158203,15821952090,6731281160,9.201485462414352,0.010131621144278569,10281.30830078125,6278.022611083984,1.2905414977696263,5.391889656258626,0.011778632183466087,267.68889709472654,186.6735241317749,1.1940450933797164
2019-07-26,9870.3037109375,219.62960815429688,14495714483,5729852178,9.197285903072395,-0.004199559341957482,10322.27390625,6307.247888183594,1.234188646619517,5.391942528207676,5.287194905001513e-05,267.09200256347657,187.0131760787964,1.1687430036148534
2019-07-27,9477.677734375,207.40830993652344,16817809536,6257703908,9.156694600511932,-0.04059130256046295,10350.9484375,6334.482037353516,1.1289321836397297,5.334689362189111,-0.05725316601856534,266.2215615844727,187.29841945648192,1.0970926665883658
2019-07-28,9552.8603515625,211.18655395507807,13738687093,5504887934,9.164595901882254,0.007901301370322855,10382.9230859375,6362.069857177735,1.059330777632616,5.352741884819979,0.018052522630868317,265.5305307006836,187.60033664703369,1.0753834556439403
2019-07-29,9519.1455078125,211.2680511474609,13791445323,5485190664,9.161060366174237,-0.0035355357080177896,10419.544453125,6391.270961914062,1.0545841329683616,5.353127711805457,0.000385826985477955,265.09415771484373,188.01355098724366,1.0664400357156483
2019-07-30,9607.423828125,210.5225982666016,13829811132,5489918859,9.1702913940313,0.009231027857063978,10451.686337890626,6420.87125366211,1.0011711815098816,5.349593002546037,-0.0035347092594202323,264.3542071533203,188.42842235565186,1.0245046085269336
2019-07-31,10085.6279296875,218.65414428710935,16631520648,6003828340,9.218866712177077,0.04857531814577598,10494.844609375,6452.992888183594,1.0153566313808704,5.3874912316564805,0.037898229110443715,263.8116534423828,188.89186042785644,1.0361540995480194
2019-08-01,10399.6689453125,217.80844116210935,17165337858,5965442642,9.249529252441318,0.030662540264241755,10539.92083984375,6487.226467285156,1.018770521922775,5.383615966231361,-0.0038752654251190677,262.94975646972654,189.39641361236573,1.0363183727929868
2019-08-02,10518.1748046875,217.8715667724609,17489094082,6159440229,9.260859973585962,0.011330721144643618,10585.665859375,6521.287080078125,0.9498955994104761,5.383905745930423,0.00028977969906129886,262.1838119506836,189.84042781829834,1.0222987237419134
2019-08-03,10821.7265625,222.49034118652344,15352685061,5697798687,9.289311111065876,0.028451137479914124,10628.22373046875,6557.242336425781,0.9309766468778565,5.404883690266389,0.020977944335966114,261.35186950683595,190.3427159500122,1.0102681876671429
2019-08-04,10970.1845703125,222.6697235107422,16530894787,5238542572,9.302936378133435,0.01362526706755851,10670.859921875,6593.818225097656,0.9294349541095235,5.4056896131159595,0.000805922849570706,260.42487762451174,190.8383292388916,1.008168558018856
2019-08-05,11805.6533203125,234.21502685546875,23875988832,7765060287,9.376333790666154,0.07339741253271903,10727.08322265625,6634.453671875,0.9618257294430208,5.45623961159662,0.05054999848066011,259.72471405029296,191.39069477081298,1.0289046987830255
2019-08-06,11478.1689453125,226.0206451416016,23635107660,7647742672,9.348202157614915,-0.028131633051238225,10770.23955078125,6673.555319824219,0.9645933081111956,5.42062634528419,-0.03561326631242956,258.75810485839844,191.91574668884277,1.0034118052663081
2019-08-07,11941.96875,226.39100646972656,22194988641,7020342210,9.38781426028891,0.03961210267399373,10827.443671875,6714.622321777344,0.9420648306743721,5.42226362146636,0.0016372761821701332,257.9848880004883,192.42510662078857,0.9966897899941778
2019-08-08,11966.4072265625,220.94186401367188,19481591730,6713525644,9.389858605341695,0.0020443450527860563,10881.30138671875,6756.449289550781,0.9381353417895435,5.397899608150062,-0.02436401331629856,257.0150894165039,192.93244178771974,0.997758580599591
2019-08-09,11862.9365234375,210.4889068603516,18339989960,6964818795,9.381174240844924,-0.008684364496771124,10928.0169140625,6797.883809814453,0.9313900491407083,5.34943295273309,-0.048466655416971705,255.79096740722656,193.39909706115722,0.9894652371329624
2019-08-10,11354.0244140625,206.7335357666016,18125355447,6584748527,9.337327533989281,-0.043846706855642736,10952.20626953125,6836.631046142578,0.9132001649894105,5.331430697197702,-0.01800225553538759,254.02743255615235,193.83902698516846,0.9613188441760062
2019-08-11,11523.5791015625,216.0928649902344,15774371518,6440605605,9.352150571896535,0.014823037907254033,10968.6440234375,6876.323326416015,0.9037843234355943,5.375708245800869,0.04427754860316657,252.16168365478515,194.33222827911376,0.9708758833707796
2019-08-12,11382.6162109375,211.2880706787109,13647198229,5674315559,9.339842576771359,-0.012307995125176774,10979.18892578125,6915.232080078125,0.8956672569578458,5.353222466230873,-0.022485779569995756,250.23088928222657,194.80185420989991,0.970370210795388
2019-08-13,10895.830078125,208.70904541015625,16681503537,5946313205,9.296135433381954,-0.043707143389404735,10976.8834765625,6951.712401123047,0.8281084855334698,5.340941154831311,-0.0122813113995619,248.19657653808594,195.26350772857666,0.7784875915235174
2019-08-14,10051.7041015625,186.6077423095703,19990838300,7444456154,9.21549746145768,-0.0806379719242738,10942.09921875,6983.958619384765,0.8487845377182915,5.229008779029293,-0.11193237580201831,245.56620513916016,195.61410274505616,0.8646074722990098
2019-08-15,10311.5458984375,188.50205993652344,22899115082,8197244441,9.2410195074234,0.025522045965720608,10888.0055078125,7017.59651977539,0.6956116217250501,5.239108934873572,0.010100155844279257,242.6011828613281,195.98958660125732,0.7133565970077689
2019-08-16,10374.3388671875,185.4400787353516,20228207096,7133915837,9.247090619423883,0.0060711120004821595,10871.83615234375,7052.115961914063,0.6920915834822882,5.222731804178019,-0.016377130695553355,240.42463165283203,196.38383712768555,0.6790591388280839
2019-08-17,10231.744140625,185.68768310546875,13778035685,5512696513,9.233250337143154,-0.013840282280728644,10828.32439453125,7086.03409790039,0.6062422329670674,5.224066139317089,0.0013343351390702196,237.91386322021484,196.78428447723388,0.6261473952910198
2019-08-18,10345.810546875,194.4935302734375,12999813869,5969012024,9.244336938669043,0.01108660152588925,10796.05318359375,7120.33224243164,0.6063056600260354,5.27039889912962,0.04633275981253071,235.40255584716797,197.2122144317627,0.6494658745612256
2019-08-19,10916.0537109375,203.0919342041016,16038264603,6145148692,9.297989802202483,0.0536528635334399,10798.03115234375,7157.623547363281,0.6306239512302318,5.313658754376281,0.04325985524666098,233.65047485351562,197.69236904144287,0.6566788423704946
2019-08-20,10763.232421875,196.5654144287109,15053082175,6408417610,9.283891199556365,-0.014098602646118508,10801.63310546875,7193.999982910156,0.6301225884029578,5.280995273767154,-0.03266348060912705,231.70896087646486,198.1371471786499,0.6631849299765982
2019-08-21,10138.0498046875,186.89163208007807,19473084768,7775772700,9.224050931694078,-0.05984026786228647,10788.360546875,7227.084927978515,0.6591896977198725,5.230528941281996,-0.05046633248515775,229.6148648071289,198.51945404052734,0.6733963903440054
2019-08-22,10131.0556640625,191.3329162597656,17097508856,7569043874,9.223360803467811,-0.0006901282262674613,10751.75626953125,7260.420139160156,0.6406551000577245,5.254014927822072,0.023485986540076276,227.37952362060548,198.9386552810669,0.6775169328372345
2019-08-23,10407.96484375,194.70620727539065,15627023886,6658162377,9.250326642376297,0.02696583890848636,10735.60681640625,7295.164193115234,0.6460117935228131,5.271491793099495,0.017476865277422426,225.58318328857422,199.37307830810548,0.6764287239027036
2019-08-24,10159.9609375,191.28956604003903,15451030650,6249737982,9.22620987639083,-0.02411676598546819,10719.2368359375,7328.632210693359,0.6515844118512966,5.253788332564776,-0.01770346053471883,223.64902404785155,199.79230854034424,0.6757977976298735
2019-08-25,10138.517578125,186.84239196777344,14153856610,5826017143,9.224097071006394,-0.0021128053844350347,10697.836171875,7362.255959472656,0.6514225491877933,5.230265437777251,-0.023522894787524784,221.63492950439453,200.20192405700683,0.6787501807200299
2019-08-26,10370.8203125,188.92938232421875,18438654080,7207986636,9.246751402482642,0.0226543314762484,10676.23564453125,7397.1127026367185,0.6379436633585047,5.24137330674319,0.011107868965939183,219.29950592041016,200.62389446258544,0.6544550151850831
2019-08-27,10185.5,187.51666259765625,14762609503,6042327402,9.228720419257613,-0.01803098322502983,10634.226484375,7429.706301269532,0.6418378082400847,5.233867708649511,-0.007505598093679566,216.78481109619142,200.96513904571532,0.650110291180333
2019-08-28,9754.4228515625,173.8899688720703,17603790323,6696604087,9.185476086936095,-0.043244332321517476,10577.83869140625,7460.1223974609375,0.6609164784744355,5.158422736384647,-0.07544497226486335,214.084990234375,201.237434463501,0.6959204484149565
2019-08-29,9510.2001953125,169.51673889160156,17045878501,7129569083,9.160120206349674,-0.02535588058642091,10524.91244140625,7489.22245727539,0.6663608081526582,5.1329516764673215,-0.02547105991732579,211.6752786254883,201.46098571777344,0.6989477352730606
2019-08-30,9598.173828125,168.83486938476562,13595263986,5776520220,9.169328133123644,0.009207926773969533,10489.70267578125,7518.971173095703,0.6437544185194306,5.1289211330133915,-0.004030543453930058,209.6778952026367,201.6986680984497,0.6799233682611018
2019-08-31,9630.6640625,172.46978759765625,11454806419,5830212249,9.17270746009902,0.003379326975375463,10445.99623046875,7548.8568505859375,0.6334695483879177,5.1502220767704365,0.021300943757045054,207.60175689697266,201.94815559387206,0.6877600233714857
2019-09-01,9757.970703125,171.62942504882812,11445355859,5554799576,9.185839738027045,0.01313227792802607,10413.30806640625,7579.486351318359,0.63399773470281,5.1453376469972865,-0.004884429773150067,205.6451693725586,202.19353469848633,0.6872325227459819
2019-09-02,10346.7607421875,178.34735107421875,17248102294,6503447137,9.244428777938307,0.05858903991126141,10415.122109375,7613.135750732422,0.6606704371379786,5.18373305929325,0.038395412295963105,204.6605551147461,202.4783204269409,0.6990448302901141
2019-09-03,10623.5400390625,179.49932861328125,19384917989,6962728938,9.270827576263025,0.026398798324718697,10409.69111328125,7648.149396972656,0.6658323393148861,5.1901714676053565,0.006438408312106958,203.65502166748047,202.76531513214113,0.7001493477729483
2019-09-04,10594.4931640625,175.99288940429688,16742664769,5938120494,9.268089632282322,-0.0027379439807031503,10432.02814453125,7682.972924804688,0.6092124078401469,5.170443593110055,-0.019727874495301556,203.19110595703125,203.0289785003662,0.6694512783088665
2019-09-05,10575.533203125,174.21713256835938,14551239508,5589476516,9.266298423742668,-0.0017912085396538657,10449.66275390625,7717.4814099121095,0.6027610273727553,5.1603024095729415,-0.010141183537113463,202.44574920654296,203.2320697784424,0.6628215631806165
2019-09-06,10353.302734375,169.9561767578125,19536574783,6797611878,9.245060852560949,-0.021237571181719872,10443.39916015625,7749.66935180664,0.5860999657455132,5.135540620040739,-0.024761789532202094,201.3135494995117,203.35135879516602,0.664045983578689
2019-09-07,10517.2548828125,178.2626190185547,15307366476,6791531342,9.2607725095418,0.01571165698085153,10443.129609375,7782.520153808594,0.5900222662939189,5.183257850721619,0.0477172306808793,200.4521334838867,203.51594093322754,0.6908730399614668
2019-09-08,10441.2763671875,181.35552978515625,13670567493,6472677266,9.253522111357242,-0.007250398184558193,10436.61234375,7814.727432861328,0.5899094306680804,5.200459357600154,0.01720150687853561,199.49685974121093,203.67494689941407,0.6793248594627046
2019-09-09,10334.974609375,181.1494598388672,17595943368,7232938985,9.243289015351845,-0.010233096005396902,10431.3297265625,7846.63171508789,0.5729223765010056,5.199322435492132,-0.001136922108022631,198.60723358154297,203.85003997802735,0.6777967448611079
2019-09-10,10115.9755859375,179.78717041015625,14906809639,6291476772,9.221871194376257,-0.02141782097558753,10426.787109375,7877.1839599609375,0.5725709732986698,5.191773764709423,-0.007548670782708378,197.85177673339842,204.00351356506349,0.6546591245722265
2019-09-11,10178.3720703125,178.72549438476562,15428063426,7157139035,9.228020362809213,0.006149168432955321,10432.33919921875,7907.363186035156,0.5729585571411994,5.185851077824866,-0.005922686884557216,197.17171630859374,204.1031639099121,0.6519950453223228
2019-09-12,10410.126953125,181.0160980224609,15323563925,5838605477,9.250534356839648,0.02251399403043486,10444.30322265625,7940.361683349609,0.5612407625181057,5.198585966661569,0.012734888836702929,196.45111083984375,204.32898109436036,0.6545922594849559
2019-09-13,10360.546875,181.10972595214844,14109864675,5955041237,9.245760301582443,-0.004774055257204424,10453.27732421875,7972.750936279297,0.483657572993965,5.19910306831837,0.0005171016568006337,195.6809454345703,204.53541542053222,0.528138594055908
2019-09-14,10358.048828125,188.1055145263672,13468713124,6500686511,9.245519161022253,-0.00024114056019008956,10463.0322265625,8005.269390869141,0.47550265880985254,5.237003052870165,0.03789998455179511,195.0504635620117,204.78549461364747,0.5441495295872296
2019-09-15,10347.712890625,189.78912353515625,12043433567,6222874780,9.244520797523348,-0.0009983634989048085,10480.4329296875,8037.75271850586,0.47503383023296375,5.245913579661113,0.008910526790947948,194.69807983398437,205.05381042480468,0.5417551789292964
2019-09-16,10276.7939453125,197.11317443847656,15160167779,8242029488,9.237643617342576,-0.006877180180772768,10494.9116015625,8069.862761230469,0.4731132574732858,5.283778053317463,0.037864473656350484,194.41661224365234,205.3556450653076,0.5570017266161577
2019-09-17,10241.2724609375,208.60874938964844,15304603363,10232590812,9.234181154636824,-0.00346246270575179,10509.354140625,8101.7712048339845,0.4715982051055972,5.340460485069856,0.056682431752392404,194.3634262084961,205.7164707183838,0.5684245886003907
2019-09-18,10198.248046875,211.39303588867188,16169268880,9194634557,9.229971224409612,-0.004209930227212055,10521.170625,8133.440369873047,0.42953366135562066,5.353719130077389,0.013258645007533154,194.3808349609375,206.1024011230469,0.5505916087210311
2019-09-19,10266.4150390625,221.2808532714844,19937691247,10620070913,9.236633170810977,0.006661946401365526,10524.7863671875,8165.536566162109,0.4284390733200627,5.3994327239804365,0.045713593903047745,194.433369140625,206.5475582885742,0.5575059525234975
2019-09-20,10181.6416015625,218.050048828125,14734189639,8027974273,9.228341534624791,-0.008291636186186224,10520.4258203125,8197.63698852539,0.37454664076031485,5.3847246182196145,-0.014708105760822043,194.43820129394533,206.9989379119873,0.5266786540079651
2019-09-21,10019.716796875,215.5162048339844,13425266806,7743309778,9.212310110454498,-0.016031424170293462,10510.45666015625,8228.253697509766,0.37877489281654975,5.373036103162095,-0.011688515057519666,194.39109405517578,207.38740699768067,0.5255467605398668
2019-09-22,10070.392578125,211.54537963867188,13199651698,7812854576,9.21735496987079,0.005044859416292624,10495.42998046875,8259.085947265625,0.36637923295801345,5.354439536410773,-0.01859656675132193,194.17219482421876,207.75118713378907,0.5289276153571087
2019-09-23,9729.32421875,201.9213104248047,15144925408,7494673136,9.182899719402176,-0.034455250468614196,10470.6127734375,8288.175146484375,0.3761972920329305,5.307878069153524,-0.04656146725724852,193.7572265625,208.07062118530274,0.5520556087819058
2019-09-24,8620.56640625,168.11073303222656,25002886689,11757739233,9.061906069880708,-0.12099364952146807,10406.91103515625,8311.77232055664,0.5616708111938671,5.124622887467479,-0.1832551816860457,192.43514068603517,208.2355394744873,0.8467716078706798
2019-09-25,8486.9931640625,170.8927001953125,21744728353,9766632018,9.046290054509532,-0.015616015371175962,10347.08751953125,8334.390717773438,0.5534086795065177,5.141035875314094,0.016412987846615046,191.33258178710938,208.40017631530762,0.8481262947270447
2019-09-26,8118.9677734375,166.7271270751953,19258205289,7848286154,9.001958303577256,-0.04433175093227604,10270.6275,8355.227557373048,0.5676185579640307,5.1163585064228645,-0.02467736889122918,190.13930419921874,208.55001853942872,0.8512957261716024
2019-09-27,8251.845703125,174.71099853515625,16408941156,7909313625,9.018192175897692,0.01623387232043605,10196.33626953125,8376.960649414063,0.5583936690275458,5.163133171856411,0.04677466543354658,189.21468688964845,208.75440338134766,0.8284837248522052
2019-09-28,8245.9150390625,174.57289123535156,14141152736,6895423445,9.017473209922777,-0.0007189659749151645,10123.99583984375,8398.644443359375,0.5540050212167102,5.162342369239704,-0.0007908026167067206,188.49636657714845,208.95505340576173,0.8233313081275632
2019-09-29,8104.185546875,170.50347900390625,13034629109,6497088199,9.000135941381496,-0.017337268541281148,10058.9990625,8419.631784667969,0.5533215340143275,5.138755701230391,-0.023586668009313527,187.77176544189453,209.1412554168701,0.8276435822382368
2019-09-30,8293.8681640625,179.87220764160156,17115474183,7552915148,9.023271745341496,0.0231358039600007,9994.40484375,8441.479279785157,0.561603899383636,5.192246641204347,0.053490939973956486,187.04735229492186,209.37205848693847,0.845337488727679
2019-10-01,8343.2763671875,177.34042358398438,15305343413,7676276225,9.029211267990194,0.0059395226486973485,9933.618046875,8463.391105957031,0.5592394696967689,5.178071182490704,-0.014175458713642897,186.36839935302734,209.57030166625975,0.8468268504773383
2019-10-02,8393.0419921875,180.71051025390625,13125712443,6335595250,9.035158307309619,0.005947039319424974,9883.56228515625,8485.112686767578,0.5117699884060702,5.196896360012452,0.018825177521747172,185.80842864990234,209.76186332702636,0.8386884163693431
2019-10-03,8259.9921875,175.1993408203125,13668823409,6381403725,9.019178920691331,-0.01597938661828735,9847.728046875,8506.286502685547,0.4981527525469253,5.165924416054074,-0.030971943958377324,185.5802606201172,209.93785728454588,0.8454442753247028
2019-10-04,8205.939453125,176.98500061035156,13139456229,6248928449,9.012613494608471,-0.0065654260828598154,9805.61591796875,8527.153663330078,0.4977851025960333,5.176064986668599,0.010140570614524336,185.34991943359375,210.12590927124023,0.8434484345813114
2019-10-05,8151.50048828125,176.3515167236328,12200497197,5837211771,9.005957298280492,-0.0066561963279792025,9761.159150390626,8547.55521484375,0.49724686493597603,5.172479257289435,-0.0035857293791634604,185.16814819335937,210.3050708770752,0.8427477246647431
2019-10-06,7988.15576171875,173.05914306640625,13160830305,5852890674,8.985715193809634,-0.02024210447085828,9716.2873828125,8567.058612060548,0.49694243201130917,5.153633403510296,-0.01884585377913872,184.91557739257811,210.4669348144531,0.8407744103861448
2019-10-07,8245.623046875,181.18634033203125,18009742607,7844316834,9.017437798769977,0.031722604960343403,9674.2836328125,8588.140092773438,0.509791348395758,5.199526006286263,0.045892602775966296,184.64943359375,210.68968620300294,0.8395106606167364
2019-10-08,8228.783203125,182.0215606689453,15592264032,7466282780,9.015393433788377,-0.0020443649816002107,9620.53822265625,8609.164167480469,0.5102252154665,5.204125145274332,0.004599138988068852,184.22802612304687,210.91388679504394,0.8375115596724476
2019-10-09,8595.740234375,193.2932586669922,19384942333,9088122101,9.059022037945038,0.0436286041566607,9577.18837890625,8631.963736572266,0.5408456413618536,5.264208510629379,0.060083365355047214,184.1625830078125,211.1891537475586,0.8631830482817707
2019-10-10,8586.4736328125,191.65966796875,17618660671,8375913276,9.057943410646768,-0.0010786272982699074,9546.15685546875,8654.785263671874,0.5382622520197117,5.2557212365169015,-0.008487274112477294,184.25794372558593,211.46251747131348,0.8633221571806202
2019-10-11,8321.7568359375,182.56968688964844,19604381101,9128522970,9.026628669690071,-0.03131474095669695,9509.97087890625,8676.57869506836,0.5439214881823107,5.207131946108603,-0.04858929040829807,184.0826791381836,211.7002108001709,0.8809791596977763
2019-10-12,8336.5556640625,180.8266448974609,14532641605,7494328840,9.028405420128404,0.0017767504383332522,9468.5426953125,8698.336069335937,0.5346269233241888,5.197538809320327,-0.009593136788276446,183.805087890625,211.92704223632813,0.8805855482968622
2019-10-13,8321.005859375,182.0751495361328,13808286059,6733182273,9.026538423067349,-0.001866997061055642,9431.76359375,8719.505767822266,0.534903021604388,5.2044195113923015,0.006880702071974554,183.62079956054689,212.13247718811036,0.8809154479617942
2019-10-14,8374.6865234375,186.96090698242188,15151387859,7276520699,9.032968925955432,0.006430502888083112,9396.48697265625,8741.033664550781,0.5365160831849077,5.230899541429906,0.026480030037604685,183.62316986083985,212.3701993560791,0.8756452845020964
2019-10-15,8205.369140625,181.40606689453125,15220412632,7731456579,9.01254399222882,-0.020424933726610917,9353.17794921875,8761.568637695313,0.5380191943046968,5.2007379819648305,-0.030161559465075705,183.4727035522461,212.56474258422853,0.8811155928035106
2019-10-16,8047.52685546875,176.0135040283203,16071646996,7691244590,8.993120100286841,-0.019423891941979576,9310.418486328124,8781.272971191407,0.5395458963595867,5.170560719528391,-0.03017726243643981,183.24264038085937,212.73434669494628,0.8747913658543288
2019-10-17,8103.9111328125,178.02835083007812,14313052244,6737237423,9.00010208002591,0.0069819797390682226,9277.408251953126,8801.265505371093,0.5419129145617161,5.181942811935558,0.011382092407167477,183.32540802001952,212.9169179534912,0.8492866967128686
2019-10-18,7973.20751953125,173.621337890625,15651592610,7566257807,8.98384213994896,-0.01625994007694942,9246.6683984375,8820.340627441406,0.5425370703161626,5.156876708789432,-0.025066103146126117,183.4075,213.0758730316162,0.8492759399010229
2019-10-19,7988.560546875,172.91302490234375,13797825640,6551453871,8.985765865693457,0.0019237257444970624,9214.4761328125,8835.884040527344,0.5411529259782394,5.152788721849293,-0.004087986940138677,183.48906311035157,213.12062942504883,0.8281980733204289
2019-10-20,8222.078125,175.5343780517578,15504249442,6801091120,9.01457826935868,0.02881240366522242,9186.3044140625,8852.129321289063,0.5564731847214595,5.1678349100575,0.015046188208206246,183.5503549194336,213.19100730895997,0.8317601859143864
2019-10-21,8243.720703125,174.92098999023438,15868748866,6815820627,9.017207062630652,0.002628793271972185,9156.0194140625,8868.733930664062,0.5565209266548697,5.164334386203037,-0.003500523854462756,183.61618621826173,213.27534957885743,0.8316980685267398
2019-10-22,8078.203125,172.3008575439453,16803377857,6990951966,8.996924741264012,-0.020282321366639877,9110.64826171875,8883.941540527343,0.5569178339899401,5.149242120561228,-0.0150922656418091,183.49525634765624,213.30927963256835,0.8311704487429564
2019-10-23,7514.671875,162.4027862548828,21942878958,9624925919,8.924612638559182,-0.07231210270482968,9048.4708984375,8896.215812988281,0.594496548186942,5.090079584322291,-0.059162536238936525,183.15332550048828,213.29155754089356,0.8398665801534474
2019-10-24,7493.48876953125,162.16854858398438,16268708849,7300917537,8.921789758389226,-0.0028228801699565764,8986.450810546876,8907.688771972656,0.43476767240496,5.088636217725051,-0.0014433665972406473,182.87683868408203,213.2297420501709,0.5496220044059154
2019-10-25,8660.7001953125,181.5232086181641,28705065488,10358594018,9.066550852250158,0.14476109386093228,8948.154150390625,8924.54341796875,0.6765883567799933,5.201383516704541,0.11274729897949065,183.02296020507814,213.23606399536132,0.6765386150246689
2019-10-26,9244.97265625,179.83547973632812,44496255609,13831784986,9.131835186137025,0.06528433388686672,8925.987548828125,8944.74348876953,0.6926575383564357,5.192042431471335,-0.009341085233206314,183.22054626464845,213.25466850280762,0.6710162524864156
2019-10-27,9551.71484375,184.24221801757807,32593129501,10815941952,9.164475982145525,0.03264079600850067,8906.676748046875,8965.87930419922,0.6985457862665162,5.216251294180618,0.024208862709283352,183.34013824462892,213.28919219970703,0.6567508081046798
2019-10-28,9256.1484375,182.66281127929688,30948255332,10406734124,9.13304330563991,-0.031432676505614765,8882.974189453125,8986.837607421876,0.70976700534321,5.2076418919219325,-0.008609402258685783,183.3662838745117,213.37502113342285,0.6577001570382643
2019-10-29,9427.6875,190.3425750732422,28426779937,10622761958,9.151406117558443,0.018362811918532174,8864.828447265625,9008.528349609374,0.707271783446371,5.248825475360303,0.0411835834383707,183.55014617919923,213.50305236816405,0.6653515962895352
2019-10-30,9205.7265625,184.69216918945312,27706531577,10484902804,9.127581021839612,-0.023825095718830624,8846.623466796875,9029.07405029297,0.7111091415064749,5.218690488848103,-0.030134986512200257,183.64824615478517,213.60394645690917,0.6503071074368658
2019-10-31,9199.5849609375,183.9669189453125,26583653947,9607939606,9.126913649077936,-0.0006673727616757219,8827.047724609374,9049.233364257812,0.711194593101204,5.214755953104431,-0.003934535743671752,183.7530746459961,213.68458847045898,0.6483007224788583
2019-11-01,9261.1044921875,183.9698944091797,24324691031,9145611130,9.133578596141655,0.006664947063718785,8804.067275390626,9070.203344726562,0.7112331807570915,5.214772126880794,1.617377636264905e-05,183.81215057373046,213.79656707763672,0.6451852312080222
2019-11-02,9324.7177734375,183.92572021484372,21242676385,8087991830,9.140423978470894,0.006845382329238703,8783.350693359374,9090.649135742187,0.707901935522899,5.214531981617886,-0.00024014526290816463,183.86847045898438,213.87807846069336,0.6350858701322512
2019-11-03,9235.3544921875,182.42501831054688,21132220847,8760247744,9.130794277623481,-0.009629700847412437,8760.896806640625,9110.566218261718,0.7085602021497958,5.206339230024692,-0.008192751593194103,183.75486053466796,213.95544975280762,0.635209676979778
2019-11-04,9412.6123046875,186.35519409179688,26170255634,10551917945,9.149805803477873,0.01901152585439192,8742.194794921876,9131.13735107422,0.7093852014901405,5.227654498312771,0.02131526828807928,183.68618194580077,214.01815559387208,0.6388702876870421
2019-11-05,9342.52734375,189.30416870117188,26198609048,10024177342,9.142332088168308,-0.007473715309565421,8723.509462890624,9151.330925292968,0.7050983818107163,5.2433550796377375,0.015700581324966656,183.53000183105468,214.09613426208497,0.636150589311981
2019-11-06,9360.8798828125,191.5938415527344,23133895765,10156458684,9.14429456962747,0.001962481459161225,8705.901611328125,9171.445893554688,0.6986313290111759,5.255377722811078,0.012022643173340342,183.1897036743164,214.18534713745117,0.6181158485962813
2019-11-07,9267.5615234375,187.9765472412109,22700383839,9081247799,9.134275573625727,-0.010018996001742053,8687.287880859374,9191.211044921874,0.7000847813726147,5.2363172063312176,-0.01906051647986029,182.7213739013672,214.27499725341798,0.6222921551319673
2019-11-08,8804.880859375,184.2114715576172,24333037836,9176780911,9.083061489819455,-0.051214083806272015,8658.057197265625,9208.238623046875,0.710535331992398,5.216084399610678,-0.020232806720539287,181.97998626708986,214.33668128967284,0.5885802498026314
2019-11-09,8813.58203125,185.0287170410156,17578630606,7277418704,9.084049223271167,0.0009877334517121028,8630.696005859376,9224.444721679687,0.7105030767481838,5.220511040280555,0.004426640669876747,181.31955963134766,214.40458587646484,0.5884030964928323
2019-11-10,9055.5263671875,189.47727966308597,20587919881,8752784211,9.111130498632171,0.02708127536100413,8611.412197265625,9242.398020019531,0.7063945509730902,5.244269121097339,0.02375808081678432,180.7987811279297,214.522841796875,0.5688136228290281
2019-11-11,8757.7880859375,185.48963928222656,20265510765,7877424106,9.077698650441231,-0.03343184819093992,8585.160107421874,9260.134382324219,0.7176331450261803,5.222999027561655,-0.02127009353568443,180.2776663208008,214.6779930114746,0.5730545565333236
2019-11-12,8815.662109375,186.84341430664065,20309769107,7792186666,9.084285203681679,0.006586553240447657,8566.886865234375,9277.815952148438,0.7177185062606825,5.230270909426696,0.007271881865040797,179.9761083984375,214.83047462463378,0.573108003384663
2019-11-13,8808.2626953125,188.2587432861328,17545755405,7343173596,9.08344550258453,-0.0008397010971492591,8570.640791015625,9295.515810546874,0.7175920627997057,5.237817310680523,0.007546401253827106,180.37906860351563,214.97959365844727,0.5662194775633124
2019-11-14,8708.0947265625,185.9996337890625,19084739975,7872664470,9.072008300403047,-0.01143720218148303,8575.062822265625,9312.630588378906,0.7147863470155343,5.225744704835255,-0.012072605845268036,180.68120727539062,215.12311645507813,0.5574466006202615
2019-11-15,8491.9921875,180.52117919921875,21796856471,8815678477,9.04687890283921,-0.025129397563837585,8582.523310546874,9328.853786621094,0.7172098330111576,5.195848107173333,-0.029896597661921653,180.9570883178711,215.24971237182618,0.5572509122441366
2019-11-16,8550.7607421875,183.34835815429688,16495389808,6789888120,9.053775533667148,0.006896630827938566,8588.501611328125,9344.853957519532,0.7172021212734946,5.211387939769288,0.01553983259595526,181.1298355102539,215.35562400817872,0.5584280940770293
2019-11-17,8577.9755859375,185.1192321777344,18668638897,7364325471,9.056953218947513,0.0031776852803648836,8595.142822265625,9360.730349121093,0.7142439715794305,5.22100011573654,0.009612175967252057,181.34076232910155,215.47712844848633,0.5511220094236305
2019-11-18,8309.2861328125,180.55960083007807,21579470673,7787662111,9.025128979564116,-0.03182423938339696,8599.244833984376,9374.750361328124,0.7241805297993802,5.196060921773995,-0.024939193962545403,181.541884765625,215.5693125152588,0.558831621620276
2019-11-19,8206.1455078125,177.45555114746094,21083613816,7536699743,9.01263860472556,-0.012490374838556306,8597.490380859375,9386.939641113282,0.7187496015111493,5.178720161485488,-0.01734076028850673,181.4935516357422,215.61682823181152,0.5603248935734599
2019-11-20,8027.26806640625,175.69834899902344,20764300437,7205785149,8.99059953316462,-0.02203907156093976,8591.17021484375,9397.920144042968,0.7227253651247607,5.168768598444426,-0.009951563041062705,181.46071014404296,215.6751870727539,0.5613356200256998
2019-11-21,7642.75,161.4627227783203,22514243371,8546371325,8.941512765038933,-0.049086768125686575,8576.164375,9407.1553515625,0.7392494571182926,5.084274297309882,-0.08449430113454337,181.07575439453126,215.66524719238282,0.6327122764907033
2019-11-22,7296.57763671875,150.26817321777344,34242315785,12020749863,8.895160700319645,-0.04635206471928832,8556.896083984375,9414.904204101562,0.7131913454642761,5.012421519297564,-0.07185277801231837,180.57713104248046,215.5533219909668,0.6484531626755685
2019-11-23,7397.796875,153.41778564453125,21008924418,8289198330,8.90893751527039,0.01377681495074512,8540.733232421875,9422.745681152344,0.7150000605631793,5.033164825136227,0.02074330583866324,180.10578674316406,215.47141761779784,0.6535442845076969
2019-11-24,7047.9169921875,142.83470153808594,30433517289,7782769098,8.860487390047725,-0.04845012522266501,8518.6615625,9428.072978515625,0.5091867449705169,4.9616880283536196,-0.07147679678260754,179.43545043945312,215.33085029602051,0.5555300714020424
2019-11-25,7146.1337890625,146.47653198242188,42685231262,10962753356,8.874326760639065,0.013839370591339772,8501.821123046875,9432.931003417969,0.44500944294759104,4.9868652243788665,0.02517719602524693,178.90379821777344,215.2117864227295,0.5673942953119945
2019-11-26,7218.37109375,148.96507263183594,21129505542,7648516297,8.88438459614911,0.01005783551004491,8481.276083984376,9437.12861328125,0.4252099967226049,5.00371186659983,0.01684664222096366,178.25937286376953,215.09089805603028,0.5628869888393148
2019-11-27,7531.66357421875,153.01055908203125,23991412764,8778095308,8.926871222584412,0.0424866264353021,8467.33369140625,9438.763073730468,0.45405704060242774,5.030506932619153,0.026795066019323244,177.67915283203126,214.88442916870116,0.5750943451080401
2019-11-28,7463.10595703125,151.7175750732422,19050116751,7346531960,8.917726954676489,-0.009144267907922554,8444.681005859375,9441.216745605469,0.4448597743466281,5.02202073378526,-0.008486198833893788,176.84763916015626,214.70639045715333,0.549431627955923
2019-11-29,7761.24365234375,155.3041534423828,19709695456,7503898278,8.956897864813572,0.039170910137082515,8428.17640625,9440.948388671875,0.46984535403837746,5.045385474435663,0.02336474065040317,176.1205288696289,214.49867980957032,0.5534409534214996
2019-11-30,7569.6298828125,152.53968811035156,17158194786,6565950868,8.931899452609064,-0.024998412204507048,8413.1338671875,9438.824458007812,0.47421666717393396,5.0274248120922795,-0.017960662343383227,175.51992889404298,214.17563537597655,0.5550135146850557
2019-12-01,7424.29248046875,151.18572998046875,18720708479,7102780298,8.912512670304874,-0.01938678230419022,8394.888603515625,9434.920080566406,0.4738197865444692,5.018509080855455,-0.008915731236824875,174.9271105957031,213.69579872131348,0.5546197247629268
2019-12-02,7321.98828125,149.0591583251953,17082040706,6670561362,8.89863719319406,-0.013875477110813605,8374.908251953126,9432.105476074219,0.47150284297305206,5.0043432628871924,-0.014165817968262218,174.26679077148438,213.12104446411132,0.5547552133840253
2019-12-03,7320.1455078125,147.9564208984375,14797485769,6204379850,8.898385484874252,-0.00025170831980858566,8353.817431640626,9431.98672607422,0.47224388990327165,4.996917777015268,-0.0074254858719244865,173.48670104980468,212.6420036315918,0.5547410152753692
2019-12-04,7252.03466796875,146.74774169921875,21664240918,7865937094,8.889037352333357,-0.009348132540894838,8334.7507421875,9431.890859375,0.4622739483353598,4.9887150698280855,-0.008202707187182412,172.79353454589844,212.2027661895752,0.545264644469088
2019-12-05,7448.3076171875,149.24899291992188,18816085231,6745910228,8.915742120089432,0.026704767756074332,8322.766357421875,9428.143950195312,0.4784958956369701,5.005616004644732,0.016900934816646895,172.25824432373048,211.64255012512206,0.5459360095586617
2019-12-06,7546.99658203125,149.19444274902344,18104466307,6458766441,8.928904959393716,0.01316283930428419,8311.62806640625,9425.987387695313,0.48287410500000894,5.005250440085515,-0.00036556455921754605,171.68156616210936,211.12920028686523,0.5419344383958168
2019-12-07,7556.23779296875,148.76815795898438,15453520564,5911233284,8.93012869887379,0.0012237394800749257,8303.288671875,9423.951938476563,0.4836338530880936,5.0023891072882645,-0.0028613327972504266,171.18450256347657,210.59696166992188,0.5408448140993112
2019-12-08,7564.34521484375,151.2647247314453,15409908086,6441727252,8.931201067928312,0.0010723690545209053,8294.804365234375,9423.373332519532,0.4568517371335991,5.0190314457687295,0.016642338480465035,170.75153656005858,210.129790725708,0.5454486682585755
2019-12-09,7400.8994140625,148.2251739501953,17872021272,6744206747,8.909356814247456,-0.02184425368085563,8278.380791015625,9420.968596191406,0.4599771511345918,4.9987325631477795,-0.02029888262095003,170.20535247802735,209.64108825683593,0.5459936029027975
2019-12-10,7278.11962890625,146.2670440673828,18249031195,6859512025,8.89262781509476,-0.016728999152695323,8259.06876953125,9417.422336425781,0.44569461199916255,4.985434019953312,-0.013298543194467882,169.6322735595703,209.12499855041503,0.5345640140256066
2019-12-11,7217.42724609375,143.60800170898438,16350490689,7037180049,8.88425383127759,-0.008373983817170583,8241.853251953125,9413.246752929688,0.435648405664586,4.967087377269111,-0.018346642684200276,169.0584164428711,208.58423919677733,0.5337905213101624
2019-12-12,7243.13427734375,145.60400390625,18927080224,7890383413,8.887809302936054,0.0035554716584638157,8236.4225,9406.096345214844,0.4346340645798429,4.9808906347405975,0.013803257471486141,168.72244079589845,207.97691101074219,0.5367023344817399
2019-12-13,7269.6845703125,144.9447479248047,17125736940,7264810247,8.891468181733808,0.0036588787977542836,8231.946416015626,9398.415876464844,0.4356598828806878,4.976352621008584,-0.004538013732013013,168.37796478271486,207.33732154846192,0.5338556895769329
2019-12-14,7124.673828125,142.86923217773438,17137029730,7048066973,8.871319225580212,-0.02014895615359613,8201.225888671876,9390.439436035156,0.43798141740728147,4.961929751590451,-0.014422869418133644,167.60488525390625,206.69282417297364,0.5341045926069465
2019-12-15,7152.3017578125,143.114990234375,16881129804,7235153411,8.875189508051166,0.0038702824709542227,8159.372470703125,9382.903508300782,0.4342796165202244,4.963648434635708,0.00171868304525713,166.8704754638672,206.0611206817627,0.5297493173460552
2019-12-16,6932.48046875,133.61402893066406,20213265950,8992282119,8.84397296014013,-0.03121654791103623,8106.987783203125,9375.968547363282,0.44064157438159396,4.894955262555748,-0.06869317207995973,165.8579116821289,205.4498960876465,0.5635582816830388
2019-12-17,6640.51513671875,122.60388946533205,22363804217,9057166141,8.80094482029238,-0.04302813984775078,8054.6751171875,9366.29861328125,0.4564103756417859,4.808958747838465,-0.08599651471728276,164.6567332458496,204.72234775543214,0.6166804379259259
2019-12-18,7276.802734375,133.09219360351562,31836522778,11864518321,8.892446859882225,0.09150203958984626,8011.657421875,9359.862543945312,0.5666161759125133,4.8910420730688475,0.08208332523038209,163.51172561645507,204.06085239410402,0.6996174129582133
2019-12-19,7202.84423828125,129.32113647460938,25904604416,9564699140,8.882231260093734,-0.010215599788491403,7971.599775390625,9352.161975097657,0.566263969183924,4.86229874089942,-0.028743332169427482,162.4043049621582,203.35633045196533,0.7022146535335775
2019-12-20,7218.81640625,129.06605529785156,22633815180,8173594150,8.884446285796091,0.0022150257023572095,7931.984404296875,9347.21108154297,0.5630367597535474,4.860324329877935,-0.0019744110214849897,161.30628768920897,202.7386211013794,0.7028508288276689
2019-12-21,7191.15869140625,128.13095092773438,19312552168,7449064703,8.880607590917162,-0.003838694878929516,7890.58548828125,9344.62802001953,0.5385541672253739,4.853052795079322,-0.007271534798612755,160.18950881958008,202.1725819015503,0.649840262047979
2019-12-22,7511.5888671875,132.3725128173828,23134537956,9121058481,8.92420228925024,0.04359469833307905,7854.32291015625,9343.064807128907,0.5367694304082091,4.885620014830102,0.032567219750779586,159.15844467163086,201.599189414978,0.6215671050370649
2019-12-23,7355.62841796875,128.6140899658203,27831788041,9622497693,8.903221070305962,-0.020981218944278623,7816.728388671875,9340.73283203125,0.5400122975218774,4.8568163700772224,-0.028803644752879443,158.08222610473632,200.99488819122314,0.620540570426278
2019-12-24,7322.5322265625,129.0638885498047,22991622105,7961819689,8.89871147972498,-0.0045095905809819925,7774.926787109375,9337.125737304688,0.5115905792748322,4.8603075418368835,0.0034911717596610714,156.9363999938965,200.38555583953857,0.5741577092688751
2019-12-25,7275.15576171875,126.4546356201172,21559505149,8418019054,8.892220502356023,-0.006490977368956763,7733.57935546875,9333.730876464844,0.5102188264530931,4.839883632152344,-0.020423909684539332,155.67940933227538,199.7891385269165,0.5676067403677284
2019-12-26,7238.966796875,126.36122131347656,22787010034,8600871980,8.887233767582112,-0.00498673477391165,7691.14109375,9331.485324707031,0.5094054794094305,4.839144641235992,-0.0007389909163517672,154.37475692749024,199.25551113128662,0.562417666788682
2019-12-27,7290.08837890625,127.21460723876952,22777360996,8299390176,8.894270948235972,0.0070371806538602755,7651.591630859375,9327.934118652343,0.48678047627516646,4.845875481095562,0.006730839859569571,153.1595181274414,198.6539835357666,0.5521845559702426
2019-12-28,7317.990234375,128.3227081298828,21365673026,8069298610,8.898091011111877,0.0038200628759046396,7621.853818359375,9324.885498046875,0.4861795841747207,4.854548248398959,0.008672767303396611,152.04174285888672,198.0666879272461,0.554511342665908
2019-12-29,7422.65283203125,134.7579803466797,22445257702,9708776786,8.912291796797273,0.014200785685396511,7594.035234375,9321.269475097657,0.46789312800544003,4.903480431387456,0.048932182988497,151.036328125,197.43596138000487,0.5779847150251265
2019-12-30,7292.9951171875,132.63348388671875,22874131672,9796951716,8.894669593463579,-0.01762220333369413,7558.784609375,9316.57983154297,0.46391852345408674,4.887589563873846,-0.01589086751361002,149.89945220947266,196.81828483581543,0.5774332184370635
2019-12-31,7193.59912109375,129.61085510253906,21167946112,8936866397,8.880946898640339,-0.013722694823240289,7527.500830078125,9309.078662109376,0.46154471325240226,4.864536538917872,-0.023053024955973278,148.7818765258789,196.1459017944336,0.5808397862414791
2020-01-01,7200.17431640625,130.802001953125,18565664997,7935230330,8.881860515323053,0.000913616682714391,7495.19107421875,9300.887658691407,0.45925022196153553,4.873684744357997,0.009148205440125068,147.6610482788086,195.45481521606445,0.5819678157218611
2020-01-02,6985.47021484375,127.4101791381836,20802083465,8032709256,8.85158758722686,-0.030272928096193752,7458.735224609375,9290.842568359374,0.47079068781062644,4.847411638990132,-0.026273105367865313,146.4440769958496,194.74575008392333,0.5869115469641313
2020-01-03,7344.88427734375,134.1717071533203,28111481032,10476845358,8.901759333186892,0.050171745960032155,7431.471015625,9280.965227050781,0.503067544381011,4.89912037632944,0.051708737339308364,145.40751846313478,194.0448530960083,0.6190969946440383
2020-01-04,7410.65673828125,135.06936645507812,18444271275,7430904515,8.910674343010788,0.00891500982389637,7409.844306640625,9272.609697265625,0.49513494601168057,4.905788472068433,0.006668095738992186,144.49848220825194,193.3949406814575,0.6159808155533524
2020-01-05,7411.3173828125,136.2767791748047,19725074095,7526675353,8.910763486943477,8.914393268888432e-05,7387.055439453125,9263.298676757813,0.4927988666220939,4.9146879586332695,0.008899486564836856,143.5570506286621,192.7291656112671,0.617387705816309
2020-01-06,7769.21923828125,144.3041534423828,23276261598,9093747121,8.957924954179138,0.04716146723566084,7370.8803125,9254.508972167969,0.5202308067238612,4.9719232487500875,0.05723529011681805,142.74074905395508,192.0922113418579,0.6521862452806914
2020-01-07,8163.6923828125,143.5439910888672,28767291327,9257954672,9.007451843505542,0.0495268893264047,7367.9684375,9244.604650878906,0.5471593491846901,4.966641546330912,-0.00528170241917536,142.00043685913087,191.33537990570068,0.6491917514008132
2020-01-08,8079.86279296875,141.2581329345703,31672559265,9387194957,8.997130170302738,-0.01032167320280486,7365.442783203125,9231.4955078125,0.5421490090059772,4.9505889466668265,-0.016052599664085676,141.27648849487304,190.49476902008055,0.6478319526793096
2020-01-09,7879.0712890625,138.9792022705078,24045990466,7697325348,8.97196531918832,-0.02516485111441824,7362.47884765625,9216.614008789062,0.5467769916997395,4.93432429798273,-0.016264648684096272,140.54210556030273,189.6505260848999,0.6485879906328512
2020-01-10,8166.55419921875,143.96377563476562,28714583844,9084816203,9.007802336245646,0.035837017057327,7372.954931640625,9202.391267089844,0.5572106077766618,4.969561709838051,0.03523741185532092,140.19212661743165,188.81822154998778,0.6581422415067087
2020-01-11,8037.53759765625,142.92710876464844,25521165085,9332208590,8.991878046314872,-0.01592428993077455,7387.774130859375,9183.624370117188,0.561583844618479,4.962334771385416,-0.00722693845263489,140.04530532836915,187.94222553253175,0.6567104643637163
2020-01-12,8192.494140625,145.87393188476562,22903438381,8528167453,9.01097366536063,0.019095619045758738,7403.668076171875,9159.50568359375,0.5642246403731294,4.9827427684532,0.020407997067783512,139.89442825317383,186.98782932281495,0.660589696414066
2020-01-13,8144.1943359375,144.22659301757812,22482910688,8378529470,9.005060600973367,-0.005913064387263134,7425.593623046875,9144.312622070312,0.5587192811020727,4.971385625445643,-0.011357143007556303,139.92226608276368,186.23762409210204,0.6598209013044484
2020-01-14,8827.7646484375,165.95535278320312,44841784107,16712318373,9.085657107351734,0.08059650637836668,7459.226240234375,9126.41478515625,0.6185920720517228,5.1117187930432175,0.14033316759757408,140.3118424987793,185.51127033233644,0.8209937810399373
2020-01-15,8807.0107421875,166.23068237304688,40102834650,15173694057,9.083303358537599,-0.0023537488141354146,7490.999033203125,9110.652983398437,0.6041641436298991,5.113376476532307,0.0016576834890891234,140.6571546936035,184.74212924957274,0.7770824813416491
2020-01-16,8723.7861328125,164.39100646972656,31313981931,13735193018,9.073808612212739,-0.009494746324859804,7514.841484375,9100.186137695313,0.5793450932257571,5.1022477759537175,-0.011128700578589168,140.8847636413574,184.1106043624878,0.7044594156924356
2020-01-17,8929.0380859375,170.7799530029297,36372139320,14997091826,9.09706395092838,0.023255338715641116,7544.160126953125,9091.915654296876,0.5007387248044481,5.1403759032887075,0.03812812733499005,141.26601119995118,183.49629856109618,0.6631478528685053
2020-01-18,8942.80859375,175.3656768798828,32337772627,14929342256,9.098604979204243,0.001541028275862999,7567.79142578125,9082.62130859375,0.497372291586128,5.166873375953975,0.026497472665267807,141.66724166870117,182.91514476776123,0.6522011595635171
2020-01-19,8706.2451171875,166.9698486328125,34217320471,13713374132,9.071795876688045,-0.02680910251619828,7590.52373046875,9066.346186523437,0.5111551202946741,5.1178132490072565,-0.049060126946718796,141.9558448791504,182.2344941329956,0.6831648269796129
2020-01-20,8657.642578125,167.12051391601562,26422375678,11144529787,9.066197744881945,-0.00559813180609936,7615.190732421875,9053.557211914063,0.5116285950615709,5.118715192375317,0.0009019433680608202,142.27454055786131,181.6474805831909,0.6813699300570646
2020-01-21,8745.89453125,169.69715881347656,24097418512,9789369362,9.076339672816001,0.010141927934055772,7643.668857421875,9042.394384765625,0.4938403541061946,5.134015429692698,0.015300237317380727,142.68730056762695,181.05597873687745,0.6764510935382358
2020-01-22,8680.8759765625,168.29415893554688,22600204051,9209827928,9.068877721521234,-0.007461951294766678,7670.883466796875,9029.756010742187,0.48706880640785966,5.125713394329165,-0.008302035363533022,143.09405532836914,180.45971393585205,0.6660045522071921
2020-01-23,8406.515625,162.92855834960938,25770680779,10396868698,9.036762353798037,-0.0321153677231969,7693.9730859375,9014.53435546875,0.5034668785694302,5.093311812394918,-0.03240158193424669,143.41767166137694,179.74585391998292,0.6813077892988875
2020-01-24,8445.4345703125,163.05117797851562,24397913026,10657671162,9.041381286806333,0.004618933008295301,7713.915625,8995.33173828125,0.5018749023905588,5.09406412685514,0.0007523144602217258,143.69371536254883,178.9948527908325,0.674246973523432
2020-01-25,8367.84765625,161.283935546875,19647331549,8256956802,9.032151980623924,-0.009229306182408692,7730.332646484375,8974.3019140625,0.5031510349478308,5.083166386537631,-0.010897740317509452,143.93550521850585,178.25686740875244,0.6769196371411201
2020-01-26,8596.830078125,168.0771026611328,22177678796,9261861590,9.059148818726696,0.026996838102771648,7751.1444921875,8956.503500976563,0.5090350399478534,5.124422818531989,0.041256431994358245,144.32168411254884,177.64724132537842,0.6866611509394281
2020-01-27,8909.8193359375,170.93089294433594,28647338393,11004476145,9.094909243709058,0.03576042498236198,7778.053974609375,8944.259287109375,0.5197898811868399,5.141259339989727,0.016836521457737952,144.71500747680665,177.15837558746338,0.6871598141405297
2020-01-28,9358.58984375,176.3703155517578,34398744403,11772875064,9.144049900402607,0.049140656693548834,7817.207783203125,8931.9723046875,0.5401427750908602,5.172585850227114,0.03132651023738742,145.2779103088379,176.65884365081786,0.6771333814863824
2020-01-29,9316.6298828125,175.0503387451172,30682598115,10725267311,9.139556241729792,-0.004493658672814149,7857.97798828125,8921.593559570312,0.5342981257143898,5.165073582532291,-0.007512267694822938,145.8535762023926,176.1868013381958,0.6738844815213323
2020-01-30,9508.9931640625,184.6904754638672,32378792851,12604789338,9.159993278647873,0.02043703691808041,7903.809306640625,8917.858232421875,0.5299552593463037,5.218681318273305,0.05360773574101341,146.67522567749023,175.9723633956909,0.680651853106514
2020-01-31,9350.529296875,180.16017150878903,29432489719,11728616394,9.143188229971932,-0.016805048675941237,7945.95720703125,8910.1354296875,0.5370414441860517,5.193846296931273,-0.024835021342031638,147.36634902954103,175.72428424835206,0.6925390366257662
2020-02-01,9392.875,183.6739501953125,25922656496,11569697182,9.147706702123575,0.004518472151643138,7988.421015625,8909.711596679688,0.5186512664707263,5.213162175934339,0.01931587900306564,148.14093307495116,175.64671062469483,0.6800729930059967
2020-02-02,9344.365234375,188.61753845214844,30835736946,14054425389,9.142528791887049,-0.005177910236525918,8032.81484375,8907.964409179687,0.5001218239028906,5.239721358729175,0.026559182794835934,149.05589920043946,175.5323734664917,0.667216183622199
2020-02-03,9293.521484375,189.8650665283203,30934096509,12392875241,9.137072821809333,-0.005455970077715477,8075.63923828125,8901.099604492187,0.5023075073399471,5.246313643699201,0.006592284970026618,149.99090072631836,175.34886798858642,0.6672229362825763
2020-02-04,9180.962890625,189.25059509277344,29893183716,11714191695,9.124887368160255,-0.01218545364907797,8120.60888671875,8894.350756835938,0.5064090746245784,5.243072036792262,-0.0032416069069389764,151.10363204956056,175.18845386505126,0.6691256026268907
2020-02-05,9613.423828125,204.2302398681641,35222060874,14865434435,9.170915716153008,0.04602834799275257,8180.067060546875,8888.582177734375,0.5052961050889775,5.319247984228519,0.07617594743625666,152.7361590576172,175.06400897979736,0.6885954428785935
2020-02-06,9729.8017578125,212.33908081054688,37628823716,16425589683,9.182948800646951,0.012033084493943136,8229.127041015625,8884.235659179687,0.4820629433955682,5.358184434719257,0.038936450490737684,154.32109680175782,174.99755054473877,0.6922332751499839
2020-02-07,9795.943359375,222.7260589599609,34522718159,16673443564,9.189723636039723,0.006774835392771905,8280.9890234375,8881.49984375,0.47851988449188043,5.405942581158031,0.04775814643877396,156.18919525146484,175.02338077545167,0.6942465948411579
2020-02-08,9865.119140625,223.14651489257807,35172043762,16741203125,9.196760495487183,0.007036859447460131,8333.915078125,8881.3216015625,0.46475280295513755,5.407828573174149,0.0018859920161187205,158.07080444335938,175.07547077178955,0.6867462273396419
2020-02-09,10116.673828125,228.5785675048828,35807884663,15031356241,9.221940215706434,0.025179720219250967,8392.425380859375,8882.845341796876,0.45801007990394504,5.431879991518687,0.024051418344537723,160.07975677490234,175.13313175201415,0.6838603244019259
2020-02-10,9856.611328125,223.522705078125,39386548075,16210008511,9.195897709836478,-0.026042505869956045,8439.325830078125,8882.569189453125,0.46571749079220987,5.409512997610283,-0.022366993908404353,161.9027606201172,175.1526552963257,0.6921569456801032
2020-02-11,10208.236328125,235.8511962890625,37648059389,16964695963,9.230950156582749,0.035052446746270505,8496.37798828125,8884.258852539062,0.4742670167459947,5.463201081962743,0.05368808435246031,164.04750274658204,175.23376323699952,0.70509991863939
2020-02-12,10326.0546875,265.4061279296875,43444303830,24545049386,9.2424255615228,0.011475404940052059,8556.4484375,8888.500737304688,0.47202771987926995,5.581261211042581,0.1180601290798382,166.7743475341797,175.52375232696534,0.7821578884981193
2020-02-13,10214.3798828125,268.0992431640625,49356071373,25801317504,9.231551798880616,-0.010873762642184204,8615.232919921875,8891.808334960937,0.3965459201963352,5.591357222276581,0.010096011233999391,169.6072396850586,175.80831577301026,0.6517050211476904
2020-02-14,10312.1162109375,284.2174987792969,43338264162,23558253463,9.241074814041317,0.009523015160700865,8676.695908203124,8895.773188476562,0.3959889537647458,5.649739785826973,0.058382563550392064,172.764365234375,176.17306301116943,0.6658874147342835
2020-02-15,9889.4248046875,264.72857666015625,43865054831,23682452994,9.199221263642075,-0.04185355039924232,8728.68263671875,8897.183193359375,0.4261039370364334,5.578705062076721,-0.07103472375025177,175.51464462280273,176.4440929031372,0.728568200854714
2020-02-16,9934.43359375,259.89471435546875,43374780305,25152366643,9.203762142162931,0.004540878520856495,8781.01150390625,8896.427221679687,0.4205231767048551,5.560276604216588,-0.01842845786013303,178.14608474731446,176.650295753479,0.7335239058457514
2020-02-17,9690.142578125,266.3634338378906,45998298413,26024080089,9.178864418721352,-0.0248977234415797,8826.361298828126,8892.87958984375,0.43207147159353093,5.584861668876889,0.024585064660301192,180.77819381713869,176.89307071685792,0.7331439360070973
2020-02-18,10141.99609375,281.944580078125,47271023953,26511477187,9.224440111199103,0.04557569247775106,8883.341318359375,8890.998696289062,0.44352019346089194,5.6417105270789785,0.0568488582020894,183.7644157409668,177.21343578338622,0.7113588922358519
2020-02-19,9633.38671875,259.76397705078125,46992019710,22679414413,9.172990127155813,-0.051449984043289376,8932.1370703125,8885.056997070313,0.4843793806853979,5.559773438159297,-0.08193708891968132,186.36747817993165,177.39980396270752,0.7899730645273371
2020-02-20,9608.4755859375,257.949462890625,44925260237,23229828870,9.170400861487483,-0.0025892656683303983,8980.303095703124,8878.248452148437,0.48423751806674675,5.552763685465677,-0.007009752693620364,188.91042739868163,177.57620265960693,0.7935850463370321
2020-02-21,9686.44140625,265.6006164550781,40930547513,20867593292,9.178482393497195,0.008081532009711623,9034.32251953125,8867.652392578126,0.4829897057173262,5.58199373859009,0.029230053124413402,191.67423614501953,177.73313060760498,0.7911289072123161
2020-02-22,9663.181640625,262.33172607421875,35838025154,16906032862,9.17607823536222,-0.002404158134973855,9080.688466796875,8858.577456054687,0.4661197519547751,5.56960983294864,-0.012383905641450532,194.2374365234375,177.91468601226808,0.7789540404021489
2020-02-23,9924.515625,273.754150390625,41185185761,19585998814,9.202763300838011,0.026685065475790637,9130.96564453125,8848.490190429688,0.4724170811387793,5.612230442260072,0.042620609311432744,197.01113220214845,178.15150173187257,0.7824047074957334
2020-02-24,9650.1748046875,265.2164306640625,45080496648,22400845640,9.174731308644356,-0.028031992193655597,9175.74279296875,8836.909028320313,0.48414227897996986,5.580546212139372,-0.03168423012070054,199.5899252319336,178.3728745651245,0.7950810617697995
2020-02-25,9341.705078125,247.81759643554688,42515259129,21878882134,9.142244071105903,-0.03248723753845262,9207.192509765626,8824.30287109375,0.4941014256601608,5.512692977309689,-0.0678532348296832,201.66019409179688,178.55951801300048,0.8421520578807794
2020-02-26,8820.5224609375,225.6802673339844,50420050762,26235617201,9.084836383180415,-0.05740768792548856,9220.329111328125,8811.635361328124,0.5218953912781449,5.4191192512640445,-0.09357372604564418,203.30291961669923,178.6542516708374,0.920170541731367
2020-02-27,8784.494140625,226.75338745117188,45470195695,25645522790,9.080743416791966,-0.00409296638844836,9234.42173828125,8797.939936523437,0.4904626340780094,5.4238630280288485,0.004743776764803975,205.01282470703126,178.7075542831421,0.9168133924322518
2020-02-28,8672.455078125,226.760498046875,44605450443,22563530559,9.06790719902363,-0.012836217768336766,9250.2894140625,8784.389130859376,0.4918342232760205,5.423894385814932,3.1357786083319183e-05,206.7684506225586,178.78491641998292,0.9155447181908918
2020-02-29,8599.5087890625,219.8485107421875,35792392544,18181296376,9.059460363059458,-0.00844683596417184,9258.948505859375,8772.907524414062,0.4852375840000976,5.392938721631565,-0.030955664183366594,208.28614532470704,178.84061374664307,0.9107565184145302
2020-03-01,8562.4541015625,218.97059631347656,35349164300,18179807469,9.055142122154654,-0.004318240904803261,9269.4468359375,8765.461274414063,0.48282880655562443,5.388937457393579,-0.004001264237985858,209.80701507568358,179.0024280166626,0.904813635826545
2020-03-02,8869.669921875,230.5697784423828,42857674409,20305587789,9.090392861744805,0.03525073959015046,9282.9903515625,8758.25189453125,0.5003805364046324,5.440553543055464,0.0516160856618848,211.50093200683594,179.2127666091919,0.9174960649237676
2020-03-03,8787.7861328125,224.4796295166016,42386715821,19853178572,9.08111809693305,-0.009274764811754821,9295.8621875,8750.319130859374,0.5009210054897554,5.4137849659456325,-0.026768577109831604,213.1059927368164,179.40796436309813,0.922453999942424
2020-03-04,8755.24609375,224.5179748535156,34746706368,16567075208,9.077408353262653,-0.0037097436703970033,9294.41181640625,8742.936640625,0.5008084538693349,5.413955770139838,0.00017080419420523185,214.27724517822264,179.60211582183837,0.9226566826509219
2020-03-05,9078.7626953125,229.2681884765625,39698054597,18201291785,9.113693195274074,0.03628484201142079,9299.84685546875,8736.601401367188,0.5166740166934162,5.434892447036563,0.02093667689672518,215.53799530029298,179.775989112854,0.923598337538873
2020-03-06,9122.5458984375,243.5252990722656,40826885651,19374772256,9.11850419964215,0.0048110043680758,9307.82205078125,8727.633862304687,0.4893651163971946,5.495220834753034,0.060328387716470644,217.12068115234376,179.97815593719483,0.9100835052515612
2020-03-07,8909.9541015625,237.85308837890625,36216930370,19431652027,9.0949243691118,-0.023579830530350065,9307.44037109375,8718.367470703124,0.49249931171064276,5.4716532073595,-0.023567627393533463,218.4621438598633,180.1845943069458,0.9076075798649926
2020-03-08,8108.1162109375,200.6890563964844,39973102121,21381823651,9.000620840342572,-0.09430352876922754,9290.7465234375,8708.217802734374,0.5849418789431047,5.301756727143158,-0.16989648021634185,218.9686114501953,180.25358142852784,1.076657130839011
2020-03-09,7923.64453125,201.986328125,46936995808,23645428606,8.977606547050728,-0.023014293291844012,9275.09451171875,8697.180747070313,0.5857072491110618,5.308200012561133,0.006443285417974565,219.66894104003907,180.306848487854,1.077059897752712
2020-03-10,7909.7294921875,200.76724243164065,42213940994,18344930072,8.975848861970544,-0.001757685080184146,9260.13625,8684.6895703125,0.5743292540966671,5.3021462392089695,-0.006053773352163283,220.34187561035156,180.33715366363526,1.0725397935846652
2020-03-11,7911.43017578125,194.8685302734375,38682762605,16984790291,8.976063850458871,0.00021498848832735007,9243.446962890624,8673.446916503906,0.5713591016859301,5.272325127460248,-0.029821111748721485,220.84530303955077,180.35504848480224,1.0744315258407209
2020-03-12,4970.7880859375,112.3471221923828,53980357243,22134741655,8.511333675119097,-0.4647301753397741,9169.245205078125,8647.608269042968,1.6829435839454678,4.721593383638237,-0.550731743822011,219.7263623046875,179.9825721359253,2.1708860123964673
2020-03-13,5563.70703125,133.20181274414062,74156772075,27864623061,8.624019897316643,0.11268622219754576,9112.389033203124,8623.572702636719,1.7456456632814104,4.89186536720393,0.1702719835656925,219.13182739257812,179.7039342880249,2.221163972204876
2020-03-14,5200.3662109375,123.30602264404295,36154506008,12740784545,8.55648432727007,-0.06753557004657296,9047.487666015624,8598.647033691406,1.7528401639411926,4.814669254427868,-0.0771961127760612,218.33692428588867,179.38288108825682,2.225668208131446
2020-03-15,5392.31494140625,125.21430206298828,33997889639,12719251813,8.592730059900916,0.03624573263084585,8987.97701171875,8576.836494140625,1.7614424502141708,4.83002668587176,0.015357431443892011,217.61553161621094,179.13950275421143,2.210169852968779
2020-03-16,5014.47998046875,110.60587310791016,45368026430,15984904590,8.520085002191797,-0.07264505770911889,8916.330009765625,8554.357893066406,1.7691536049828063,4.705973189919862,-0.12405349595189819,216.46610702514647,178.84494842529296,2.2310061085653783
2020-03-17,5225.62939453125,113.9427490234375,38622642935,12087490572,8.561330527861989,0.041245525670191796,8842.6462109375,8532.495170898437,1.7808445895124976,4.735696120700268,0.02972293078040611,215.3263441467285,178.57048782348633,2.2402056508653034
2020-03-18,5238.4384765625,114.84226989746094,37878801016,11617854009,8.563778732248057,0.002448204386068298,8760.24318359375,8510.53404296875,1.7827248477131294,4.743559620796473,0.007863500096204845,214.09578323364258,178.28235023498536,2.2360691889410576
2020-03-19,6191.19287109375,136.59385681152344,51000731797,16396753275,8.730883056497671,0.16710432424961397,8697.734443359375,8492.700153808593,1.8867817482767646,4.917011974028221,0.173452353231748,213.3266535949707,178.10717239379883,2.3269299546918787
2020-03-20,6198.7783203125,132.73716735839844,54442976103,18960388062,8.732107506506358,0.0012244500086868726,8631.530146484374,8471.960241699218,1.8834270626803218,4.888370987716077,-0.02864098631214418,212.28758743286133,177.87912147521973,2.3176808085327703
2020-03-21,6185.06640625,132.81871032714844,42494390880,13684083308,8.729893021430229,-0.0022144850761289803,8568.220888671874,8449.767873535156,1.8834578377888647,4.88898511813581,0.0006141304197333497,211.3407582092285,177.64571838378907,2.3184695909467017
2020-03-22,5830.2548828125,123.32115173339844,40099664740,12497707224,8.670815997567699,-0.05907702386253,8496.968486328125,8425.946682128906,1.8878037433988148,4.814791942362907,-0.07419317577290307,210.13370223999024,177.38235969543456,2.3177013366857597
2020-03-23,6416.31494140625,134.91160583496094,46491916000,14149877968,8.766599235219163,0.09578323765146379,8438.40748046875,8405.150590820313,1.9279476052540936,4.90461979238901,0.0898278500261025,209.05958358764647,177.18583206176757,2.352186867749476
2020-03-24,6734.8037109375,138.76144409179688,48221910672,14609068673,8.815043943792803,0.04844470857364058,8387.233125,8387.058095703125,1.9351577514410485,4.932756229166139,0.02813643677712907,208.03751113891602,177.0298583984375,2.3477040057543515
2020-03-25,6681.06298828125,136.19589233398438,44590107888,13433092920,8.807032383853082,-0.008011559939721025,8337.235126953125,8367.877136230469,1.934450377885665,4.9140942341856135,-0.018661994980525343,206.97641708374024,176.81952476501465,2.3475126395342354
2020-03-26,6716.4404296875,138.36155700683594,35319797642,11367261176,8.8123135952145,0.005281211361417348,8279.295458984376,8349.252956542969,1.9339647805273952,4.929870237307442,0.015776003121828808,205.65904342651368,176.60455490112304,2.3451721144262416
2020-03-27,6469.79833984375,133.9379425048828,34585598367,11396286629,8.774900218515187,-0.03741337669931255,8214.095390625,8329.927075195312,1.9291773582450982,4.897376577044542,-0.032493660262900015,204.0910206604004,176.36849731445312,2.330498009656363
2020-03-28,6242.19384765625,130.9864959716797,34885225901,12162403960,8.739086977724398,-0.03581324079078918,8143.020400390625,8310.558166503906,1.931058259561456,4.875094233701961,-0.022282343342581612,202.25622940063477,176.12449394226076,2.329173412509025
2020-03-29,5922.04296875,125.58373260498048,28373690931,9938133669,8.686436764418733,-0.05265021330566455,8064.158876953125,8289.276520996094,1.9364201301779322,4.8329727281697155,-0.04212150553224525,200.3049737548828,175.8587851333618,2.3296403726502453
2020-03-30,6429.841796875,132.904541015625,37101651525,11841123306,8.76870521302152,0.08226844860278604,7990.422236328125,8269.375095214844,1.9645848476014913,4.889631133800814,0.05665840563109814,198.39149322509766,175.61822734832765,2.344309853627185
2020-03-31,6438.64453125,133.59356689453125,32786468812,11065246317,8.770073320431134,0.0013681074096147938,7922.062900390625,8249.765583496093,1.9648807086366344,4.89480210795616,0.005170974155346286,196.5929104614258,175.38064655303955,2.345157139416232
2020-04-01,6606.7763671875,135.63455200195312,40346426266,12456564435,8.79585112359681,0.025777803165675905,7850.033701171875,8231.009221191407,1.962441421823873,4.909964151322171,0.015162043366011346,194.5885775756836,175.11829174041748,2.3352624942622726
2020-04-02,6793.62451171875,142.02914428710938,47660646124,15322861686,8.82373987956277,0.027888755965960854,7779.38509765625,8213.238779296875,1.966847298998127,4.956032278000631,0.04606812667845972,192.12103790283203,174.87949184417724,2.3454946663215686
2020-04-03,6733.38720703125,142.09130859375,38976504903,13184603402,8.814833595733424,-0.008906283829347217,7709.765244140625,8195.521745605469,1.966768889825629,4.9564698692194415,0.0004375912188105957,189.6008792114258,174.6043825149536,2.345516939473925
2020-04-04,6867.52734375,145.21939086914062,33185988584,11946658257,8.834559399577811,0.019725803844387713,7640.873466796875,8178.653020019531,1.9628405518649301,4.978245639404952,0.0217757701855108,186.82091705322264,174.28743572235106,2.3456816929891553
2020-04-05,6791.12939453125,143.54664611816406,29510409856,11280993591,8.823372538758106,-0.011186860819705657,7578.90755859375,8161.617426757813,1.9621856439324523,4.966660042435994,-0.011585596968958,184.3972784423828,173.94820377349853,2.3298883685652823
2020-04-06,7271.78125,169.13587951660156,46896904615,21636382525,8.891756554271755,0.06838401551364903,7525.65451171875,8146.6442578125,1.9802166360764004,5.130702412679785,0.16404237024379054,182.58210174560546,173.68747890472412,2.414233166053281
2020-04-07,7176.41455078125,165.10194396972656,44243482668,21659346091,8.878555171130996,-0.013201383140758693,7475.379951171875,8131.618122558593,1.955143621099982,5.10656312535541,-0.02413928732437487,180.5568719482422,173.42273838043212,2.34634675114245
2020-04-08,7334.0986328125,172.64173889160156,37563249549,17063110836,8.900289797247206,0.02173462611620991,7419.222001953125,8118.1900317382815,1.9559164210154067,5.151218573815457,0.04465544846004654,178.37081512451172,173.2083660507202,2.3527780868798236
2020-04-09,7302.08935546875,170.80714416503906,34815139178,14901696210,8.895915799263244,-0.004373997983961431,7372.5960546875,8104.348515625,1.955923913131306,5.14053510814388,-0.010683465671576187,176.59167846679688,173.00467487335206,2.3528538402704235
2020-04-10,6865.4931640625,158.41244506835938,43622840992,17980944616,8.83426315306726,-0.06165264619598432,7317.73640625,8090.029360351563,1.966652802517581,5.065202043644827,-0.07533306449905375,174.60093811035156,172.7871305465698,2.36413097412281
2020-04-11,6859.0830078125,158.2160186767578,31222085946,13555089447,8.83332903945445,-0.0009341136128107053,7261.18923828125,8081.221943359375,1.0556403705526614,5.063961306065665,-0.0012407375791614328,172.45324615478515,172.7376569747925,1.3192766838756218
2020-04-12,6971.091796875,161.14242553710938,35759567632,15123721386,8.849527133793757,0.01619809433930719,7207.34744140625,8073.642436523438,0.9899597069551583,5.082288604594641,0.018327298528975966,170.42946014404296,172.68890560150146,1.1890231808789458
2020-04-13,6845.03759765625,156.27955627441406,38619308647,16465282133,8.83127923042569,-0.018247903368067142,7145.757880859375,8067.272785644531,0.9573189463763508,5.051646430884234,-0.030642173710407228,168.07996826171876,172.63666774749757,1.1585516662005964
2020-04-14,6842.427734375,157.5963897705078,34110434052,14723156630,8.83089787956933,-0.00038135085635992994,7089.602939453125,8060.225695800781,0.9527899487172367,5.060037269613858,0.008390838729623873,165.92756744384766,172.55109470367432,1.158242004128591
2020-04-15,6642.10986328125,153.28689575195312,32288311031,14171753737,8.801184942492647,-0.029712937076682877,7035.61103515625,8052.206669921875,0.9182300150869326,5.03231130115395,-0.027725968459908046,164.03695343017577,172.44466472625732,1.065374826226977
2020-04-16,7116.80419921875,172.15737915039062,46783242377,22910469236,8.870214055219082,0.06902911272643486,7001.536669921875,8047.269763183594,0.9353241431096105,5.148409053521058,0.11609775236710806,162.9664956665039,172.45293422698975,1.1255079923713553
2020-04-17,7096.1845703125,171.63858032226562,32513423567,16714684266,8.867312534123599,-0.0029015210954828063,6967.770478515625,8041.281345214844,0.9360749438720626,5.145390988836877,-0.0030180646841806436,161.86419952392578,172.41176609039306,1.1268643322709169
2020-04-18,7257.6650390625,186.91400146484372,32447188386,20160323443,8.889813436124205,0.022500902000606615,6939.474677734375,8035.853288574219,0.7478030842131922,5.230648625860209,0.08525763702333222,161.06726959228516,172.45963397979736,1.0045490400498767
2020-04-19,7189.4248046875,181.61495971679688,31311210215,19146038381,8.880366448166921,-0.009446987957284492,6911.272998046875,8029.835202636718,0.7494592466870127,5.201888840069507,-0.028759785790702708,160.30259857177734,172.46415622711183,1.0046073161222704
2020-04-20,6881.95849609375,172.2971649169922,37747113936,21266681335,8.836658555547864,-0.043707892619057276,6877.6630859375,8022.945034179687,0.7681870749081985,5.149220689057199,-0.05266815101230726,159.36912994384767,172.4496453475952,1.0280905311914126
2020-04-21,6880.3232421875,172.73770141601562,32589741511,16458767984,8.836420912699818,-0.00023764284804528302,6837.87615234375,8016.316953125,0.7344803884074839,5.151774267152605,0.002553578095405129,158.21248840332032,172.42840885162354,0.9841445027063419
2020-04-22,7117.20751953125,182.59957885742188,33249153866,17994666395,8.870270725161552,0.033849812461733464,6804.464580078125,8011.14548828125,0.6673891998356049,5.207295661791406,0.05552139463880135,157.3748873901367,172.4596491622925,0.9565494667105857
2020-04-23,7429.724609375,185.02867126464844,43500782316,21275740032,8.913244072337813,0.042973347176261,6777.954150390625,8008.353332519531,0.6630055408386313,5.2205107928791055,0.013215131087699561,156.58510131835936,172.5194968032837,0.9544197688165813
2020-04-24,7550.90087890625,189.2369384765625,34636526286,16788555028,8.929422156834239,0.016178084496425882,6747.3969140625,8004.8797216796875,0.663192302811534,5.242999872638859,0.022489079759753672,155.78447631835937,172.55974979400634,0.9498699545024648
2020-04-25,7569.93603515625,195.5153045654297,32941541447,18260969748,8.931939896614587,0.002517739780348194,6716.344716796875,8001.585485839843,0.6631993370970112,5.2756386605835175,0.032638787944658354,154.82427642822265,172.62721851348877,0.9527619601469924
2020-04-26,7679.8671875,197.31753540039065,33070154491,18335367012,8.946357532697917,0.01441763608332991,6691.742978515625,7997.006120605469,0.646917525508608,5.284814285918541,0.009175625335023696,154.01356536865234,172.64733989715577,0.9395254919855371
2020-04-27,7795.60107421875,197.22471618652344,36162144725,18670194595,8.961314888745944,0.014957356048027393,6685.49267578125,7993.0517578125,0.6299123473410051,5.284343769946139,-0.00047051597240255205,153.94427856445313,172.67516513824464,0.9322936301274863
2020-04-28,7807.05859375,198.41539001464844,33187959921,18217507467,8.962783551375846,0.0014686626299020844,6683.16095703125,7990.478266601563,0.5921207822031667,5.290362762480675,0.006018992534536416,153.8728598022461,172.75439365386964,0.9109298887476134
2020-04-29,8801.0380859375,216.96823120117188,60201052203,26397548759,9.082624957820135,0.11984140644428898,6700.98712890625,7992.800678710937,0.6609692801925873,5.379750942828335,0.08938818034765994,154.1968795776367,172.9351015853882,0.936453706661649
2020-04-30,8658.5537109375,207.60205078125,66964629541,28089191904,9.066302979634212,-0.01632197818592296,6715.929599609375,7994.48841796875,0.6668869710836349,5.33562302976534,-0.04412791306299457,154.45154998779296,173.06273609161377,0.9593603611401249
2020-05-01,8864.7666015625,214.21910095214844,44068389997,20816320834,9.089839890080782,0.023536910446569692,6793.809169921875,7996.938818359375,0.666259884710444,5.366999327484004,0.03137629771866379,156.48898956298828,173.1990270614624,0.9611253634786652
2020-05-02,8988.5966796875,215.32537841796875,40134388683,18260876092,9.103712017359816,0.01387212727903453,6862.306962890625,8000.854956054687,0.6632572185484613,5.372150272100693,0.005150944616688413,158.13146087646484,173.36862361907959,0.9551824151997396
2020-05-03,8897.46875,210.9331512451172,47101785174,20469034664,9.093522105155646,-0.010189912204170426,6936.249013671875,8005.104665527344,0.6637164409176451,5.351541264534886,-0.02060900756580697,159.88400344848634,173.54322185516358,0.9617065602034839
2020-05-04,8912.654296875,208.17401123046875,45718796276,22602446422,9.095227376985035,0.0017052718293886215,7006.65580078125,8009.148381347656,0.6631262670098743,5.338374322407079,-0.013166942127806891,161.54319763183594,173.69395015716552,0.9654866729648118
2020-05-05,9003.0703125,206.7743988037109,43148462663,19004689099,9.10532094397468,0.010093566989645808,7086.427607421875,8014.2976953125,0.6592413379491965,5.3316283380835285,-0.006745984323550225,163.46656814575195,173.85971546173096,0.9641450357335631
2020-05-06,9268.76171875,204.0557861328125,49371886931,20343543799,9.134405070214505,0.029084126239824926,7167.29025390625,8020.698701171875,0.6285199527488691,5.318393417895809,-0.013234920187719545,165.26882888793946,174.0154292678833,0.7963609360680534
2020-05-07,9951.5185546875,212.28941345214844,61112700562,23594744655,9.205480437069168,0.07107536685466265,7261.55185546875,8029.345903320313,0.6605202436695936,5.357950501484459,0.039557083588650066,167.2177717590332,174.19920444488525,0.7967543827657299
2020-05-08,9842.666015625,212.9915771484375,51780748042,20445139356,9.194481889896878,-0.01099854717229043,7334.581318359375,8037.340629882812,0.6636215825645514,5.361252621023495,0.0033021195390361413,168.7457261657715,174.38955738067628,0.7860419167776397
2020-05-09,9593.896484375,211.60012817382807,46566121841,18950547549,9.168882392382683,-0.02559949751419488,7402.483681640625,8044.919096679688,0.6733880755870898,5.3546983057203885,-0.006554315303106684,170.32298538208008,174.58605373382568,0.7850039399469595
2020-05-10,8756.4306640625,188.5995635986328,63325279337,25211575193,9.077543642456337,-0.09133874992634539,7453.910966796875,8051.127890625,0.7190577969858681,5.239626056297596,-0.11507224942279226,171.43860244750977,174.71703762054443,0.8473157457522738
2020-05-11,8601.7958984375,185.912841796875,57119858802,20054601647,9.05972628584032,-0.017817356616017577,7509.341787109375,8056.669426269531,0.7241239871744853,5.225277971399511,-0.014348084898085034,172.6904362487793,174.83575908660887,0.8499187883795644
2020-05-12,8804.4775390625,189.3125,42142717533,15899726284,9.083015682322845,0.02328939648252515,7557.1050390625,8057.3883129882815,0.7256112663334884,5.243399088787456,0.01812111738794453,173.77845413208007,174.87470554351808,0.8498795515602517
2020-05-13,9269.9873046875,199.1932830810547,45558144023,17054662289,9.134537289053839,0.0515216067309936,7607.8087109375,8057.513386230468,0.7348600483746085,5.294275625109367,0.050876536321911026,174.98709091186524,174.9714945602417,0.8539601209145292
2020-05-14,9733.7216796875,202.9490966796875,56426907637,20150524861,9.183351597390367,0.048814308336528,7668.861884765625,8058.423420410156,0.7459723417391422,5.312955192324952,0.01867956721558528,176.3221549987793,175.06502895355226,0.8547598214952198
2020-05-15,9328.197265625,195.62266540527344,48158802327,16602342092,9.140797056053735,-0.0425545413366315,7721.097021484375,8058.783664550781,0.7562299052382494,5.276187627192655,-0.03676756513229673,177.46737716674804,175.12982822418212,0.8601384624786652
2020-05-16,9377.013671875,200.6771240234375,36164766408,15379081645,9.14601661944085,0.005219563387115045,7779.241328125,8058.530295410156,0.7271369360784402,5.301697268356481,0.02550964116382559,178.80216079711914,175.1815009689331,0.7703748233508773
2020-05-17,9670.7392578125,207.15869140625,40084250663,15470397303,9.176860034109836,0.030843414668986213,7847.812236328125,8060.855358886719,0.7295948294348722,5.333485124709373,0.03178785635289216,180.32560470581055,175.2938335800171,0.7753035862638955
2020-05-18,9726.5751953125,214.52505493164065,41827139896,17411566928,9.18261712918136,0.005757095071523111,7923.902880859375,8063.490310058593,0.7284125430370171,5.368426537754873,0.034941413045499914,182.10443115234375,175.44662425994872,0.7292830729233508
2020-05-19,9729.0380859375,213.45111083984372,39254288955,14346192779,9.182870309649386,0.00025318046802702554,7989.886806640625,8065.829978027344,0.7259750038214092,5.3634078174061415,-0.00501872034873152,183.71536254882812,175.59403034210206,0.7202633892757175
2020-05-20,9522.9814453125,210.09674072265625,36546239703,12730175511,9.161463255784346,-0.021407053865040382,8051.573544921875,8066.821296386719,0.709150117077351,5.347568094749458,-0.01583972265668354,185.24542602539063,175.7248854446411,0.6938757685191578
2020-05-21,9081.76171875,199.88360595703125,39326160532,13308321229,9.114023474664293,-0.04743978112005287,8101.073251953125,8066.053332519531,0.736986050523326,5.297735226922796,-0.04983286782666152,186.53040710449218,175.81217838287353,0.7212519038694865
2020-05-22,9182.5771484375,207.169189453125,29810773699,12041592114,9.125063179339715,0.011039704675422257,8148.8523046875,8064.903156738281,0.7316801731420084,5.3335357997778985,0.035800572855102075,187.8332080078125,175.91624835968017,0.7069578178435263
2020-05-23,9209.287109375,208.69439697265625,27727866812,10665476768,9.127967722276855,0.002904542937139709,8198.370302734374,8064.236955566406,0.7211877636548585,5.340870966442723,0.007335166664824477,189.1652697753906,176.0131995010376,0.7063121373937225
2020-05-24,8790.3681640625,202.37034606933597,32518803300,11833299572,9.081411874223312,-0.046555848053543514,8236.827119140626,8061.384396972656,0.7441432741031467,5.310099415164312,-0.030771551278411025,190.30828887939452,176.0670820236206,0.7131744300741445
2020-05-25,8906.9345703125,205.3197479248047,31288157264,10415044124,9.09458541753226,0.013173543308948155,8279.14322265625,8059.581262207032,0.7446120318423846,5.324568509972688,0.014469094808376326,191.54375091552734,176.15379802703856,0.7062076645167925
2020-05-26,8835.052734375,201.90231323242188,29584186947,10159741290,9.08648235353904,-0.008103063993219806,8310.40865234375,8059.732121582031,0.7453307241339249,5.30778398257075,-0.016784527401938476,192.19907958984376,176.2422522354126,0.7085185096660348
2020-05-27,9181.017578125,208.86343383789065,32740536902,10631034756,9.124893324761734,0.0384109712226941,8350.500712890625,8061.569299316407,0.7538457632940284,5.341680611775636,0.0338966292048859,193.07430938720702,176.36142581939697,0.7178433804563229
2020-05-28,9525.7509765625,219.8404235839844,34367073114,12212469604,9.161754039570708,0.03686071480897368,8394.333759765625,8063.920422363281,0.761560275438026,5.392901935815172,0.0512213240395365,194.01828308105468,176.51324153900146,0.7381278325019899
2020-05-29,9439.1240234375,220.6751251220703,32896642044,12265816557,9.152618460706522,-0.00913557886418559,8437.074453125,8067.327102050781,0.6440619291526305,5.396691597903169,0.0037896620879971366,195.01564270019531,176.68916896820068,0.6698785841034297
2020-05-30,9700.4140625,242.34559631347656,32722975141,15027397867,9.179923850436086,0.02730538972956431,8493.77287109375,8071.7508618164065,0.6461315808321656,5.490364791354587,0.09367319345141745,196.69430572509765,176.96667987823486,0.7243913463035195
2020-05-31,9461.05859375,230.9757080078125,27773290299,12234904813,9.15493955787309,-0.024984292562995947,8545.8123828125,8075.0148413085935,0.6496214858573401,5.442312544852738,-0.04805224650184847,198.14949951171874,177.18026470184327,0.7409993704053804
2020-06-01,10167.2685546875,246.99176025390625,35198901068,13951727936,9.226928874275428,0.07198931640233752,8609.73591796875,8082.310710449219,0.6929804788583148,5.509354976775618,0.06704243192287951,199.86648620605467,177.48522533416747,0.7744668889732428
2020-06-02,9529.8037109375,237.21905517578125,39137252109,13782107567,9.162179399472592,-0.0647494748028361,8663.431240234375,8087.499768066406,0.7321711911540069,5.468983997690328,-0.04037097908528953,201.48527618408204,177.7687147140503,0.7855429175943967
2020-06-03,9656.7177734375,244.1793212890625,25007459262,9861760817,9.175409094463488,0.01322969499089588,8719.717041015625,8093.029553222656,0.7331584557557445,5.4979028786851325,0.02891888099480422,203.2169348144531,178.07286952972413,0.7877379598483089
2020-06-04,9800.63671875,244.4263916015625,25921805072,10170414304,9.19020263384914,0.014793539385651755,8782.887578125,8099.142858886718,0.7339400773240052,5.498914206743892,0.0010113280587598084,205.03972473144532,178.36940532684326,0.7867067880543633
2020-06-05,9665.533203125,241.22198486328125,23509628646,9293963914,9.176321558576475,-0.013881075272664134,8833.862158203125,8105.924094238281,0.7298851394765289,5.485717608557033,-0.013196598186858921,206.42101684570312,178.67271724700927,0.7866952662619705
2020-06-06,9653.6796875,241.9313201904297,20438419222,8114873845,9.17509443641787,-0.0012271221586050984,8885.012060546875,8113.161765136719,0.6852147063687518,5.4886538850116064,0.0029362764545730613,207.8268716430664,178.99509609222412,0.7770987028519847
2020-06-07,9758.8525390625,245.1672515869141,25015250846,9544883157,9.185930104776507,0.010835668358636141,8935.035810546875,8121.8196875,0.685442277760908,5.50194063717712,0.013286752165513782,208.99193664550782,179.34244060516357,0.7777083314077194
2020-06-08,9771.4892578125,246.30990600585935,21486346312,8076783299,9.187224165130889,0.001294060354382509,8986.677099609375,8132.463383789062,0.6793331733546675,5.506590523586332,0.00464988640921149,210.28583557128906,179.76667652130126,0.776650746903844
2020-06-09,9795.7001953125,244.9114532470703,23717842783,8446545788,9.189698812796912,0.002474647666023344,9044.95193359375,8144.958996582031,0.5928158897186703,5.50089672990039,-0.005693793685941806,211.73812133789062,180.23989292144776,0.6465084102437475
2020-06-10,9870.0947265625,247.4449462890625,25706567601,8792990206,9.197264729804218,0.007565917007305245,9104.74736328125,8157.320485839844,0.5877894986651444,5.511188118029358,0.010291388128967682,213.23226623535157,180.71002872467042,0.6411386174631656
2020-06-11,9321.78125,231.70266723632807,30247143440,12356528860,9.140109010662934,-0.05715571914128326,9148.838837890626,8168.689807128906,0.6215745515303832,5.445454942966065,-0.06573317506329257,214.21432800292968,181.15436855316162,0.6917193172088216
2020-06-12,9480.84375,237.4932098388672,22610564515,8868955009,9.157028594453077,0.016919583790143022,9189.861220703126,8180.363356933593,0.5980832278810173,5.470139032913852,0.024684089947786703,215.26361877441406,181.60945194244385,0.6765492613784596
2020-06-13,9475.27734375,238.90884399414065,17564322315,7141624980,9.156441300630416,-0.0005872938226616498,9228.34875,8191.647888183594,0.5723857310498358,5.47608207329553,0.005943040381678699,216.25705688476563,182.05917079925538,0.6749690188490419
2020-06-14,9386.7880859375,234.1147003173828,18991732746,7439385176,9.147058456811846,-0.009382843818569242,9264.685791015625,8200.923510742188,0.553379283043269,5.455811167559013,-0.020270905736517797,217.0290447998047,182.46469150543214,0.6643553851827356
2020-06-15,9450.7021484375,229.9289093017578,26699704768,10536099884,9.153844319149533,0.00678586233768641,9300.102490234374,8210.86149169922,0.5535847222500738,5.437770171152681,-0.018040996406331722,217.68127227783202,182.8557481765747,0.6656143039992986
2020-06-16,9538.0244140625,234.41616821289065,21565537209,7965648016,9.163041658517558,0.009197339368025581,9334.95095703125,8219.745395507813,0.5435925483192283,5.457098032341504,0.019327861188823015,218.42510131835937,183.25130825042726,0.6605934650345744
2020-06-17,9480.2548828125,233.0282745361328,20177709879,7701391592,9.156966481260262,-0.006075177257296005,9368.4148828125,8229.298520507813,0.5434558857307386,5.451159796143877,-0.0059382361976272335,219.11735900878907,183.65375118255616,0.6519202343304471
2020-06-18,9411.8408203125,232.1011657714844,17770083003,6713800872,9.14972383728525,-0.007242643975011731,9380.6309375,8239.23626220703,0.5438922765429137,5.447173335979904,-0.003986460163972971,219.4200177001953,184.05832836151123,0.6517751821425348
2020-06-19,9288.0185546875,227.13829040527344,19632223107,6946372590,9.136480521081104,-0.013243316204146538,9393.220234375,8249.066413574219,0.5407934535684843,5.4255590408228365,-0.021614295157067254,219.8107424926758,184.44872402191163,0.6541597102650196
2020-06-20,9332.3408203125,229.27426147460935,17130541557,6252830566,9.141241154153857,0.00476063307275254,9402.57171875,8259.127390136719,0.5141674736745799,5.434918935306287,0.00935989448345076,220.111845703125,184.85531322479247,0.6264411136729043
2020-06-21,9303.6298828125,228.9898223876953,15324301169,5600408178,9.13815991297006,-0.0030812411837963793,9408.8723828125,8269.385366210938,0.5130229770077082,5.4336775588447335,-0.001241376461553756,220.38513458251953,185.26652362823486,0.616445082130604
2020-06-22,9648.7177734375,242.5331878662109,21104009514,9079586552,9.174580312285691,0.0364203993156309,9423.89736328125,8280.387416992187,0.5281493374406453,5.4911385581937,0.05746099934896609,221.0171353149414,185.7329446029663,0.6446844179759864
2020-06-23,9629.658203125,244.14215087890625,17006433272,6624530348,9.17260301123653,-0.001977301049160829,9438.23744140625,8290.800725097657,0.49913296984913297,5.497750641225399,0.006612083031699356,221.73649810791017,186.20768314361572,0.6316253892655209
2020-06-24,9313.6103515625,235.7724609375,18961716076,8815030025,9.13923208796275,-0.03337092327378066,9444.4482421875,8299.587587890624,0.5134376870613164,5.462867191365494,-0.03488344985990466,222.31645935058594,186.6427046585083,0.6468231261220311
2020-06-25,9264.8134765625,232.94448852539065,18616048626,7010426122,9.133979006467428,-0.0052530814953222205,9444.36927734375,8308.08992919922,0.512863522923287,5.4508001785083104,-0.012067012857183812,222.8942333984375,187.05110347747802,0.6450661235712044
2020-06-26,9162.91796875,229.6680450439453,18341465837,7187490226,9.122919962480525,-0.011059043986902495,9428.597265625,8316.900021972657,0.49693401358436107,5.4366349839702615,-0.014165194538048986,223.24180603027344,187.4583178329468,0.6395098508817184
2020-06-27,9045.390625,222.9597930908203,17273093144,6918380955,9.110010583740431,-0.012909378740094013,9412.6517578125,8325.736376953126,0.48043548997643354,5.406991455162948,-0.02964352880731358,223.44117034912108,187.84178157806397,0.6250686300511097
2020-06-28,9143.58203125,225.34716796875,14560870760,6205925718,9.1208074948116,0.010796911071169646,9403.64546875,8335.367150878907,0.4815950250139145,5.417642181801199,0.010650726638250951,223.71611114501954,188.2504774093628,0.6259847651167191
2020-06-29,9190.8544921875,228.1948699951172,16460547078,6726164653,9.125964191678824,0.005156696867222976,9412.3339453125,8345.105751953124,0.47126146941535696,5.4301999568734365,0.012557775072237654,224.50801727294922,188.66343173980712,0.5311002339349948
2020-06-30,9137.9931640625,226.31500244140625,15735797744,6094093001,9.120196074044857,-0.005768117633966341,9423.057890625,8354.447294921874,0.4640740824592303,5.421927844924682,-0.008272111948754102,225.31606048583984,189.07028301239015,0.5051843652371367
2020-07-01,9228.3251953125,231.1134185791016,15971550355,6463737443,9.130032858736934,0.009836784692076606,9431.53484375,8364.965551757812,0.3846069756949138,5.442908579545799,0.020980734621116603,226.15207885742188,189.51150394439696,0.45000280411768034
2020-07-02,9123.41015625,229.39219665527344,16338916796,6212210566,9.118598933818923,-0.011433924918010874,9428.60330078125,8374.82109375,0.3161369266743564,5.435433187792698,-0.0074753917531014125,226.75605712890626,189.94288997650148,0.4290369710291057
2020-07-03,9087.3037109375,225.38706970214844,13078970999,5109032700,9.114633521711657,-0.0039654121072665305,9415.67494140625,8385.595209960937,0.31174467255208865,5.417819233953744,-0.017613953838953478,227.20481658935546,190.4017551803589,0.41860880024857955
2020-07-04,9132.48828125,229.07411193847656,12290528515,5228310135,9.119593475476718,0.004959953765061087,9411.76076171875,8398.055075683595,0.30691669994091453,5.434045584115514,0.01622635016177032,227.87384552001953,190.9341062927246,0.42362673284268043
2020-07-05,9073.9423828125,227.6645965576172,12903406143,5292172429,9.113162110502682,-0.006431364974035958,9405.6993359375,8407.04077392578,0.30448543609555395,5.427873478142237,-0.006172105973277553,228.41359497070312,191.4069683074951,0.42202941836526603
2020-07-06,9375.474609375,241.51022338867188,17889263252,8782917553,9.14585247455721,0.03269036405452752,9399.79404296875,8417.90392578125,0.32780733931687184,5.486911805068964,0.059038326926726725,229.10062561035156,191.96791374206543,0.47251701201711194
2020-07-07,9252.27734375,239.07553100585935,13839652595,6441497597,9.132624999528716,-0.01322747502849353,9390.3080859375,8428.07123046875,0.3276411036306651,5.476779531317985,-0.010132273750978804,229.59163513183594,192.51796112060546,0.47125173014719496
2020-07-08,9428.3330078125,246.6700134277344,19702359883,9892586411,9.151474584583337,0.018849585054621087,9384.293984375,8439.257102050782,0.33534384079446966,5.508051465388337,0.031271934070352,230.25601318359375,193.11065643310548,0.4841273042388731
2020-07-09,9277.9677734375,243.01596069335935,18000702524,8429099199,9.135397811867145,-0.016076772716191456,9379.3937109375,8448.088996582032,0.339014172893472,5.493127123049265,-0.014924342339071472,230.91439758300783,193.66387367248535,0.4865698113504909
2020-07-10,9278.8076171875,240.9849853515625,16860035605,7281370522,9.135488327997551,9.051613040611528e-05,9383.33462890625,8457.704892578126,0.3374110155966693,5.4847346301040405,-0.008392492945224816,231.73642517089843,194.22572814941407,0.48583472101890207
2020-07-11,9240.3466796875,239.4581756591797,13249910444,5643067316,9.131334683378592,-0.004153644618959618,9384.49001953125,8467.29396484375,0.27297586018144554,5.478378769697827,-0.006355860406213054,232.38220489501953,194.77769958496094,0.4266140188092606
2020-07-12,9276.5,242.13169860839844,14452361907,6596394718,9.135239599466932,0.0039049160883397604,9385.83427734375,8477.300686035156,0.26634146437296163,5.489481787254217,0.011103017556389538,233.05095092773436,195.35608489990236,0.4197381156981962
2020-07-13,9243.6142578125,239.6045837402344,17519821266,7787751468,9.131688241598077,-0.00355135786885441,9394.89919921875,8487.323923339844,0.26652260021492535,5.478989996860617,-0.010491790393600375,233.79563568115233,195.92230171203613,0.4210396948857927
2020-07-14,9243.2138671875,240.21148681640625,18085038362,7357458555,9.131644925284174,-4.331631390286361e-05,9401.62478515625,8497.08955078125,0.2647331555663302,5.48151973038591,0.0025297335252929543,234.49347045898438,196.48728610992433,0.4146196306222034
2020-07-15,9192.8369140625,238.42352294921875,15844731575,6189328448,9.126179863476057,-0.0054650618081169,9408.78046875,8506.463784179687,0.2639291108956922,5.474048600412626,-0.007471129973283475,235.22389465332031,197.037790184021,0.4101713838455335
2020-07-16,9132.2275390625,233.6408843994141,15713967523,5832057567,9.119564924012781,-0.0066149394632759595,9407.80466796875,8515.011657714844,0.26205475090626446,5.453785254473171,-0.02026334593945478,235.7194436645508,197.53220470428468,0.41140525276459494
2020-07-17,9151.392578125,232.7730865478516,13944570749,5859850529,9.121661341019786,0.0020964170070048027,9400.3175,8524.30364501953,0.2617891677514975,5.450064101561886,-0.0037211529112850528,235.97809692382813,198.03290271759033,0.4110825227523606
2020-07-18,9159.0400390625,235.4838104248047,12252601475,5397402117,9.122496652947369,0.0008353119275827936,9394.7158203125,8534.130849609375,0.2609483730307767,5.461642165551159,0.011578063989272636,236.2742706298828,198.56226749420165,0.41278165794303057
2020-07-19,9185.8173828125,238.48751831054688,12939002784,6251377305,9.125415984741744,0.0029193317943754238,9384.42388671875,8544.059064941406,0.2573976178625603,5.474316974831232,0.012674809280072807,236.19710906982422,199.10069507598877,0.40696575616380654
2020-07-20,9164.2314453125,236.15316772460935,13755604146,5600686192,9.123063299181185,-0.0023526855605595642,9378.48734375,8554.95287109375,0.25680864882649124,5.464480610288192,-0.009836364543039267,236.30065826416015,199.6444100189209,0.4078811110384821
2020-07-21,9374.8876953125,245.0167236328125,18069581956,6806696015,9.145789871600194,0.02272657241900866,9362.6397265625,8565.102888183594,0.2691581947795811,5.5013264679409035,0.03684585765271109,236.2611575317383,200.19863510131836,0.4264756924283045
2020-07-22,9525.36328125,262.1906433105469,16532254884,7702077383,9.16171333903138,0.01592346743118611,9362.55091796875,8575.676420898437,0.2426880722838677,5.569071885378397,0.06774541743749385,236.7605892944336,200.8342414855957,0.44436506872746623
2020-07-23,9581.072265625,274.6890563964844,18146399002,10281309262,9.167544792219756,0.005831453188376301,9361.0380078125,8586.5251953125,0.2435878096076182,5.615639753925731,0.04656786854733319,237.37078399658202,201.5263028717041,0.47002286304648017
2020-07-24,9536.892578125,279.2154235839844,16552768325,9466060358,9.162922985818822,-0.004621806400933792,9355.763125,8595.363562011718,0.2129856958704253,5.6319836114254125,0.016343857499681924,238.06656463623048,202.2008592224121,0.45033282344988124
2020-07-25,9677.11328125,304.0567626953125,16610070933,10785021813,9.177518921048861,0.014595935230039103,9355.9947265625,8602.930666503906,0.21711082927501812,5.717214403368801,0.08523079194338834,239.3232601928711,203.00342308044435,0.5240403219027847
2020-07-26,9905.1669921875,309.64361572265625,20507998997,12003973026,9.20081181837342,0.023292897324559192,9361.02447265625,8612.0571875,0.2251143522431988,5.735422009450406,0.018207606081604766,240.6775061035156,203.84535049438477,0.5182556832688764
2020-07-27,10990.873046875,321.5140991210937,35359749590,15644257058,9.304820484358483,0.10400866598506298,9385.6648828125,8627.616196289062,0.4139535452011417,5.773041396903024,0.037619387452618724,242.20444305419923,204.7580249786377,0.5065370953954762
2020-07-28,10912.8232421875,316.6572570800781,28766551142,12357108065,9.29769382098636,-0.007126663372122977,9408.4915625,8641.347541503907,0.4163227072006041,5.757819981001029,-0.015221415901994995,243.6113900756836,205.62149238586426,0.5154938156691079
2020-07-29,11100.4677734375,318.1908874511719,24617249715,10878845706,9.314742528163613,0.01704870717725271,9434.5869140625,8656.662192382813,0.4181193985715901,5.762651477690889,0.0048314966898592715,245.07697875976564,206.49781127929688,0.5159681965761962
2020-07-30,11111.2138671875,334.5866394042969,22857247901,11827689045,9.31571013563812,0.0009676074745073038,9459.409296875,8671.255791015625,0.4163302567400974,5.812895857702589,0.05024438001170051,246.81981262207032,207.44137481689452,0.5285601364132734
2020-07-31,11323.466796875,345.5546569824219,23160469766,12030600492,9.334632559011848,0.01892242337372707,9499.4430078125,8687.152153320312,0.41844289374746724,5.845150827461267,0.03225496975867781,249.0968524169922,208.44801513671874,0.5321447884422218
2020-08-01,11759.5927734375,385.19970703125,26075670303,14045259477,9.372424592743995,0.037792033732147345,9545.01798828125,8701.811293945313,0.4265648537269196,5.9537619193609865,0.10861109189971963,252.05098236083984,209.54423690795898,0.6213789198110017
2020-08-02,11053.6142578125,370.6717224121094,27410067336,18909744275,9.310512735621169,-0.06191185712282632,9576.5847265625,8713.044311523438,0.49085261588414264,5.915316825650414,-0.03844509371057292,254.68623992919922,210.5664421081543,0.6400682938444108
2020-08-03,11246.3486328125,386.295166015625,20271713443,12834648062,9.32779878897741,0.01728605335624067,9613.7759375,8725.657124023437,0.4922376154820628,5.956601756043915,0.04128493039350101,257.72984924316404,211.67596290588378,0.6458344497903339
2020-08-04,11205.892578125,389.87548828125,21250197042,14086704221,9.324195041975855,-0.0036037470015539697,9648.87974609375,8737.041396484376,0.49136889251322907,5.9658274273318,0.00922567128788554,260.9287808227539,212.7714405822754,0.6409703851940236
2020-08-05,11747.0224609375,401.590576171875,24411254471,12875466638,9.371355079879391,0.04716003790353618,9693.05970703125,8751.062465820312,0.50332451913999,5.9954331023947125,0.02960567506291234,264.2722689819336,213.90256507873536,0.6252418205498435
2020-08-06,11779.7734375,394.9619445800781,23400740340,11304626458,9.374139224210777,0.0027841443313860736,9739.050078125,8766.430107421875,0.4980901317864523,5.978789417424608,-0.01664368497010482,267.5109423828125,215.04252555847168,0.6291917818007416
2020-08-07,11601.47265625,379.5128479003906,23132312867,12751687084,9.35888732216159,-0.01525190204918836,9782.84271484375,8781.1492578125,0.5029636143962274,5.938888451072612,-0.039900966351996026,270.4591760253906,216.10448722839357,0.6568613764490084
2020-08-08,11754.0458984375,393.98736572265625,17572057837,9342060531,9.371952792085636,0.013065469924047335,9832.16326171875,8796.190014648437,0.4964270128518512,5.976318842090021,0.03743039101740919,273.7961575317383,217.22593826293945,0.6528557329178115
2020-08-09,11675.7392578125,391.1204528808594,17489608833,9451065592,9.36526840025947,-0.006684391826166092,9879.03123046875,8811.164331054688,0.49832472067879197,5.969015576177419,-0.007303265912601553,277.0330813598633,218.34006973266602,0.6523521447299351
2020-08-10,11878.111328125,395.8875732421875,26114112569,11685827893,9.38245260116406,0.017184200904589275,9930.520859375,8828.522309570313,0.49751583594382653,5.981130264991484,0.012114688814064856,280.3710363769531,219.5048648071289,0.6474978366274342
2020-08-11,11410.525390625,380.3840637207031,27039782640,12792218737,9.342291488301273,-0.04016111286278701,9965.75701171875,8843.347763671874,0.5254531102176607,5.941181436314981,-0.03994882867650329,283.128053894043,220.59152923583986,0.6769276346002985
2020-08-12,11584.9345703125,391.024169921875,25064548486,12408772745,9.357460789057045,0.015169300755772497,10004.8625390625,8859.433198242188,0.524822809876234,5.968769373731826,0.027587937416845065,286.06569427490234,221.74023040771485,0.6718510284614453
2020-08-13,11784.1376953125,428.7417907714844,27522199497,18480303526,9.37450964301246,0.017048853955415666,10054.2730859375,8875.369736328124,0.5251064455399798,6.0608548514081795,0.09208547767635356,289.92508087158205,223.0435538482666,0.7196262475664184
2020-08-14,11768.87109375,437.3978271484375,24237958589,15064589987,9.373213281784285,-0.0012963612281762238,10104.35423828125,8889.664995117188,0.5239515422901944,6.080843140577008,0.01998828916882811,294.01414764404296,224.37588851928712,0.7131082557216597
2020-08-15,11865.6982421875,433.35491943359375,23354924400,12416067894,9.381407016037409,0.008193734253124418,10158.40984375,8902.200537109375,0.5212081380036192,6.071557067618363,-0.009286072958644809,298.08788513183595,225.6608115386963,0.7062585529209588
2020-08-16,11892.8037109375,433.78662109375,20583375490,12168816874,9.38368876600326,0.0022817499658511764,10215.35810546875,8915.08140625,0.5211788584761284,6.072552756731721,0.0009956891133580115,302.3044216918945,226.95449295043946,0.7044039912795554
2020-08-17,12254.40234375,429.53125,28227687027,13227089410,9.413640526413145,0.029951760409884898,10277.57451171875,8928.808452148438,0.5255021702629661,6.06269449779962,-0.009858258932101016,306.3881033325195,228.1786968231201,0.7118460292947345
2020-08-18,11991.2333984375,423.6693115234375,26043227672,11978984079,9.391931111658145,-0.021709414754999656,10333.58208984375,8942.01197265625,0.5364133470248588,6.048953225279445,-0.013741272520174874,310.29759216308594,229.39624252319337,0.7211858582786856
2020-08-19,11758.283203125,406.4637756347656,24502851117,13137391167,9.37231322466678,-0.019617886991365907,10385.987890625,8953.839013671875,0.5442880446293963,6.007494812187477,-0.04145841309196818,313.90056762695315,230.51019165039062,0.7452194343898633
2020-08-20,11878.3720703125,416.4397888183594,20175242945,10043032427,9.382474552408539,0.010161327741759152,10438.988828125,8966.509047851563,0.5418578779755521,6.0317418864946175,0.024247074307140792,317.60709503173825,231.64930290222168,0.7425215604349039
2020-08-21,11592.4892578125,389.1263427734375,23762425999,11781796374,9.358112689615414,-0.0243618627931248,10488.37041015625,8978.00388671875,0.5524565594436075,5.963904079506702,-0.06783780698791553,320.80177795410157,232.64560928344727,0.7772557070932398
2020-08-22,11681.8251953125,395.8351440429688,20224191306,10131847985,9.365789510895807,0.0076768212803930425,10540.26083984375,8990.508198242187,0.5524639896698353,5.980997821654566,0.017093742147864077,324.21073944091796,233.67853202819825,0.7680561460455432
2020-08-23,11664.84765625,391.3844909667969,18482062658,8137303970,9.364335124468834,-0.0014543864269729312,10590.90802734375,9000.765317382813,0.5517636627414987,5.969690429666932,-0.011307391987633864,327.4569470214844,234.6143032836914,0.7722134122886716
2020-08-24,11774.595703125,408.1441955566406,20681511755,10328860398,9.37369958310407,0.009364458635236161,10644.92109375,9010.989287109374,0.5511244172083568,6.011620532447816,0.04193010278088405,331.06653900146483,235.59332885742188,0.7338222949916747
2020-08-25,11366.134765625,384.00103759765625,26301509932,12428442042,9.338393578695538,-0.03530600440853249,10684.734296875,9018.840244140625,0.566395320935007,5.950645254661306,-0.06097527778651024,333.91635528564456,236.39970375061034,0.7733356558626726
2020-08-26,11488.36328125,386.4661254882813,22466660958,9967343483,9.349089913459503,0.010696334763965254,10729.456015625,9026.95646484375,0.4395540084999983,5.957044219912965,0.00639896525165895,336.86416717529295,237.21630180358886,0.7654935157166676
2020-08-27,11323.3974609375,382.6326293945313,23240415076,10457777652,9.334626435785541,-0.014463477673961833,10767.3573046875,9032.990083007813,0.4420988176873989,5.947075336680065,-0.009968883232899906,339.5834194946289,237.9865721130371,0.7638667917471856
2020-08-28,11542.5,395.8746643066406,19807127588,9120674421,9.353791154381144,0.019164718595602537,10812.64794921875,9041.419526367188,0.443112139590702,5.981097656880271,0.034022320200206124,342.64059356689455,238.84833190917968,0.7699184548555325
2020-08-29,11506.865234375,399.9214782714844,17485597759,8777703481,9.35069911313369,-0.0030920412474539916,10857.2091015625,9047.912670898437,0.44337683434386854,5.991268223516478,0.010170566636206857,345.81932342529296,239.6686833190918,0.7543036798078111
2020-08-30,11711.505859375,428.3957214355469,19760127945,11211948040,9.368327044342363,0.017627931208673786,10906.63228515625,9054.839926757813,0.4427468949514303,6.060047351211738,0.06877912769525985,349.5980743408203,240.4836312866211,0.7806364577639634
2020-08-31,11680.8203125,435.0797424316406,22285928250,12774741797,9.36570348615064,-0.002623558191723774,10954.71869140625,9062.17212890625,0.42260230438174406,6.075529330223177,0.015481979011439329,353.4570352172852,241.31853378295898,0.6907188126795742
2020-09-01,11970.478515625,477.0519104003906,27311555343,18862763756,9.39019877399568,0.02449528784504018,11009.2559765625,9070.463940429687,0.36777124333589395,6.167625311802332,0.09209598157915444,358.20598175048826,242.28270584106446,0.7380749937161818
2020-09-02,11414.0341796875,440.0404968261719,28037405299,19691854014,9.342598945632865,-0.04759982836281473,11052.6723828125,9078.086987304687,0.4032171583434126,6.0868667609183476,-0.08075855088398409,362.2025619506836,243.15926544189452,0.7905550638912241
2020-09-03,10245.296875,385.67193603515625,31927261555,19622845896,9.234574037803183,-0.108024907829682,11073.72158203125,9079.641303710938,0.5531871676316962,5.954987101444734,-0.13187965947361313,365.14753021240233,243.78815155029298,0.9218884491674819
2020-09-04,10511.8134765625,388.24114990234375,29965130374,16747106257,9.260254996708758,0.02568095890557487,11101.31330078125,9083.749658203125,0.5333998802161308,5.961626666926347,0.006639565481612486,368.2395355224609,244.39754013061523,0.9159537216362665
2020-09-05,10169.5673828125,335.26007080078125,44916565292,29880047640,9.22715494957464,-0.03310004713411807,11121.676796875,9083.887514648437,0.542514571025711,5.814906561384823,-0.14672010554152415,370.28927520751955,244.6641175842285,1.0467267809250755
2020-09-06,10280.3515625,353.3622741699219,37071460174,27643678917,9.237989737111164,0.010834787536524004,11144.10302734375,9087.122338867188,0.5438782842600607,5.867493803111804,0.05258724172698148,372.6468444824219,245.13210906982422,1.0580803845131004
2020-09-07,10369.5634765625,352.6734924316406,33703098409,21763614732,9.2466302055027,0.00864046839153687,11167.77794921875,9090.927778320312,0.5423445385309335,5.865542678283933,-0.0019511248278716309,374.93056396484377,245.6057292175293,1.0483026559851725
2020-09-08,10131.5166015625,337.60211181640625,33430927462,17991403432,9.22340629991259,-0.023223905590111116,11187.12365234375,9093.153154296875,0.5463603287122415,5.821868018082587,-0.04367466020134536,376.9595428466797,245.96573669433593,1.057515626478483
2020-09-09,10242.34765625,351.1100158691406,24128292755,14547933520,9.234286135622348,0.010879835709758368,11204.4728515625,9096.048984375,0.5436135352485013,5.8610996098798305,0.039231591797243226,379.08140869140624,246.40962814331056,1.0671941342169053
2020-09-10,10363.138671875,368.1018981933594,54406443211,31421134556,9.246010430535872,0.011724294913523892,11221.228359375,9098.242099609375,0.5312875117276371,5.908359797104522,0.047260187224691386,381.1996337890625,246.88136688232422,1.0735553103050643
2020-09-11,10400.9150390625,374.6955871582031,45201121775,27296269329,9.249649065784293,0.0036386352484214513,11237.62521484375,9101.99580078125,0.5277779453546138,5.926113928730567,0.017754131626045222,383.1997644042969,247.42876266479493,1.0707929809577201
2020-09-12,10442.1708984375,387.18310546875,36750077324,13295405814,9.253607780283371,0.003958714499077587,11255.73078125,9107.498129882813,0.5232899721378992,5.958897721880117,0.03278379314954982,385.3591180419922,248.12559020996093,1.0245971857654295
2020-09-13,10323.755859375,365.5700073242188,36506852789,15005899191,9.242202912687425,-0.011404867595945944,11268.6636328125,9115.014296875,0.5238129464177771,5.90145779935543,-0.057439922524687326,386.5893829345703,248.8250389099121,1.0378621489984743
2020-09-14,10680.837890625,377.2688598632813,35453581940,17536695361,9.276206563615188,0.034003650927763474,11284.17705078125,9124.496015625,0.5391155167597921,5.932958089409035,0.03150029005360544,387.9418878173828,249.57761627197266,1.0459457950013733
2020-09-15,10796.951171875,364.8392028808594,32509451925,16140584321,9.287019074358012,0.010812510742823633,11280.29861328125,9135.11849609375,0.541085910780979,5.8994567164637735,-0.033501372945261565,388.80838989257813,250.26800979614256,1.0505260701864017
2020-09-16,10974.9052734375,365.8122863769531,30769986455,16107612177,9.303366606784255,0.016347532426243205,11281.54025390625,9146.995478515624,0.5326022928572224,5.902120323082578,0.0026636066188041596,389.79149047851564,250.9978286743164,1.0508206501396222
2020-09-17,10948.990234375,389.0192260742188,38151810523,19899531080,9.301002514953673,-0.0023640918305822822,11278.510703125,9158.928159179688,0.5286176983570219,5.9636287667524215,0.06150844366984387,391.20805725097654,251.8480718231201,1.0757452402518624
2020-09-18,10944.5859375,384.3645324707031,26341903912,14108357740,9.300600178039884,-0.000402336913788659,11275.17814453125,9169.302739257813,0.5252674838617526,5.951591405593423,-0.012037361158998117,392.2036151123047,252.6170455932617,1.0673151298126398
2020-09-19,11094.3466796875,385.54437255859375,22764204008,11049507684,9.314190949422722,0.013590771382837374,11270.5957421875,9180.835541992188,0.5264338358230481,5.95465629029278,0.003064884699356618,393.00340942382815,253.42236930847167,1.0633429740778055
2020-09-20,10938.271484375,371.0528259277344,24699523788,12292195784,9.30002306389263,-0.014167885530092406,11254.16931640625,9191.750668945313,0.5222351506896468,5.9163444404166095,-0.038311849876170534,392.7204718017578,254.15504356384278,1.0453683499135582
2020-09-21,10462.259765625,341.7860717773437,28884999244,17398267133,9.255529753064579,-0.044493310828050525,11242.3422265625,9198.668154296874,0.5414973722152503,5.83418502022377,-0.0821594201928395,392.1427587890625,254.71763298034668,1.0798067347089204
2020-09-22,10538.4599609375,344.503173828125,23621787804,12732578043,9.262786697656653,0.007256944592073822,11228.184453125,9205.747724609375,0.5427980458106884,5.8421033032650485,0.007918283041278507,391.3069189453125,255.22252235412597,1.0804516592175992
2020-09-23,10246.1865234375,321.1163024902344,23788661867,12899346599,9.234660868846184,-0.028125828810468434,11208.99033203125,9212.42888671875,0.5474471200456,5.7718033705641805,-0.07029993270086798,389.9317352294922,255.6388384246826,1.0909401300923174
2020-09-24,10760.06640625,349.3555908203125,47144380902,15714304470,9.283597005281305,0.0489361364351204,11189.2512109375,9225.688637695312,0.5665694509027095,5.856090288363499,0.08428691779931885,388.88703552246096,256.38217109680176,1.1194412859085476
2020-09-25,10692.716796875,352.1832580566406,39348590957,14381086966,9.277318115497573,-0.006278889783731145,11167.510078125,9239.533999023437,0.5649387099246452,5.8641516596018874,0.008061371238388126,388.0314617919922,257.13315574646,1.1196348004405148
2020-09-26,10750.7236328125,355.48809814453125,46852525493,13049148579,9.28272834597051,0.005410230472936206,11150.49509765625,9253.738969726563,0.5638460364808642,5.873491769483224,0.009340109881336822,387.550966796875,257.9067600250244,1.1201686854355455
2020-09-27,10775.26953125,357.4385070800781,53745972818,13598126926,9.28500892916025,0.0022805831897407813,11130.9195703125,9268.058166503906,0.5590261383968821,5.878963339171348,0.0054715696881233455,386.81998962402344,258.7196099090576,1.1128706772319048
2020-09-28,10709.65234375,355.159423828125,47762394731,14258455166,9.278900702013901,-0.006108227146349066,11111.59783203125,9296.752487792968,0.5591793941091172,5.8725667698746165,-0.006396569296731158,386.10076904296875,259.9336714172363,1.1118269934788272
2020-09-29,10844.640625,359.75738525390625,46582396602,11600013236,9.291426285321418,0.012525583307516186,11090.92841796875,9323.157155761719,0.5571596257829323,5.885429874407094,0.012863104532477188,385.37816528320315,261.06644927978516,1.082506758726362
2020-09-30,10784.4912109375,359.9378662109375,44171073700,11818610610,9.285864382090377,-0.005561903231040333,11078.407734375,9351.07778076172,0.5572578816980313,5.885931422695615,0.0005015482885211142,384.9692413330078,262.24960849761965,1.0800547138496275
2020-10-01,10619.4521484375,353.2059020996094,40023134100,14679481911,9.270442706689156,-0.01542167540122108,11059.0980859375,9377.213466796875,0.5501228593258921,5.867051178951483,-0.018880243744131775,384.2128759765625,263.3895664978027,1.0205051409470536
2020-10-02,10575.974609375,346.2389221191406,48661453918,14215390463,9.26634016131088,-0.0041025453782754795,11034.93482421875,9405.020939941407,0.5271687835949159,5.847129063109995,-0.01992211584148773,382.5628186035156,264.5677317428589,0.9890046099960399
2020-10-03,10549.3291015625,346.5220947265625,44660271563,10060167889,9.26381754461318,-0.002522616697699931,11010.543984375,9431.639438476563,0.3649586162249204,5.847946582041653,0.0008175189316581566,380.7453039550781,265.73062847137453,0.882350220095495
2020-10-04,10669.5830078125,352.5790100097656,71251776995,10696959020,9.275152262727298,0.011334718114117237,10986.6216796875,9458.795161132812,0.3560572152147235,5.865274739007963,0.017328156966309294,379.1297857666016,266.91931217193604,0.8846910940952224
2020-10-05,10793.33984375,353.956787109375,47537578009,11809507622,9.286684541752031,0.011532279024732972,10964.63240234375,9481.805895996094,0.3365521700681202,5.869174835370088,0.0039000963621251827,377.53318908691404,268.0061268234253,0.7173482214633036
2020-10-06,10604.40625,340.8158569335937,42623695307,12830796112,9.269024877689779,-0.01765966406225239,10931.63248046875,9503.834035644531,0.3417567543997876,5.8313423224337555,-0.037832512936332385,375.7588812255859,269.0465202713013,0.7060341558170036
2020-10-07,10668.96875,341.80865478515625,37799458436,11929918060,9.275094690140401,0.006069812450622436,10905.1871875,9526.253547363282,0.3411537788689354,5.834251091557978,0.0029087691242226654,374.1216680908203,270.0914699935913,0.706173007910344
2020-10-08,10915.685546875,350.7661437988281,63314794397,13461017711,9.297956074787715,0.0228613846473138,10888.335234375,9551.680700683593,0.3379110557882379,5.8601197444346536,0.02586865287667539,373.0077154541016,271.2286949539185,0.6949042295511613
2020-10-09,11064.4580078125,365.5904846191406,22799117613,13043501763,9.311493268710905,0.01353719392318986,10872.056953125,9574.921416015624,0.33886774122905716,5.901513812488395,0.041394068053741684,371.9907293701172,272.3820893478394,0.696430138362282
2020-10-10,11296.361328125,370.9675903320313,22877978588,13618484324,9.332235946484632,0.02074267777372718,10866.13439453125,9597.729204101563,0.34336310616415106,5.916114701195935,0.014600888707540172,371.62755432128904,273.54312007904053,0.6784147230113562
2020-10-11,11384.181640625,375.1420593261719,19968627060,12584512533,9.339980095424634,0.0077441489400023045,10860.1815234375,9621.24479736328,0.3437765226846698,5.927304779104178,0.011190077908242557,371.2136926269531,274.73785091400146,0.6766682359784782
2020-10-12,11555.36328125,387.7312622070313,26163972642,15867455424,9.354904961526262,0.014924866101628353,10857.9918359375,9645.439411621093,0.34627593039945215,5.960312476471271,0.033007697367093414,371.1406280517578,275.98469944000243,0.6768050414525947
2020-10-13,11425.8994140625,381.1907653808594,24241420251,14226744838,9.343637935995396,-0.011267025530866448,10851.01791015625,9670.219916992188,0.34620219849925565,5.943299946357704,-0.017012530113567514,370.6015594482422,277.2209635543823,0.6476479986667718
2020-10-14,11429.5068359375,379.4840393066406,24103426719,13918846567,9.34395360939586,0.00031567340046478876,10852.2853515625,9696.156481933594,0.32817002413911267,5.938812538788255,-0.004487407569448543,370.5112194824219,278.4634512710571,0.6386960306400502
2020-10-15,11495.349609375,377.44183349609375,24487233058,14964182545,9.349697850773497,0.005744241377636072,10852.425078125,9724.02301513672,0.3269812453289925,5.933416473362948,-0.005396065425307128,370.33073364257814,279.7227417755127,0.6274580533320491
2020-10-16,11322.123046875,366.22900390625,25635480772,14670784817,9.334513882482701,-0.015183968290795491,10852.39958984375,9748.484421386718,0.3281709313969996,5.9032588314695795,-0.03015764189336867,370.0026611328125,280.8893640899658,0.6368238022836632
2020-10-17,11358.1015625,368.8559265136719,19130430174,10951115359,9.337686562332598,0.0031726798498965536,10848.71162109375,9773.08170654297,0.32801668093840014,5.910406124745412,0.0071472932758327445,369.4622863769531,282.06567588806155,0.5978146754424166
2020-10-18,11483.359375,378.2136840820313,18283314340,11047103109,9.348654255550514,0.010967693217915908,10848.24150390625,9797.464621582032,0.32970090624571774,5.93545933770103,0.025053212955617354,369.02813049316404,283.2785715484619,0.6037696575574193
2020-10-19,11742.037109375,379.93560791015625,23860769928,12811242092,9.370930597015578,0.022276341465063965,10848.85212890625,9822.206684570312,0.3350250134581539,5.940001785493663,0.00454244779263302,368.0589282226563,284.46810386657717,0.6039026054010233
2020-10-20,11916.3349609375,369.1369018554688,30915821592,13741586582,9.385665423620827,0.01473482660524894,10853.562421875,9848.121423339844,0.33274839742719725,5.911167582972572,-0.02883420252109037,366.7400714111328,285.6033318328857,0.5973001907436433
2020-10-21,12823.689453125,392.1899719238281,43414712626,20241324322,9.459049477926696,0.07338405430586903,10870.626640625,9877.902233886718,0.37320815981955396,5.9717463446536865,0.0605787616811142,365.04283264160154,286.83818473815916,0.5568387579680851
2020-10-22,12965.8916015625,413.7729797363281,34729759598,15772846485,9.470077465493492,0.011027987566796682,10901.6637890625,9908.776044921875,0.37349999410171736,6.025317465297201,0.05357112064351455,364.51748229980467,288.18931640625,0.5824578042648401
2020-10-23,12931.5390625,409.7666931152344,28974975003,14256222052,9.467424495038115,-0.0026529704553777123,10955.3886328125,9937.074833984376,0.3534565673405392,6.015587956550618,-0.009729508746582738,364.99937744140624,289.39247047424317,0.5171032017595861
2020-10-24,13108.0625,412.4576110839844,24542317940,12201739194,9.480982777887899,0.01355828284978422,11007.31361328125,9966.73307373047,0.32169695669346987,6.0221334394859385,0.0065454829353202015,365.48370666503905,290.62924880981444,0.4380476728449137
2020-10-25,13031.173828125,406.2177734375,24406920575,10890207469,9.475099752640388,-0.0058830252475114975,11064.5457421875,9995.218449707032,0.32150070945811005,6.006889403574323,-0.01524403591161505,366.9028607177734,291.79712898254394,0.4438600604853741
2020-10-26,13075.248046875,393.8883056640625,29461458313,15155684229,9.478476259833482,0.003376507193094014,11120.443671875,10024.084243164063,0.3216730700428719,5.976067380945291,-0.030822022629032553,367.71338134765625,292.91253479003905,0.46043898758062896
2020-10-27,13654.21875,403.9970397949219,33749878156,13940434102,9.521803818796135,0.04332755896265361,11186.13677734375,10058.02787109375,0.345813744169569,6.001407550694013,0.025340169748722552,368.7398522949219,294.14045776367186,0.46672633306864736
2020-10-28,13271.28515625,388.6507568359375,35867318895,15276441134,9.493357969377678,-0.02844584941845696,11248.9321484375,10090.088881835938,0.36541867426048025,5.962681143020113,-0.038726407673900454,369.7608251953125,295.29263145446777,0.4889555564082388
2020-10-29,13437.8828125,386.7301025390625,56499499598,12920477749,9.505833072836326,0.012475103458648107,11312.8428515625,10122.422836914062,0.36540936761359166,5.95772704026689,-0.004954102753223388,370.4732269287109,296.42056983947754,0.48838301169215736
2020-10-30,13546.5224609375,382.8199768066406,30581485201,13688056970,9.513885148419634,0.008052075583307783,11376.51052734375,10155.93026123047,0.3625240935935127,5.9475648442324145,-0.010162196034475102,370.76758850097656,297.5532719421387,0.49032006740729317
2020-10-31,13780.9951171875,386.59033203125,30306464719,11276963426,9.531045756560264,0.017160608140629918,11444.11212890625,10190.623098144531,0.35419987443770473,5.957365558782407,0.009800714549992762,371.0054833984375,298.6982416534424,0.48508539404069106
2020-11-01,13737.109375,396.3581848144531,24453857900,10475146018,9.52785616336674,-0.003189593193523521,11510.0108984375,10226.098095703124,0.35379906421497204,5.9823183095416335,0.024952750759226205,371.18898498535157,299.9135980987549,0.48363586475877085
2020-11-02,13550.4892578125,383.15673828125,30771455468,13997574252,9.514177933243623,-0.01367823012311753,11574.54556640625,10258.266520996094,0.3603389881524887,5.948444143797724,-0.033874165743909224,371.5407196044922,300.9685948944092,0.501764598909931
2020-11-03,13950.30078125,387.6021728515625,29869951617,12588494762,9.543256348396996,0.02907841515337317,11639.93482421875,10292.537102050781,0.36743697811955994,5.959979485913082,0.011535342115357672,371.7473858642578,302.04841285705567,0.5001376724227323
2020-11-04,14133.70703125,402.1419982910156,35116364962,15126077675,9.556317793092715,0.013061444695718905,11706.66994140625,10326.91731201172,0.3676116019766367,5.996805255827781,0.036825769914699436,372.4934417724609,303.1245528411865,0.5137544274524464
2020-11-05,15579.8486328125,414.0673522949219,40856321439,15440711038,9.65373360389696,0.09741581080424488,11798.76880859375,10368.869431152343,0.46804205027879064,6.026028647295978,0.029223391468196525,373.4585430908203,304.28681480407715,0.4976043265200585
2020-11-06,15565.880859375,454.7192993164063,39837841971,16738305610,9.652836673588912,-0.0008969303080483826,11891.10662109375,10412.28904296875,0.46993434678720314,6.119680303995353,0.09365165669937525,374.77254455566407,305.69892547607424,0.5827644764968789
2020-11-07,14833.75390625,435.713134765625,35024953706,18873289788,9.604660532314615,-0.048176141274296924,11968.88998046875,10452.056196289062,0.5136834264877118,6.0769840790211385,-0.04269622497421466,375.7995166015625,307.01380264282227,0.6071120094873556
2020-11-08,15479.5673828125,453.5547790527344,26632075029,11292383601,9.64727619990646,0.04261566759184454,12056.59439453125,10493.86799560547,0.5259123844022375,6.117116053997467,0.0401319749763287,377.1597247314453,308.36857864379886,0.6062334074416635
2020-11-09,15332.3154296875,444.1630554199219,34149115566,13704320630,9.63771799957916,-0.009558200327299815,12144.4752734375,10533.38094970703,0.529594578847467,6.0961917369521705,-0.020924317045296625,378.6219293212891,309.6642505645752,0.6133870129207785
2020-11-10,15290.90234375,449.67962646484375,25574938143,12090381666,9.635013312469544,-0.0027046871096150227,12241.048125,10572.08095703125,0.5314509904497847,6.108535388024651,0.01234365107248081,380.77980041503906,310.9664640045166,0.6135229859136074
2020-11-11,15701.33984375,462.9605407714844,29772374934,14075403511,9.661501328061359,0.026488015591814573,12344.30572265625,10612.737976074219,0.5343674756777103,6.137641825338783,0.029106437314132094,383.14894775390627,312.3036901855469,0.6115123790392304
2020-11-12,16276.34375,461.0052795410156,34175758344,12877327234,9.697468028952622,0.035966700891263415,12464.9088671875,10655.72035888672,0.5358592049011257,6.133409495297699,-0.0042323300410842535,385.94672729492186,313.62212890625,0.6070913662584974
2020-11-13,16317.80859375,474.6264343261719,31599492172,13191505725,9.700012342158338,0.002544313205715909,12576.0637109375,10698.331396484375,0.5353144510641152,6.162528040567251,0.02911854526955171,388.45214416503904,315.00913749694826,0.6108548566535775
2020-11-14,16068.138671875,460.14984130859375,27481710135,10312037942,9.684593625755287,-0.015418716403051036,12683.5721484375,10739.636796875,0.5433905171160137,6.131552178415946,-0.030975862151304767,390.6114758300781,316.317809753418,0.624003923342608
2020-11-15,15955.587890625,447.55908203125,23653867583,10308617165,9.677564384829193,-0.00702924092609436,12787.66943359375,10775.409545898438,0.539141855813774,6.103808555885602,-0.027743622530343792,392.4528955078125,317.47076400756833,0.622268336172003
2020-11-16,16716.111328125,459.9403076171875,31526766675,11441239444,9.724128283519606,0.04656389869041355,12906.48626953125,10815.697333984375,0.5518665423208771,6.131096715013206,0.02728815912760396,394.5029315185547,318.73245529174807,0.6264085964289757
2020-11-17,17645.40625,480.3600769042969,39006849170,14593057877,9.778230759363744,0.05410247584413774,13045.20134765625,10859.600532226563,0.5701896091833735,6.174535982889682,0.043439267876475895,397.00694458007814,320.0631601715088,0.6361533779068392
2020-11-18,17804.005859375,479.4840698242188,49064800278,17880199224,9.787178759240106,0.00894799987636219,13184.38865234375,10903.677578125,0.5697436852292181,6.172710671298661,-0.0018253115910216167,399.4014782714844,321.38395362854004,0.6369723248131302
2020-11-19,17817.08984375,471.6304321289063,36985055355,12473929218,9.787913379256988,0.0007346200168818484,13325.040625,10948.27568359375,0.5715676364944748,6.1561956961167,-0.016514975181960878,401.63532958984376,322.687440032959,0.6294704956447242
2020-11-20,18621.314453125,509.74456787109375,36992873940,18629943296,9.832062141955182,0.04414876269819423,13485.07787109375,10996.818984375,0.5412493756583796,6.233909752940881,0.0777140568241812,404.76610290527344,324.1952928161621,0.6499325498351005
2020-11-21,18642.232421875,549.4866333007812,39650210707,20757099184,9.833184846190361,0.0011227042351791283,13646.40302734375,11045.014794921875,0.5426740538846628,6.3089844483445034,0.07507469540362255,408.83105712890625,325.9088539886475,0.6725368669458739
2020-11-22,18370.001953125,558.068115234375,41280434226,21967049601,9.818474284530614,-0.014710561659747157,13802.816484375,11090.52099609375,0.5484002864638805,6.324481025243837,0.01549657689933337,413.0619775390625,327.67891563415526,0.669227622516819
2020-11-23,18364.12109375,608.4540405273438,42741112308,27272302872,9.818154099430904,-0.0003201850997101019,13956.70724609375,11132.584008789063,0.549943359723143,6.41092138044996,0.08644035520612281,418.1794781494141,329.65973876953126,0.7197110856352514
2020-11-24,19107.46484375,603.8977661132812,51469565009,23281758100,9.857834367196466,0.03968026776556144,14122.98974609375,11178.908002929687,0.5550296498252787,6.403404922206635,-0.007516458243324919,423.1782977294922,331.6142697143555,0.7163967920704897
2020-11-25,18732.12109375,570.6866455078125,43710357371,20088492893,9.837995034821828,-0.01983933237463731,14285.54404296875,11224.599125976563,0.5657719252044865,6.346840277072295,-0.056564645134339564,427.77571350097656,333.4097023010254,0.7415015723446143
2020-11-26,17150.623046875,518.8011474609375,61396835737,31104004592,9.749789781198043,-0.0882052536237854,14415.17712890625,11266.570087890625,0.6533095075021332,6.251520664199552,-0.09531961287274271,431.3155633544922,335.0607102203369,0.8291737188061437
2020-11-27,17108.40234375,517.4937133789062,38886494645,16831105703,9.747324986942015,-0.002464794256027858,14539.03146484375,11309.103120117188,0.6414453263719708,6.248997377005652,-0.002523287193900714,434.6501147460938,336.71861457824707,0.8127641573886264
2020-11-28,17717.4140625,538.2297973632812,32601040734,14770243833,9.782303280242282,0.03497829330026647,14672.0905859375,11353.667802734375,0.6479849292905978,6.288285601612108,0.03928822460645609,438.10290100097654,338.46320106506346,0.817468171700228
2020-11-29,18177.484375,575.758056640625,31133957704,15017517758,9.807938984944693,0.025635704702411388,14809.713046875,11398.205288085937,0.6504853364129726,6.355687531899676,0.06740193028756813,442.19871032714843,340.3460249328613,0.8367175129903536
2020-11-30,19625.8359375,614.842529296875,47728480399,20276867833,9.884602137284846,0.07666315234015286,14974.5461328125,11447.665859375,0.6908184247600737,6.421366185096359,0.06567865319668265,446.9927197265625,342.40549209594724,0.8559993892629054
2020-12-01,18802.998046875,587.3241577148438,49633658712,27178964465,9.841771606682418,-0.04283053060242814,15119.498828125,11495.03986328125,0.7150465542236845,6.375576895200041,-0.0457892898963177,450.98457763671877,344.3639995574951,0.8813228554801923
2020-12-02,19201.091796875,598.3523559570312,37387697139,16883292129,9.862722420819725,0.020950814137307816,15275.00267578125,11544.16025390625,0.7105187659009417,6.394179804434739,0.018602909234697762,455.3278094482422,346.3523757171631,0.8649693648539951
2020-12-03,19445.3984375,616.708740234375,31930317405,16146190946,9.875365736865907,0.012643316046181852,15435.3205078125,11593.033549804688,0.7077427352452025,6.424396854483971,0.030217050049232697,460.0723034667969,348.40012596130373,0.8665193518109064
2020-12-04,18699.765625,569.3541870117188,33872388058,16337589997,9.836266269341674,-0.03909946752423288,15579.408828125,11637.899501953125,0.7289636346276662,6.344502713250332,-0.07989414123363936,463.9105505371094,350.1742716217041,0.9240638806489239
2020-12-05,19154.23046875,596.595458984375,27242455064,13498010566,9.86027888241755,0.024012613075875322,15736.0509765625,11685.025463867187,0.6589279399834345,6.391239260560522,0.04673654731019017,468.5178796386719,352.08999336242675,0.9302684512370132
2020-12-06,19345.12109375,601.9089965820312,25293775714,11290893016,9.870195526807448,0.009916644389898366,15895.7913671875,11734.136162109375,0.6583999481943347,6.40010626541333,0.008867004852807447,473.17894104003904,354.0490546417236,0.8825902955940056
2020-12-07,19191.630859375,591.8433837890625,26896357742,10720480962,9.86222957024613,-0.00796595656131771,16049.956796875,11784.6855078125,0.6301312527368099,6.383242045472947,-0.01686421994038234,477.4515350341797,356.0088535308838,0.8678955571347922
2020-12-08,18321.14453125,554.8277587890625,31692288756,14398919320,9.815811110689886,-0.046418459556244684,16181.5389453125,11830.378344726563,0.6459436834637003,6.318657721055395,-0.06458432441755235,480.94937805175783,357.74714637756347,0.8987655085838905
2020-12-09,18553.916015625,573.4791259765625,34420373071,15855915840,9.828436151719465,0.01262504102957962,16314.29056640625,11877.101489257813,0.6440155511319572,6.3517215383073005,0.03306381725190555,485.0362225341797,359.571070022583,0.8975943086971191
2020-12-10,18264.9921875,559.6785278320312,25547132265,11672582040,9.81274151149866,-0.015694640220806022,16423.11662109375,11924.474609375,0.6478982759134665,6.327362561452334,-0.02435897685496613,488.38599365234376,361.3576109313965,0.9047266119846123
2020-12-11,18058.904296875,545.79736328125,27919640985,11098819124,9.801394154968508,-0.011347356530151842,16524.976875,11970.234458007813,0.6462227797782101,6.302247777337779,-0.025114784114554922,491.0264813232422,363.0599990081787,0.9080355230185376
2020-12-12,18803.65625,568.5673217773438,21752580802,8534557897,9.841806611291966,0.04041245632345891,16642.41921875,12020.077475585938,0.6491128955134762,6.343119726192413,0.04087194885463319,494.2024938964844,364.89332405090335,0.9155573790295346
2020-12-13,19142.3828125,589.6632080078125,25450468637,9070377862,9.859660151119252,0.017853539827285658,16763.105625,12069.884301757813,0.6506346582132763,6.379551540027011,0.03643181383459826,497.7466058349609,366.79732292175294,0.9181337997226933
2020-12-14,19246.64453125,586.0111694335938,22473997681,8125837102,9.86509201445723,0.005431863337978626,16887.4150390625,12118.48876953125,0.6463196803720572,6.373338849862248,-0.006212690164763224,501.3424737548828,368.62817665100096,0.9091822193535729
2020-12-15,19417.076171875,589.3555908203125,26741982541,9326645840,9.873908172934433,0.008816158477202407,17014.2516015625,12168.378530273438,0.6446552067439442,6.379029721045352,0.00569087118310474,505.2518194580078,370.47157897949216,0.9000444905790811
2020-12-16,21310.59765625,636.1818237304688,44409011479,15817248373,9.966959770511211,0.09305159757677828,17167.3791796875,12226.429448242188,0.6990739983129051,6.455484408851063,0.07645468780571019,509.89551513671876,372.44076011657717,0.9283910330929693
2020-12-17,22805.162109375,642.8689575195312,71378606374,25479532147,10.034742197621961,0.06778242711074967,17358.05671875,12293.149965820312,0.7119161222236233,6.465940904897933,0.010456496046870711,514.9798791503906,374.50022636413576,0.9209002996346581
2020-12-18,23137.9609375,654.8119506835938,40387896275,15756303983,10.049229878347285,0.014487680725324026,17552.05828125,12358.003427734375,0.7122172304166193,6.484348096221689,0.01840719132375579,520.3415161132813,376.5393273162842,0.9204135545721384
2020-12-19,23869.83203125,659.2979125976562,38487546580,12830893778,10.080370682494125,0.031140804146840395,17758.52447265625,12429.703569335938,0.7158061254704653,6.491175500025445,0.006827403803756127,525.8710748291015,378.6497216033936,0.9154139033708913
2020-12-20,23477.294921875,638.2908325195312,37844228422,13375855442,10.063789059548508,-0.01658162294561727,17952.45046875,12498.806455078126,0.710396123917933,6.458794029820679,-0.03238147020476578,530.9050848388672,380.6202791595459,0.8950004295971304
2020-12-21,22803.08203125,609.81787109375,45852713981,14419493621,10.034650982616181,-0.02913807693232684,18133.769921875,12563.818681640625,0.7216872430623433,6.413160340608411,-0.04563368921226818,535.1742785644532,382.4472365570068,0.8791822780367544
2020-12-22,23783.029296875,634.8541870117188,44171632681,14745890080,10.076727550561959,0.0420765679457773,18338.42072265625,12634.406162109375,0.7276258166989762,6.453395345771233,0.04023500516282219,540.2082275390625,384.41539756774904,0.8876345196857311
2020-12-23,23241.345703125,583.714599609375,51146161904,15261413038,10.05368811389895,-0.023039436663008672,18524.24162109375,12702.3444921875,0.7354084558289999,6.36941216407679,-0.08398318169444341,544.1304760742188,386.12431396484374,0.8881857136127979
2020-12-24,23735.94921875,611.607177734375,41080759713,14317413703,10.074746022549343,0.02105790865039303,18716.28646484375,12772.229975585937,0.7280964003567288,6.4160902099807675,0.046678045903977505,548.3197796630859,387.95651359558104,0.9034608297744294
2020-12-25,24664.791015625,626.4107055664062,42068395846,13520927700,10.113132040719922,0.03838601817057885,18897.9853125,12846.696484375,0.7291751153294846,6.440006235153804,0.023916025173036815,552.5666467285156,389.8570175933838,0.882947402418549
2020-12-26,26437.037109375,635.8358154296875,48332647295,14761125202,10.182521226770104,0.06938918605018252,19115.4084375,12929.903168945313,0.6690082871449539,6.454940378173086,0.014934143019281976,556.1889770507812,391.8116394042969,0.8089055867423895
2020-12-27,26272.294921875,682.642333984375,66479895605,26093552821,10.17627023789998,-0.006250988870124985,19344.1792578125,13011.914169921874,0.6703403378111711,6.525971053278465,0.07103067510537908,561.1275610351563,393.9876263427734,0.8384066024391437
2020-12-28,27084.80859375,730.3973388671875,49056742893,24222565862,10.206728281194222,0.030458043294242287,19576.28408203125,13100.729306640626,0.6687687687997035,6.593588685883086,0.0676176326046205,566.6644122314453,396.48109970092776,0.8568100207883137
2020-12-29,27362.4375,731.5201416015625,45265946774,18710683199,10.216926457680497,0.010198176486275301,19816.8865234375,13190.137275390625,0.6675978418225211,6.5951247547380625,0.001536068854976591,572.4115539550781,398.9512343597412,0.8318814410057007
2020-12-30,28840.953125,751.6189575195312,51287442704,17294574210,10.269551639569848,0.052625181889350614,20087.8875390625,13286.965654296875,0.643877215912504,6.622229490105108,0.02710473536704594,578.4503405761719,401.51478492736817,0.8087681873050284
2020-12-31,29001.720703125,737.8034057617188,46754964848,13926846861,10.275110441798901,0.005558802229053583,20353.89515625,13385.040317382813,0.612589316376836,6.603677401256175,-0.018552088848933224,583.9471978759766,404.03322845458985,0.7919261983360789
2021-01-01,29374.15234375,730.3675537109375,40730301359,13652004358,10.287870394647127,0.012759952848226064,20615.851328125,13484.657568359375,0.6121604894607514,6.593547905663893,-0.010129495592281934,589.334443359375,406.53542167663574,0.793243798350123
2021-01-02,32127.267578125,774.5349731445312,67865420765,19740771179,10.377460405795935,0.08959001114880749,20932.0405078125,13597.603784179688,0.6661956221317801,6.652262814608292,0.058714908944399014,595.3326141357422,409.2360157012939,0.8099542112758588
2021-01-03,32782.0234375,975.5076904296876,78665235202,45200463368,10.397635578199328,0.02017517240339295,21266.318203125,13714.112626953125,0.6350212176935484,6.882958043609423,0.23069522900113082,605.639771118164,412.9484127807617,1.0703613446035334
2021-01-04,31971.9140625,1040.2330322265625,81163475344,56945985763,10.372613110843512,-0.025022467355816147,21586.6447265625,13826.912993164062,0.6526588897129431,6.947200036484227,0.0642419928748037,617.4932501220703,416.9890721130371,1.0780015498566318
2021-01-05,33992.4296875,1100.006103515625,67547324782,41535932781,10.433893122556716,0.06128001171320463,21932.17109375,13950.435048828125,0.6699273973229138,7.003071007421636,0.055870970937409226,630.2945660400391,421.3534111785889,1.0851416311374589
2021-01-06,36824.36328125,1207.1121826171875,75289433811,44699914188,10.513914950787596,0.08002182823087978,22315.750234375,14087.895161132812,0.695510299741985,7.095986160123378,0.09291515270174155,644.8296081542969,426.24260078430177,1.1054478545059896
2021-01-07,39371.04296875,1225.6781005859375,84762141031,40468027280,10.580785875046123,0.06687092425852725,22747.0909765625,14238.2322265625,0.6675060510291294,7.111249521324437,0.015263361201059311,659.7534887695313,431.22604217529295,1.0592547750331358
2021-01-08,40797.609375,1224.1971435546875,88107519480,44334826666,10.616378764925573,0.03559288987944953,23206.7013671875,14393.976684570312,0.6667377764334294,7.110040515098357,-0.0012090062260794454,674.8048229980469,436.1343619537354,1.063287314143795
2021-01-09,40254.546875,1281.0772705078125,61984162837,33233105361,10.602978242305058,-0.013400522620514721,23639.366015625,14547.101127929687,0.6649663181483165,7.155456620536398,0.045416105438040866,690.2314770507812,441.3190375518799,1.0500631266140168
2021-01-10,38356.44140625,1262.2467041015625,79980747690,40616938053,10.554677756348193,-0.0483004859568652,24033.6501953125,14692.315283203125,0.702746110841989,7.140648510605937,-0.014808109930461555,704.4866784667969,446.4514087677002,1.0441492536804802
2021-01-11,35566.65625,1090.1453857421875,123320567399,60733630300,10.479163855744467,-0.07551390060372576,24377.58328125,14823.824497070313,0.7827531915089533,6.99406634774353,-0.14658216286240666,715.1282238769531,450.73741325378415,1.2069725106364797
2021-01-12,33922.9609375,1043.4345703125,74773277909,37494601692,10.431847377885637,-0.0473164778588302,24688.760078125,14947.624711914063,0.818498643720852,6.950273022407168,-0.043793325336362265,723.8278344726563,454.80624588012694,1.2269206526392271
2021-01-13,37316.359375,1130.7393798828125,69364315979,30109792795,10.527187098621894,0.0953397207362574,25052.93796875,15088.979555664062,0.8587292702846314,7.030627016213747,0.08035399380657893,734.3646667480468,459.3451438140869,1.2415778490030602
2021-01-14,39187.328125,1218.4530029296875,63615990033,33410915929,10.576108711400746,0.04892161277885165,25462.042109375,15239.198286132812,0.8623254252626045,7.105337302711002,0.07471028649725486,747.3199938964843,464.3106729888916,1.253513249894052
2021-01-15,36825.3671875,1171.8345947265625,67760757881,35972039310,10.513942212428438,-0.062166498972308304,25855.5369921875,15377.370849609375,0.8744225993273435,7.066325829397689,-0.03901147331331245,760.3806628417968,469.0288716125488,1.257638685545894
2021-01-16,36178.140625,1233.53759765625,57706187875,32319240157,10.496210365284819,-0.01773184714361875,26236.9317578125,15512.571586914062,0.864248392326966,7.117641415972058,0.05131558657436841,774.7015405273437,474.064984588623,1.2616574415569044
2021-01-17,35791.27734375,1230.1722412109375,52359854336,29258032819,10.48545949308548,-0.010750872199338346,26598.4090234375,15645.38634765625,0.8690475303808917,7.114909472067515,-0.0027319439045427885,788.5403894042969,479.06027870178224,1.2645081803465554
2021-01-18,36630.07421875,1257.279541015625,49511702429,25817455560,10.508624881944709,0.02316538885922803,26967.4608203125,15782.91966796875,0.867574153295189,7.136705571308646,0.021796099241131017,802.1708190917968,484.199715423584,1.2634713152272155
2021-01-19,36069.8046875,1377.2958984375,57244195486,47195935190,10.493211359064516,-0.015413522880193042,27296.3401953125,15917.832172851562,0.8670606687267001,7.227877361945644,0.09117179063699776,817.4198864746094,489.95925956726074,1.2706122001322961
2021-01-20,35547.75,1382.2740478515625,66834573161,46784030909,10.478632142089177,-0.014579216975338483,27631.235234375,16049.908481445313,0.859330342770751,7.231485282680424,0.0036079207347805564,833.3188842773437,495.72525924682617,1.2472430601706197
2021-01-21,30825.69921875,1121.5709228515625,75643067688,45932464754,10.336104011270818,-0.14252813081835924,27863.7273828125,16158.667265625,1.0130743005694691,7.0224855912398905,-0.20899969144053365,843.7832556152343,500.1947908782959,1.4933486316979638
2021-01-22,33005.76171875,1236.51220703125,77207272511,43918338506,10.40443742274612,0.0683334114753027,28134.9346484375,16276.818701171875,1.0271418561510592,7.120049959157989,0.09756436791809886,856.1793249511719,505.1698007965088,1.4698993203517714
2021-01-23,32067.642578125,1230.9906005859375,48354737975,27253895441,10.37560278135185,-0.028834641394270832,28402.2921875,16390.89552734375,1.036119311522869,7.11557449056305,-0.0044754685949390804,869.4120532226563,510.1293761444092,1.4712422603420434
2021-01-24,32289.37890625,1391.609375,48643830599,36418163554,10.382493628703594,0.006890847351744611,28664.99515625,16505.200756835937,1.031081877878407,7.2382161801047635,0.12264168954171328,885.3123315429688,515.8540729522705,1.5114993005855188
2021-01-25,32366.392578125,1324.414794921875,59897054838,43565777745,10.384875897340384,0.0023822686367900303,28925.4205859375,16620.642880859374,1.0078994931668828,7.188725976648052,-0.04949020345671151,899.7624475097656,521.2610671234131,1.5342939423881348
2021-01-26,32569.849609375,1357.05810546875,60255421470,41572917750,10.391142280801068,0.006266383460683755,29192.9849609375,16737.098090820313,1.0068131556466362,7.21307447798135,0.024348501333298245,915.0667419433594,526.841432723999,1.5250724265254383
2021-01-27,30432.546875,1253.1871337890625,62576762015,39394416990,10.32326793557666,-0.06787434522440883,29435.2130078125,16843.059091796877,1.0361720529682363,7.1334452923393,-0.0796291856420499,929.0339294433594,531.9100775146485,1.556888982190707
2021-01-28,33466.09765625,1332.4921875,76517157706,34637234789,10.418288195123829,0.09502025954716942,29733.456640625,16964.007080078125,1.0838217410971522,7.1948062929834125,0.061361000644112096,944.2141906738282,537.3618799591064,1.5629016654001866
2021-01-29,34316.38671875,1382.5228271484375,117894572511,53611955259,10.443378265971647,0.02509007084781878,30054.48453125,17089.37094238281,1.0733455057107202,7.2316652447599505,0.036858951776538085,960.6710766601562,543.0764711761475,1.563830647199697
2021-01-30,34269.5234375,1376.115478515625,65141828798,30616574234,10.442011708658745,-0.0013665573129024722,30378.6969140625,17214.502490234376,1.0736364074431017,7.227019938311766,-0.004645306448184172,977.2774389648438,548.7559911346435,1.5602286305187898
2021-01-31,33114.359375,1314.9862060546875,52754542671,25198853581,10.407722285269173,-0.03428942338957164,30664.9109765625,17334.110102539064,1.0821758459267927,7.181581454864594,-0.04543848344717194,992.2058166503906,554.1388045501709,1.5738338236750713
2021-02-01,33537.17578125,1369.04052734375,61400400660,29210670920,10.420409827337169,0.012687542067995494,30952.8068359375,17456.13484375,1.0379603194674394,7.221865428461483,0.040283973596888956,1007.7933630371094,559.8158027648926,1.5693753618015325
2021-02-02,35510.2890625,1515.1937255859375,63088585433,45437142801,10.477577766216589,0.05716793887942018,31278.0797265625,17587.929326171874,1.0542604981669406,7.3232985814424705,0.1014331529809871,1026.3770141601562,566.227905960083,1.4061873411631904
2021-02-03,37472.08984375,1660.9095458984375,61166818159,41874566399,10.531351664018128,0.053773897801539405,31639.18,17729.494575195313,1.06399670423565,7.4151206505135905,0.09182206907112,1047.8080932617188,573.3550346374511,1.421628532173231
2021-02-04,36926.06640625,1594.7626953125,68838074392,44396871836,10.516672987314305,-0.014678676703823612,31951.489375,17868.1958203125,1.0465339328439713,7.37448022378171,-0.04064042673188073,1066.9797106933593,580.1364105224609,1.427064036608281
2021-02-05,38144.30859375,1718.65087890625,58598066402,40108628454,10.549131840622739,0.03245885330843379,32258.2723046875,18013.096206054688,1.0150136456520265,7.449294889297331,0.07481466551562121,1088.4953491210938,587.5488990783691,1.4155576891560326
2021-02-06,39266.01171875,1677.8468017578125,71326033653,39873420648,10.57811458190387,0.028982741281131652,32580.8333203125,18162.551826171875,0.9925021100967852,7.425266584741116,-0.024028304556215296,1108.956046142578,594.7130494689941,1.4209639733896775
2021-02-07,38903.44140625,1614.227783203125,65500641143,39889440151,10.568837993720464,-0.00927658818340582,32881.5055078125,18309.442216796873,0.9845066998042885,7.386611968489844,-0.038654616251271534,1128.0546435546876,601.473235168457,1.430805499383143
2021-02-08,46196.46484375,1746.6168212890625,101467222687,48012285956,10.740658555608588,0.1718205618881239,33335.88890625,18492.5191796875,1.1539335315005173,7.465435950809852,0.07882398232000742,1150.221163330078,608.8328739929199,1.4461063554101792
2021-02-09,46481.10546875,1768.0350341796875,91809846886,44180727529,10.74680117499404,0.0061426193854519084,33809.449375,18677.240244140627,1.1380428800698759,7.4776240587137535,0.012188107903901901,1173.385506591797,616.2769720458984,1.443262261796382
2021-02-10,44918.18359375,1744.243408203125,87301089896,41916084617,10.712597971564412,-0.03420320342962846,34232.1524609375,18853.445595703124,1.109377838738073,7.464076163653899,-0.013547895059854653,1195.573291015625,623.4779052734375,1.330354929777899
2021-02-11,47909.33203125,1783.7979736328125,81388911810,36021495262,10.777065587622806,0.06446761605839413,34725.5121875,19043.466420898436,1.1080217414569051,7.486500063248062,0.022423899594163466,1219.5749584960938,630.8486770629883,1.3130424208254374
2021-02-12,47504.8515625,1843.5325927734373,76555041196,37905036865,10.768587122964881,-0.008478464657924789,35200.890234375,19226.03631347656,1.0675969503225953,7.519438897351619,0.03293883410355658,1244.213466796875,638.45876953125,1.2949364846281715
2021-02-13,47105.515625,1814.10986328125,70250456155,35359490535,10.76014537771306,-0.00844174525182062,35649.7047265625,19406.999775390625,1.058667070639442,7.503350192943273,-0.016088704408345755,1267.9674499511718,645.9460325622558,1.2820489203806094
2021-02-14,48717.2890625,1805.0841064453125,71248675228,31439114900,10.793789257619299,0.03364387990623818,36095.309765625,19595.083881835937,1.0333123603163765,7.498362466049999,-0.0049877268932743135,1291.3524157714844,653.3804986572266,1.270023330271147
2021-02-15,47945.05859375,1779.791015625,77069903166,38955610883,10.777811021690487,-0.015978235928811202,36528.7650390625,19779.25310546875,1.032752315526991,7.484251229441148,-0.014111236608850497,1313.2953894042969,660.6065205383301,1.2665877708314857
2021-02-16,49199.87109375,1781.0675048828125,77049582886,34269369268,10.803646282431236,0.025835260740748822,36971.0662890625,19968.635126953126,1.0316574353401942,7.48496818536913,0.0007169559279818216,1334.3087927246095,667.784084777832,1.2661323743246724
2021-02-17,52149.0078125,1848.458251953125,80820545404,35955412703,10.861860434600757,0.05821415216952097,37466.7976953125,20170.58220214844,1.0441950302047482,7.522107193297802,0.03713900792867175,1356.6475549316406,675.1003775024415,1.2687037545101505
2021-02-18,51679.796875,1937.44921875,52054723579,28255902969,10.852822208011453,-0.009038226589304088,37923.5745703125,20373.713115234375,1.042340917232405,7.569127551206603,0.0470203579088011,1380.36416015625,682.9342649841309,1.243493449842716
2021-02-19,55888.1328125,1960.164794921875,63495496918,26268814253,10.931107343448385,0.07828513543693205,38461.3028125,20596.92203613281,1.0626831876662775,7.580783827731891,0.011656276525288334,1404.8113879394532,690.8036131286622,1.2431775752067515
2021-02-20,56099.51953125,1919.5340576171875,68145460026,34696091102,10.934882526968764,0.0037751835203785333,38995.81015625,20821.390170898438,0.8995939469649349,7.559837757246297,-0.020946070485594603,1428.594718017578,698.4519059753418,0.9650299486765707
2021-02-21,57539.9453125,1935.60107421875,51897585191,23626547717,10.960234686679296,0.025352159710532618,39504.0637109375,21050.35478515625,0.8828407727881122,7.568173189898731,0.008335432652434527,1451.8160400390625,706.1219584655762,0.9215438251893759
2021-02-22,54207.3203125,1781.992919921875,92052420332,42409646036,10.900571239424043,-0.05966344725525374,39932.5696484375,21262.49251953125,0.9097940423539362,7.485487634915048,-0.08268555498368357,1467.9457446289061,713.0571133422851,0.9807564475936187
2021-02-23,48824.42578125,1570.2039794921875,106102492824,52029864713,10.795985994923033,-0.10458524450100981,40269.6198828125,21448.60728515625,1.0043341132037495,7.358960813146492,-0.12652682176855556,1478.5451635742188,719.0105690002441,1.0126000329074685
2021-02-24,49705.33203125,1626.57568359375,63695521388,31329000537,10.813867490661154,0.0178814957381217,40583.8779296875,21638.363715820313,1.0035744622441676,7.394232276397862,0.03527146325136954,1489.0765551757813,725.1735105895996,0.9992937966169807
2021-02-25,47093.8515625,1475.7037353515625,54506565949,24481681873,10.759897731409103,-0.05396975925205183,40789.2676953125,21815.45427734375,1.031255549539,7.296890263706671,-0.09734201269119058,1494.4483862304687,730.5964270019531,1.0607344756178623
2021-02-26,46339.76171875,1446.03369140625,350967941479,31435997881,10.743755655952215,-0.016142075456887284,40928.6420703125,21987.762529296873,0.995818391844513,7.276579702174972,-0.020310561531698745,1498.855498046875,735.8471575927734,1.0222010357645253
2021-02-27,46188.453125,1459.97314453125,45910946382,20742103233,10.740485113472225,-0.003270542479990368,41036.4589453125,22161.65216796875,0.9532974208915491,7.2861733203765295,0.009593618201557241,1503.5710180664062,741.2451029968262,1.0018768093881774
2021-02-28,45137.76953125,1416.0489501953125,53443887451,27637026080,10.717474636905465,-0.023010476566760474,41134.1233984375,22329.41634277344,0.9589318255893002,7.255625843003131,-0.030547477373398912,1506.2704516601561,746.3702268981933,1.0008316407439493
2021-03-01,49631.2421875,1564.7076416015625,53891300112,24032838645,10.812375797232603,0.09490116032713836,41359.6194140625,22518.651865234377,1.0034203672493835,7.355454275044768,0.0998284320416376,1512.3196704101563,752.0500561523437,1.058368237320261
2021-03-02,48378.98828125,1492.6087646484375,47530897720,22523669722,10.786820872024112,-0.025554925208490786,41615.8660546875,22701.702451171874,0.9987627880180505,7.3082807167478725,-0.047173558296895735,1520.3689379882812,757.3261108398438,1.0594109254218487
2021-03-03,50538.2421875,1575.8531494140625,53220811975,22674780680,10.830485599718013,0.043664727693901284,41948.1716796875,22895.065170898437,1.0046102617227017,7.362552086770565,0.054271370022692444,1531.0173095703126,763.0386019897461,1.066503032757123
2021-03-04,48561.16796875,1541.914306640625,52343816680,22906118718,10.790579477518886,-0.03990612219912748,42173.0678515625,23078.4069921875,1.008761511176312,7.3407799797130435,-0.021772107057521417,1539.2408081054687,768.5792404174805,1.0109772582907988
2021-03-05,48927.3046875,1533.2750244140625,48625928883,21067146937,10.798090897695422,0.0075114201765362765,42367.8673828125,23261.77150390625,0.9965778511840362,7.3351612655299645,-0.005618714183079021,1545.5372485351563,774.0979592895508,0.9559289994079654
2021-03-06,48912.3828125,1654.7415771484375,34363564661,22746262366,10.797785870655844,-0.0003050270395785759,42609.6076953125,23446.377250976562,0.993555730580034,7.411400128880888,0.07623886335092322,1555.1953881835936,780.2533206176757,0.9840113819713625
2021-03-07,51206.69140625,1723.15380859375,43137459378,23809935410,10.843625494016525,0.04583962336068126,42910.1787109375,23643.61929199219,0.9985530324548475,7.451911500444978,0.040511371564090126,1564.9877124023437,786.8367707824707,0.9586738586490208
2021-03-08,52246.5234375,1834.7279052734373,48597428048,27630991158,10.863728630532028,0.02010313651550355,43239.2836328125,23845.460048828125,0.9968868538282285,7.514651468989091,0.06273996854411301,1577.0788256835938,793.9282113647461,0.978765969993575
2021-03-09,54824.1171875,1868.048828125,50912227385,23461244507,10.911885470785263,0.048156840253234634,43603.1644921875,24061.61818847656,1.0033647048255327,7.5326497577003755,0.017998288711284616,1589.2942114257812,801.3228237915039,0.9683276110833536
2021-03-10,56008.55078125,1799.166259765625,57295577614,25154173185,10.933259650583292,0.021374179798028692,44001.9394140625,24283.25181640625,0.8214171881941758,7.495078647559989,-0.03757111014038639,1597.7316186523437,808.3394793701171,0.9411710440518364
2021-03-11,57805.12109375,1826.1949462890625,56772343595,24013132909,10.96483265097359,0.03157300039029742,44447.0868359375,24513.95318359375,0.8260852531806521,7.509989816841351,0.014911169281361936,1606.6100366210937,815.5135316467286,0.941626713464768
2021-03-12,57332.08984375,1772.1024169921875,55689944702,22435821312,10.956615778120474,-0.00821687285311512,44977.2146484375,24741.740654296875,0.8145582449637149,7.479921926894475,-0.030067889946876036,1619.6206665039062,822.3333227539063,0.9466064566291028
2021-03-13,61243.0859375,1924.6854248046875,60669829814,25014689475,11.022606239382187,0.0659904612617126,45541.9611328125,24991.12541015625,0.8159000109038752,7.56251781768221,0.08259589078773466,1633.384130859375,830.0367446899414,0.9865496010509147
2021-03-14,59302.31640625,1854.5643310546875,43901225564,19344589211,10.990403646722898,-0.0322025926592886,46086.654609375,25230.19517578125,0.8261306024476213,7.525405085492017,-0.03711273219019251,1645.85560546875,837.3772357177735,0.9896310602620831
2021-03-15,55907.19921875,1791.7022705078125,66419369890,26244738810,10.931448438306075,-0.05895520841682256,46559.011015625,25453.114184570313,0.8565466059323615,7.490921436041647,-0.03448364945036975,1653.8574633789062,844.4225839233399,0.9955040949857306
2021-03-16,56804.90234375,1806.9718017578125,59749798599,23828509590,10.947377909853685,0.015929471547609708,47047.7812109375,25679.426196289063,0.8514892348413988,7.499407685466491,0.008486249424843884,1663.508603515625,851.4780696105958,0.9958343507725965
2021-03-17,58870.89453125,1823.4493408203125,60258313191,24512917348,10.983102096934042,0.03572418708035663,47573.802109375,25916.246342773436,0.8544581892738595,7.508485228574268,0.009077543107776975,1672.8364282226562,858.5957089233399,0.9949728611758554
2021-03-18,57858.921875,1782.8551025390625,55746041000,23263845504,10.96576294501743,-0.017339151916612394,48122.329609375,26146.98342285156,0.8556500443213764,7.48597134845827,-0.022513880115997864,1683.4297875976563,865.3680058288575,0.9982936061713406
2021-03-19,58346.65234375,1817.6241455078125,49063873786,21249297710,10.974157264068008,0.008394319050578858,48619.940703125,26380.312583007813,0.8343298350856533,7.505285512718864,0.01931416426059318,1693.1324267578125,872.2807278442383,0.991870314120044
2021-03-20,58313.64453125,1812.6346435546875,50361731222,22677674970,10.973591384942633,-0.0005658791253750906,49099.885859375,26612.028413085936,0.833218885815249,7.502536670068892,-0.00274884264997155,1701.7346630859374,878.9586415100098,0.9768997552988719
2021-03-21,57523.421875,1788.217041015625,51943414539,22977404620,10.959947480802787,-0.01364390413984573,49564.963828125,26842.5753515625,0.7907158010409093,7.488974335959213,-0.013562334109678886,1709.9766943359375,885.6995242309571,0.9763514818928654
2021-03-22,54529.14453125,1691.333984375,56521454974,23599296129,10.906490599758355,-0.05345688104443269,49993.25953125,27063.99458984375,0.8130373214412167,7.433272836419108,-0.05570149954010528,1717.5036499023438,892.2278344726562,0.991769464746392
2021-03-23,54738.9453125,1678.650146484375,56435023914,21998237965,10.910330715191298,0.0038401154329434917,50417.294921875,27285.130249023438,0.8077246416887589,7.425745265195345,-0.007527571223763019,1723.6958422851562,898.6798794555664,0.9907851356039824
2021-03-24,52774.265625,1593.4134521484375,70567223787,31228051473,10.87377895741364,-0.03655175777765862,50762.574453125,27498.153740234375,0.7906800036753142,7.373633819328376,-0.05211144586696914,1725.2602368164062,904.9706463623047,0.9659427324207378
2021-03-25,51704.16015625,1595.3592529296875,67999812841,29650328701,10.853293524498085,-0.020485432915554824,51047.215859375,27705.272783203123,0.7012212029900434,7.374854226803425,0.0012204074750492566,1723.9492309570312,911.1806312561035,0.8583204928607028
2021-03-26,55137.3125,1702.842041015625,56652197978,22548516548,10.917581943817977,0.06428841931989204,51411.44078125,27929.11152832031,0.7325097523920339,7.440053922993609,0.0651996961901844,1726.1108178710938,917.9314739990234,0.8796504641266757
2021-03-27,55973.51171875,1716.49462890625,47266542233,18102277710,10.9326338527928,0.015051908974824002,51768.02484375,28158.32150390625,0.7033892969386772,7.448039483796579,0.007985560802969971,1726.0676928710936,924.8259365844726,0.80412895827284
2021-03-28,55950.74609375,1691.35595703125,47686580918,16599472938,10.932227048660097,-0.0004068041327034422,52101.71953125,28386.86349609375,0.6993529157228292,7.433285827651902,-0.014753656144677052,1726.3378759765626,931.5271662902832,0.8021553841752119
2021-03-29,57750.19921875,1819.6849365234373,57625587027,22796570548,10.963882078053414,0.03165502939331688,52478.6546875,28623.798798828124,0.703943741131362,7.506418653284955,0.07313282563305279,1730.4470190429688,938.7850814819336,0.8363985675004009
2021-03-30,58917.69140625,1846.03369140625,54414116432,22512781703,10.983896687973399,0.020014609919984494,52733.07921875,28866.38268066406,0.6964717210158013,7.520794665928888,0.014376012643932512,1732.4353564453124,946.1417720031739,0.825390968052019
2021-03-31,58918.83203125,1918.362060546875,65520826225,30226902621,10.983916047420992,1.9359447593458867e-05,52981.83375,29108.765986328126,0.6238208348840194,7.559227007465344,0.03843234153645625,1735.4418969726562,953.7976667785645,0.7658388463459803
2021-04-01,59095.80859375,1977.27685546875,61669163792,30914259795,10.98691528029968,0.002999232878687863,53265.38625,29352.62625,0.6136726614457809,7.589475851539556,0.030248844074212577,1740.1025659179688,961.8562010192871,0.7444891815414124
2021-04-02,59384.3125,2143.2255859375,58727860620,34862511022,10.991785371143768,0.004870090844088182,53494.885859375,29596.143623046875,0.5989805534854019,7.670067256353195,0.08059140481363869,1747.2911181640625,970.6859846496582,0.7697008046528843
2021-04-03,57603.890625,2028.4224853515625,59641344484,32011518871,10.9613453899758,-0.030439981167967645,53696.866640625,29830.1783203125,0.5908279753375619,7.6150136691244406,-0.05505358722875453,1750.988916015625,979.0039010620117,0.7954518035074354
2021-04-04,58758.5546875,2093.122802734375,50749662970,26006501902,10.981192033108178,0.01984664313237694,53929.927421875,30069.096567382814,0.5928691515708933,7.64641239379426,0.03139872466981952,1756.5691748046875,987.6404536437989,0.7972841128783957
2021-04-05,59057.87890625,2107.88720703125,60706272115,28889391170,10.986273240434391,0.005081207326213644,54136.73921875,30309.641010742187,0.5924338990869522,7.653441401128772,0.007029007334511839,1762.6252368164062,996.234793548584,0.7610478025771029
2021-04-06,58192.359375,2118.37890625,66058027988,29222865881,10.97150934288477,-0.014763897549620708,54341.685234375,30545.87987792969,0.5790667270030294,7.658406408296022,0.004965007167250235,1769.3969946289062,1004.9048654174804,0.7520219290902508
2021-04-07,56048.9375,1971.0772705078125,75645303584,36116271935,10.933980472031605,-0.037528870853165586,54478.6665625,30770.65283203125,0.5939268161087599,7.586335510091942,-0.07207089820408008,1773.1971899414064,1012.8325299072266,0.7727242155205193
2021-04-08,58323.953125,2088.57373046875,53053855641,25312956529,10.973768147735832,0.039787675704227254,54602.16546875,31007.581240234376,0.5864718979002546,7.644236686387469,0.057901176295526824,1777.9994995117188,1021.4201344299316,0.795080677050308
2021-04-09,58245.00390625,2072.10888671875,46655208546,19812472092,10.972413597899717,-0.0013545498361153818,54733.469609375,31246.4949609375,0.5823965557390067,7.63632215350378,-0.007914532883688707,1780.6926928710936,1030.0717485046387,0.7823230725462386
2021-04-10,59793.234375,2135.942138671875,58238470525,24986243611,10.998647795996382,0.02623419809666494,54811.571640625,31492.768833007813,0.5791932467447518,7.666663111076419,0.03034095757263877,1784.2082397460938,1039.0289433288574,0.7866949387784589
2021-04-11,60204.96484375,2157.656982421875,46280252580,19692836132,11.005510100383786,0.0068623043874040945,54893.680546875,31742.562724609375,0.5785192194967053,7.676778181572199,0.010115070495779754,1788.9706982421876,1048.2116467285157,0.7764263235088066
2021-04-12,59893.453125,2139.353271484375,51828688519,21727936609,11.000322481385641,-0.005187618998144572,54940.750703125,31988.229658203127,0.5301020422711906,7.668258852754637,-0.008519328817561345,1793.0457421875,1057.161635131836,0.7276362002438973
2021-04-13,63503.45703125,2299.187744140625,69983454362,29456642939,11.05884962483591,0.058527143450268326,55126.6734375,32252.283359375,0.5561583976671715,7.74031118482196,0.07205233206732231,1803.389638671875,1066.8966575622558,0.7501834328333786
2021-04-14,63109.6953125,2435.10498046875,77451779687,35592822986,11.052629686686739,-0.006219938149170545,55412.378828125,32514.078217773436,0.5117202216331288,7.797745147716196,0.05743396289423597,1820.6876586914063,1077.2947419738769,0.7544579027577479
2021-04-15,63314.01171875,2519.1162109375,60954381579,32325606817,11.055861937803716,0.00323225111697667,55684.552421875,32776.771928710936,0.5099203654088358,7.831663409046917,0.0339182613307214,1838.5384692382813,1088.1031304931641,0.7589211266207563
2021-04-16,61572.7890625,2431.946533203125,84293007468,36196928256,11.027975315929147,-0.027886621874568363,55974.131171875,33031.08761230469,0.5077760991187703,7.796447258141728,-0.035216150905188925,1857.6633251953126,1098.487066040039,0.775924465741602
2021-04-17,60683.8203125,2344.89501953125,66138759198,32349808978,11.013432389827742,-0.01454292610140584,56261.01234375,33280.283510742185,0.5065628770570971,7.759995912087761,-0.03645134605396727,1875.6405517578125,1108.4127542114259,0.7846582480511227
2021-04-18,56216.18359375,2237.136962890625,97468872758,50696368718,10.936959958729622,-0.07647243109811974,56461.566953125,33507.44197265625,0.5741920209249084,7.71295218576279,-0.047043726324971225,1891.183828125,1117.7987496948242,0.8076251134776942
2021-04-19,55724.265625,2166.188720703125,65344865159,34060654971,10.928170979611826,-0.008788979117795748,56673.296875,33732.966040039064,0.574786619562162,7.6807245524372565,-0.032227633325533134,1906.1866235351563,1126.8636637878417,0.8185399089558967
2021-04-20,56473.03125,2330.2109375,67849323955,39433483315,10.941518480170792,0.013347500558966274,56810.13265625,33962.45132324219,0.5753277269386959,7.753714073577932,0.07298952114067525,1921.496689453125,1136.783523864746,0.8477390963707931
2021-04-21,53906.08984375,2364.751708984375,54926612466,38899067643,10.894998734628965,-0.04651974554182736,56920.6746875,34179.23512695313,0.5677674645560995,7.768428309784371,0.014714236206438969,1938.9395483398437,1146.8746719360352,0.8152384136882197
2021-04-22,51762.2734375,2403.53515625,74798630778,53575904724,10.854416850882158,-0.040581883746806824,56945.1553125,34384.69857910156,0.5845050492835898,7.784695914333343,0.01626760454897269,1955.4931884765624,1157.1294526672364,0.8125896552613125
2021-04-23,51093.65234375,2363.586181640625,86668667320,55413933925,10.841415548196952,-0.013001302685205829,56995.805,34586.20014160156,0.5725646661390441,7.76793531313552,-0.016760601197823632,1971.9266259765625,1167.1775996398926,0.7864394059539072
2021-04-24,50050.8671875,2211.625732421875,49014494781,31854226936,10.820795111016842,-0.020620437180109974,57018.27625,34783.432446289065,0.5726224497038466,7.701483149602218,-0.06645216353330152,1985.4936401367188,1176.531649017334,0.8333760845990809
2021-04-25,49004.25390625,2316.0595703125,46117114240,31814355546,10.799662387737875,-0.02113272327896709,57020.113671875,34975.10887207031,0.5254597466219354,7.747622559567844,0.046139409965626044,1998.72,1186.4029035949707,0.8202909303536716
2021-04-26,54021.75390625,2534.481689453125,58284039825,35208325408,10.89714209453983,0.0974797068019555,57076.414921875,35190.63921386719,0.6309987950295293,7.8377444333659385,0.09012187379809422,2014.9465576171874,1197.321481323242,0.8661821273777599
2021-04-27,55033.1171875,2662.865234375,49448222757,32275969215,10.915690413688484,0.01854831914865329,57132.146796875,35410.48250976563,0.6347450743201668,7.887157977839792,0.049413544473853044,2031.5093041992188,1208.8078550720215,0.8692260061501254
2021-04-28,54824.703125,2746.380126953125,48000572955,34269031076,10.911896158314748,-0.0037942553737355666,57132.158515625,35628.12421875,0.6240605069126662,7.918039006082174,0.03088102824238259,2049.075930175781,1220.684917755127,0.8459210017872819
2021-04-29,53555.109375,2756.876953125,46088929780,32578127990,10.888466484489614,-0.0234296738251345,57083.0896875,35838.97885742188,0.6234035375061088,7.921853779315086,0.0038147732329116835,2068.2301440429687,1232.593592224121,0.8466198596319252
2021-04-30,57750.17578125,2773.20703125,52395931985,29777179889,10.963881672210576,0.0754151877209619,57081.99078125,36069.952919921874,0.6810783526692582,7.927759702493507,0.005905923178421091,2087.1703857421876,1244.520971069336,0.8420901131551435
2021-05-01,57828.05078125,2945.892822265625,42836427360,28726205272,10.965229244570889,0.0013475723603129097,57091.91,36301.96367675781,0.6809907861453894,7.9881672155955465,0.06040751310203962,2110.6461938476564,1257.3444813537599,0.8566328734332501
2021-05-02,56631.078125,2952.05615234375,38177405335,28032013047,10.944313196980664,-0.020916047590224807,56999.66984375,36527.97153320313,0.6842572506168889,7.990257207336114,0.002089991740567676,2131.1936083984374,1270.2073419189453,0.8220728442843462
2021-05-03,57200.29296875,3431.086181640625,51713139031,49174290212,10.954314299186066,0.01000110220540229,56957.629375,36756.49625,0.6772956055462804,8.14063216106255,0.15037495372643583,2162.724045410156,1285.475563659668,0.9216110903366255
2021-05-04,53333.5390625,3253.62939453125,68564706967,62402045158,10.88432066296229,-0.06999363622377608,56906.156171875,36966.553330078124,0.7152039677471397,8.087526389015952,-0.05310577204659772,2191.962587890625,1299.912565612793,0.9522226763891781
2021-05-05,57424.0078125,3522.783203125,69241316747,48334198383,10.958217749436766,0.07389708647447613,56918.53828125,37196.88286132812,0.7638907138606844,8.167006638873213,0.07948024985726043,2226.2788159179686,1315.6822019958497,0.9780572595641174
2021-05-06,56396.515625,3490.88037109375,69523285106,44300394788,10.940162655879124,-0.01805509355764201,56869.050703125,37421.44864257812,0.7647264112256565,8.157909238713168,-0.009097400160044344,2259.6274365234376,1331.2455354309081,0.9814806411174029
2021-05-07,57356.40234375,3484.72900390625,68434023376,39607240515,10.95703975266056,0.01687709678143534,56859.0003125,37649.52046875,0.7555488342491165,8.156145559455537,-0.0017636792576318783,2293.6649145507813,1346.7695024108887,0.9308204627667113
2021-05-08,58803.77734375,3902.647705078125,65382980634,50208491286,10.98196137236335,0.0249216197027895,56868.1428125,37883.95768066406,0.7476238233325243,8.26941050050822,0.11326494105268381,2335.3653857421873,1364.437056427002,0.9787453155524406
2021-05-09,58232.31640625,3928.8447265625,65906690347,50568290278,10.972195744329321,-0.00976562803402814,56866.51625,38111.00081542969,0.7484295199433194,8.276100698941057,0.0066901984328371356,2377.689587402344,1382.1203302001952,0.9746623159849378
2021-05-10,55859.796875,3952.2939453125,71776546298,62691789007,10.930600203169606,-0.04159554115971531,56833.24375,38325.47034179688,0.7558560499201316,8.282051434976408,0.005950736035350346,2420.9711254882814,1399.8129350280763,0.9755355003073224
2021-05-11,56704.57421875,4168.701171875,61308396325,52679737865,10.945610160513896,0.015009957344290115,56876.75234375,38544.335517578125,0.75762700907575,8.335359796701784,0.05330836172537623,2470.5184692382813,1418.607607421875,0.9813577262357343
2021-05-12,49150.53515625,3785.8486328125,75215403907,69023382175,10.802643013740859,-0.1429671467730369,56764.984140625,38724.547880859376,0.9033426462287824,8.239025350202056,-0.09633444649972844,2512.6624389648437,1435.4745625305177,1.060304297289579
2021-05-13,49716.19140625,3715.1484375,96721152926,78398214539,10.814085941850951,0.01144292811009251,56703.82265625,38907.97296875,0.8751131103452896,8.220173912612042,-0.01885143759001373,2555.097138671875,1452.01921585083,1.0504498770674924
2021-05-14,49880.53515625,4079.057373046875,55737497453,48174271215,10.817386128610718,0.003300186759766177,56667.35015625,39091.999404296876,0.8760081562364478,8.313621204687353,0.09344729207531088,2604.7711010742187,1470.4450611877442,1.075541917372346
2021-05-15,46760.1875,3638.1220703125,59161047474,42422321751,10.752787425415434,-0.06459870319528349,56499.80765625,39257.52924804688,0.8969178261461734,8.199222912751669,-0.11439829193568407,2643.4767016601563,1486.615686340332,1.1670464867573356
2021-05-16,46456.05859375,3587.506103515625,64047871555,47359478734,10.746262168325199,-0.006525257090235215,56309.45859375,39423.45311523438,0.8946789913821951,8.185212561394826,-0.014010351356843032,2680.8969311523438,1502.6099630737306,1.15850340348535
2021-05-17,43537.51171875,3282.397705078125,74903638450,54061732774,10.681378183838733,-0.0648839844864657,56061.19390625,39573.95125976563,0.9153211442785153,8.09632944196801,-0.08888311942681604,2712.7177661132814,1517.0883010864259,1.2003294008881034
2021-05-18,42909.40234375,3380.070068359375,56187365084,40416525218,10.666846249754105,-0.014531934084628162,55764.37796875,39720.765659179684,0.88459845184918,8.125651718546035,0.029322276578024997,2743.92546875,1532.0745515441895,1.1831143534853108
2021-05-19,37002.44140625,2460.67919921875,126358098747,84482912776,10.518739173402219,-0.14810707635188614,55326.07296875,39836.872890625,1.0089154536850988,7.808192688061973,-0.3174590304840619,2756.21837890625,1542.444995880127,1.6491718872405956
2021-05-20,40782.73828125,2784.294189453125,88281943359,67610826680,10.61601418952618,0.09727501612396061,54963.35109375,39972.10103515625,1.0773309545730394,7.931749687370438,0.12355699930846509,2773.537021484375,1554.3846759033204,1.6847490007871497
2021-05-21,37304.69140625,2430.621337890625,82051616861,53774070802,10.526874372689386,-0.08913981683679317,54527.52875,40090.87204589844,1.1049934443546314,7.7959021982554955,-0.13584748911494238,2782.6039111328123,1564.621998901367,1.7552516034462862
2021-05-22,37536.6328125,2295.70556640625,57377273240,42089937660,10.53307261012663,0.006198237437244458,54090.57515625,40208.803706054685,1.1019517098072582,7.7387955115883695,-0.05710668666712593,2785.6535107421873,1574.1625158691406,1.765801805275126
2021-05-23,34770.58203125,2109.579833984375,78469274361,56005721977,10.456526964328297,-0.07654564579833334,53633.908984375,40311.98808105469,1.125649981745959,7.654244075827847,-0.08455143576052215,2787.2766577148436,1582.6997050476075,1.7888430585291213
2021-05-24,38705.98046875,2643.591064453125,67359584098,53697121740,10.56374940115494,0.10722243682664256,53232.8575,40427.61874023438,1.2003606607718909,7.879893523522922,0.22564944769507456,2798.286022949219,1593.8473236083985,1.943530120010189
2021-05-25,38402.22265625,2706.62890625,56211915803,49558333256,10.555870618573916,-0.007878782581023813,52819.744375,40541.80044921875,1.1995045000832263,7.903459193497442,0.02356566997451992,2810.260856933594,1605.1068716430664,1.9392447996933146
2021-05-26,39294.19921875,2888.69873046875,51346735160,42499766020,10.578832184386684,0.02296156581276776,52441.781171875,40664.10267578125,1.1437988900895437,7.968561413432391,0.06510221993494891,2825.667253417969,1617.371799621582,1.9273813487362867
2021-05-27,38436.96875,2736.488525390625,43210968721,33373635283,10.556775003315149,-0.02205718107153487,52089.541796875,40778.889682617184,1.1395315726005586,7.914430817405302,-0.054130596027088806,2840.975478515625,1628.7864683532714,1.9307547296812388
2021-05-28,35697.60546875,2419.90625,55200191952,39999114805,10.482838891813707,-0.07393611150144253,51637.01484375,40880.7161328125,1.1592955569473835,7.79148407873091,-0.12294673867439165,2847.60212890625,1638.6651843261718,1.9747545751687567
2021-05-29,34616.06640625,2279.51416015625,45231013335,33773720220,10.452073200271554,-0.03076569154215214,51164.43609375,40977.341953125,1.1603045052766485,7.7317176115913195,-0.05976646713959077,2851.750234375,1647.814356994629,1.9839312205781696
2021-05-30,35678.12890625,2390.305419921875,31646080921,25876619428,10.48229314435054,0.030219944078986316,50682.133984375,41077.2258984375,1.1264152648001284,7.7791764275233035,0.04745881593198398,2856.8375,1657.4510813903808,1.9924350485386175
2021-05-31,37332.85546875,2714.9453125,39009847639,31007383150,10.527629061583006,0.04533591723246566,50224.691796875,41182.50845703125,1.1452602380356205,7.90652708943957,0.12735066191626654,2867.9832666015627,1668.7207815551758,2.0333373833034316
2021-06-01,36684.92578125,2633.518310546875,34639423297,27363223090,10.510121208009888,-0.017507853573118126,49760.52125,41284.34404296875,1.1450848551644845,7.876075991831445,-0.030451097608125366,2877.8665673828127,1679.5152409362793,2.0355351458166933
2021-06-02,37575.1796875,2706.125,33070867190,27723267359,10.534098996712203,0.023977788702314484,49241.955703125,41391.87924804688,1.1498724835337926,7.9032730013075945,0.02719700947614978,2886.0053125,1690.7451167297363,1.9621261232996383
2021-06-03,39208.765625,2855.12646484375,35460750427,30038207402,10.576655613663572,0.042556616951369364,48763.937109375,41508.14513671875,1.1479155100143554,7.956871417026326,0.053598415718731474,2894.4057421875,1702.782953643799,1.9664880682846446
2021-06-04,36894.40625,2688.195068359375,41831090187,34173841611,10.515815226396446,-0.060840387267125706,48235.545,41609.03661132813,1.1194500277287627,7.896625269084132,-0.06024614794219385,2897.7873193359374,1713.9242274475098,1.9518556950272121
2021-06-05,35551.95703125,2630.576904296875,35959473399,30496672724,10.47875048382167,-0.03706474257477588,47715.128359375,41698.569365234376,1.1221176843377807,7.874958456362926,-0.02166681272120652,2901.7599267578125,1724.6753115844726,1.9523549018871733
2021-06-06,35862.37890625,2715.0927734375,28913440585,25311639414,10.487444083671859,0.00869359985018825,47218.69953125,41788.86123046875,1.1195168161308129,7.906581402479443,0.03162294611651717,2909.1638818359374,1735.8533551025391,1.9574717899888756
2021-06-07,33560.70703125,2590.26318359375,33683936663,30600111277,10.421111228036516,-0.06633285563534308,46765.59,41867.57931640625,1.1231340714583233,7.859514764818262,-0.0470666376611808,2916.22640625,1746.4465188598633,1.9114787271949758
2021-06-08,33472.6328125,2517.438720703125,49902050442,41909736778,10.418483452973058,-0.0026277750634573493,46320.55734375,41941.835908203124,1.1241238476390454,7.830997282967019,-0.028517481851243254,2923.25140625,1756.4849896240235,1.9107051181404102
2021-06-09,37345.12109375,2608.26708984375,53972919008,36075832186,10.527957555355197,0.10947410238213884,45937.999140625,42035.3503515625,1.2055421509151731,7.866441329552723,0.035444046585704214,2928.812529296875,1766.7788919067382,1.9175010590522603
2021-06-10,36702.59765625,2471.5185546875,43576032854,28753626390,10.510602812362068,-0.017354742993129335,45593.929296875,42127.01333007812,1.2012132056901428,7.812588040178878,-0.05385328937384504,2930.9478662109377,1776.346144104004,1.9066611996699814
2021-06-11,37334.3984375,2353.768798828125,38699736985,24832564195,10.527670390778054,0.017067578415986162,45305.371796875,42221.864716796874,1.1122010729384595,7.763773066695974,-0.0488149734829042,2929.9525390625,1785.0727178955078,1.8890318850480403
2021-06-12,35552.515625,2372.484375,37924228550,25724364410,10.478766195737649,-0.04890419504040544,44994.5490625,42304.08997070313,1.1180309471169305,7.771692944582522,0.007919877886548576,2930.1305029296873,1793.9156509399413,1.8908022435098795
2021-06-13,39097.859375,2508.3916015625,40669112838,27092945370,10.573822997032305,0.09505680129465688,44775.48890625,42405.918662109376,1.1772285034267571,7.827397030537962,0.05570408595543963,2936.0658203125,1803.604175720215,1.8680146743811092
2021-06-14,40218.4765625,2537.89111328125,43148914673,26964576331,10.602081784998626,0.028258787966320753,44599.773359375,42521.2579296875,1.165656613294374,7.839088744785532,0.011691714247570317,2940.502451171875,1813.6996255493164,1.8360980967066152
2021-06-15,40406.26953125,2610.936767578125,46420149185,29005279219,10.606740238326154,0.0046584533275275675,44327.463671875,42637.747265625,1.1661279176960864,7.867464350703128,0.028375605917595692,2942.031552734375,1824.1668408203125,1.8414598271479294
2021-06-16,38347.0625,2367.66357421875,39211635100,24101926180,10.55443320673001,-0.05230703159614336,43993.742578125,42740.8955078125,1.1587534071817192,7.769658914212593,-0.09780543649053453,2936.12751953125,1833.3140097045898,1.846490410619106
2021-06-17,38053.50390625,2372.001953125,37096670047,21871633186,10.546748445942342,-0.007684760787668665,43658.31859375,42840.27560546875,1.1582333513999856,7.771489583525793,0.0018306693131995289,2928.6399560546874,1842.2952291870117,1.841438252130276
2021-06-18,35787.24609375,2231.733154296875,36200887275,22752818388,10.485346854550604,-0.0614015913917374,43302.961328125,42921.08265625,1.0575691663659408,7.7105337618275,-0.06095582169829328,2918.137080078125,1850.3796823120117,1.4892418896581436
2021-06-19,35615.87109375,2178.4990234375,31207279719,18765854896,10.48054663473331,-0.004800219817294504,42860.275234375,43005.14702148437,0.9962003313866035,7.686391397284502,-0.024142364542997896,2906.242919921875,1858.335556640625,1.4183711661942926
2021-06-20,35698.296875,2246.364501953125,36664034054,22535930423,10.482858260047102,0.002311625313792476,42417.68015625,43087.633046875,0.9483458638427995,7.717068411513405,0.030677014228903232,2892.252353515625,1866.5756173706054,1.3468474254575014
2021-06-21,31676.693359375,1888.447509765625,52809038594,33745173825,10.363336464198424,-0.11952179584867828,41918.5924609375,43148.789521484374,1.0331513974375255,7.54351034709619,-0.17355806441721455,2870.9801806640626,1872.9343112182617,1.4624249025185159
2021-06-22,32505.66015625,1874.9500732421875,58964353058,35547251725,10.389169511807816,0.025833047609392423,41424.6998046875,43217.81899414062,1.0061010156550156,7.536337310445823,-0.0071730366503670595,2839.857458496094,1879.4622906494142,1.4351039481186576
2021-06-23,33723.02734375,1989.736328125,46317108925,28408659206,10.42593618696343,0.03676667515561327,41032.4895703125,43290.662978515626,0.9372775839943429,7.595757410510197,0.059420100064373926,2814.5795971679686,1886.4279949951172,1.1979412634310158
2021-06-24,34662.4375,1988.456298828125,33123368116,20272845769,10.453411886821074,0.027475699857644642,40577.2581640625,43367.24956054687,0.9438078973560855,7.595113887452829,-0.000643523057368256,2783.8930590820314,1893.3607315063477,1.1925020648136468
2021-06-25,31637.779296875,1813.21728515625,40230904226,22774334998,10.36210723284681,-0.09130465397426413,40082.0834375,43429.48030273437,0.9867935232910309,7.502858051977493,-0.09225583547533578,2750.3397973632814,1899.4676010131836,1.1936242510879536
2021-06-26,32186.27734375,1829.2392578125,38585385521,20637542361,10.379295471247733,0.017188238400922984,39578.6809375,43498.80596679688,0.9888614808031556,7.511655453292339,0.008797401314845743,2717.230002441406,1905.8396585083008,1.188176078998189
2021-06-27,34649.64453125,1978.8946533203125,35511640894,19885474742,10.453042745727043,0.07374727447930951,39095.59828125,43579.284609375,0.9951575965163786,7.590293711906907,0.07863825861456775,2678.75494140625,1912.8667361450196,1.1620768237354264
2021-06-28,34434.3359375,2079.657470703125,33892523752,25514602841,10.446809483271288,-0.00623326245575484,38619.638671875,43660.131328125,0.9895834045197625,7.6399584815879535,0.04966476968104683,2641.7711962890626,1920.466630859375,1.1618772652945795
2021-06-29,35867.77734375,2160.768310546875,37901460044,24815124419,10.487594604395428,0.04078512112413968,38219.79828125,43749.17569335937,0.9943425373328866,7.678219136759459,0.038260655171505675,2605.94068359375,1928.541485595703,1.157277558744157
2021-06-30,35040.8359375,2274.547607421875,34059036099,25828056268,10.464269401429576,-0.023325202965851943,37786.523515625,43830.36159179688,0.9838817838532825,7.729536457730502,0.05131732097104269,2568.0576123046876,1937.0713870239258,1.0767752467386107
2021-07-01,33572.1171875,2113.60546875,37838957079,29061701793,10.4214511558287,-0.042818245600875215,37474.95515625,43902.51026367187,0.9927872859146528,7.656150521174819,-0.07338593655568282,2534.6127490234376,1944.6910983276366,1.0992758908086984
2021-07-02,33897.046875,2150.040283203125,38728974942,31796212554,10.43108317674214,0.009632020913439732,37158.572265625,43975.762275390625,0.9891432466636747,7.673241857319732,0.01709133614491254,2503.3105859375,1952.5112438964843,1.0958406175830584
2021-07-03,34668.546875,2226.1142578125,24383958643,17433361641,10.453588124763485,0.022504948021344617,36854.3325,44052.01962890625,0.9798380293595476,7.7080128592749535,0.03477100195522187,2466.2517236328126,1960.6950372314452,1.0845014774127197
2021-07-04,35287.78125,2321.72412109375,24924307911,18787107473,10.471292042774403,0.017703918010917974,36624.884375,44121.905546875,0.9607088346359838,7.750065344300792,0.04205248502583814,2439.9237646484376,1969.1227487182616,1.0815215657767505
2021-07-05,33746.00390625,2198.58251953125,26721554282,20103794829,10.426617286512736,-0.04467475626166717,36370.68328125,44176.609755859376,0.9646149373152528,7.695568122385989,-0.05449722191480255,2412.14529296875,1976.9013165283204,1.093924644956918
2021-07-06,34235.1953125,2324.679443359375,26501259870,20891861314,10.441009496592198,0.014392210079462231,36184.636953125,44232.09592773437,0.9655948616328525,7.751337434692062,0.05576931230607318,2392.990927734375,1985.2506539916992,1.1075290431868523
2021-07-07,33855.328125,2315.161865234375,24796027477,22398345285,10.429851669941897,-0.011157826650300962,36003.55546875,44282.023408203124,0.9377809026412338,7.747234884263667,-0.004102550428394913,2371.692763671875,1993.5299737548828,1.0971657822565868
2021-07-08,32877.37109375,2120.0263671875,29910396946,23188123689,10.400539891403932,-0.029311778537964628,35921.0540625,44329.0237890625,0.9434282716784539,7.65918380494131,-0.08805107932235767,2364.87970703125,2000.9386514282226,1.1331469915547987
2021-07-09,33798.01171875,2146.6923828125,27436021028,23029574602,10.428157254851806,0.0276173634478738,35781.35953125,44383.9984375,0.8630021235565355,7.671683509929576,0.012499704988266025,2352.1276708984374,2008.6230239868164,1.1254546451940457
2021-07-10,33520.51953125,2111.403564453125,22971873468,17581542471,10.419913053618211,-0.008244201233594595,35705.67609375,44432.68588867188,0.8617223482258228,7.655108201748318,-0.016575308181257853,2345.7433154296873,2016.0057708740235,1.1131544093707564
2021-07-11,34240.1875,2139.664794921875,20108729370,14705386138,10.441155306292087,0.021242252673875583,35639.7471875,44487.68009765625,0.8630693455552809,7.6684044578599275,0.013296256111609672,2342.6225,2023.7855218505858,1.1036008935119153
2021-07-12,33155.84765625,2036.7210693359373,24321499537,17768129077,10.408974379944256,-0.03218092634783076,35607.4525,44534.77958984375,0.8537671561461728,7.6190964747623555,-0.049307983097572006,2341.1653247070312,2030.9110913085938,1.1143574545966117
2021-07-13,32702.025390625,1940.083984375,19120856669,16621628658,10.395192293518456,-0.0137820864258007,35487.3733984375,44574.96576171875,0.778613589972091,7.570486542035297,-0.04860993272705816,2327.0951831054685,2037.4794577026366,1.1020693551810499
2021-07-14,32822.34765625,1994.331298828125,21376531210,17342819679,10.398864893354887,0.0036725998364310897,35375.7758984375,44606.89231445312,0.7696878180409727,7.598064084578392,0.027577542543094857,2312.849230957031,2044.271935119629,1.1071255847118435
2021-07-15,31780.73046875,1911.1756591796875,21300524237,15688092552,10.366615424998043,-0.03224946835684328,35225.5065234375,44634.4344921875,0.7735446659201429,7.55547386004712,-0.04259022453127237,2293.29876953125,2050.4146017456055,1.1054223142315587
2021-07-16,31421.5390625,1880.3829345703125,23699476918,14884569147,10.355248894139557,-0.011366530858486712,35085.1979296875,44656.11814453125,0.7570382653913897,7.539230723683518,-0.01624313636360153,2276.1766577148437,2056.164529724121,1.059925297083931
2021-07-17,31533.068359375,1898.8251953125,18895018942,13364282076,10.358792063356903,0.0035431692173464313,35001.9071875,44676.971298828124,0.7578557319593056,7.548990655660385,0.009759931976867087,2265.755036621094,2062.0010549926756,1.0611809917970967
2021-07-18,31796.810546875,1895.5521240234373,18787986667,13791868728,10.367121266470079,0.008329203113175865,34945.5220703125,44691.7505859375,0.7326143904180148,7.547265433403647,-0.0017252222567387676,2258.0757958984377,2067.7207208251953,1.0435340264751851
2021-07-19,30817.83203125,1817.296630859375,20434789545,14157735481,10.335848763481367,-0.03127250298871154,34848.3161328125,44700.83114257813,0.7387981325928202,7.505105308158999,-0.04216012524464752,2246.6156201171875,2073.1181869506836,1.0494734306961206
2021-07-20,29807.34765625,1787.5107421875,23148267245,17368597636,10.302510207747156,-0.033338555734211184,34697.8059765625,44702.99711914062,0.7449046060203037,7.48857928416549,-0.01652602399350922,2228.0669287109376,2078.4039028930665,1.0415720152041894
2021-07-21,32110.693359375,1990.9708251953125,28203024559,21253359756,10.376944380104089,0.0744341723569324,34606.321328125,44702.91424804687,0.6770408808759883,7.596377650614451,0.10779836644896079,2215.2159790039063,2084.4860821533202,0.934202229942767
2021-07-22,32313.10546875,2025.2027587890625,19555230518,17495480331,10.383228168986257,0.006283788882168295,34501.07984375,44700.56965820312,0.6712263799165032,7.613425102325254,0.017047451710803685,2201.5975341796875,2089.7345574951173,0.9351061055704064
2021-07-23,33581.55078125,2124.776611328125,22552046192,16200392492,10.421732111258162,0.038503942271905345,34388.535546875,44708.61784179688,0.6724567533190601,7.661421951751711,0.047996849426456656,2186.990537109375,2095.157275390625,0.9271804876451055
2021-07-24,34292.4453125,2189.21875,21664706865,16057446601,10.442680355614833,0.020948244356670642,34336.496328125,44710.117919921875,0.6694616273484562,7.6913000240056055,0.029878072253894494,2177.0110107421874,2100.603338623047,0.9321060225947707
2021-07-25,35350.1875,2191.373779296875,20856685287,14566483636,10.47305897541249,0.030378619797657436,34332.4609375,44702.747041015624,0.5913987014860834,7.6922839226249415,0.00098389861933601,2168.2269482421875,2105.5246466064455,0.8663361610502924
2021-07-26,37337.53515625,2233.36669921875,51022126212,29614324233,10.527754404104103,0.05469542869161259,34361.9640625,44692.57950195312,0.6161207291546824,7.711265456548042,0.018981533923100535,2158.5924267578125,2110.563089599609,0.8674311622994609
2021-07-27,39406.94140625,2298.33349609375,35097370560,23067480378,10.58169725759214,0.053942853488036846,34478.88875,44685.62616210937,0.5916746183164647,7.739939572376005,0.028674115827962865,2152.7538330078123,2115.9337713623045,0.8320297800781206
2021-07-28,39995.90625,2296.54541015625,38702404695,18991302378,10.596532384108594,0.014835126516453911,34609.35421875,44684.33295898438,0.5915228072992312,7.739161277206865,-0.0007782951691401863,2148.335966796875,2121.011112060547,0.8163960638548046
2021-07-29,40008.421875,2380.956787109375,27167146027,16313373113,10.596845257809191,0.0003128737005972937,34662.620234375,44692.59286132813,0.5773746972992295,7.775257697271085,0.036096420064220425,2143.7897607421874,2126.604662475586,0.815263924550056
2021-07-30,42235.546875,2466.96142578125,33072782960,20212848934,10.65101748846181,0.054172230652618225,34773.27921875,44725.93731445313,0.5948325811524217,7.810742480323306,0.03548478305222069,2143.6986181640623,2133.4887426757814,0.8053210801470192
2021-07-31,41626.1953125,2536.2099609375,25802845343,18001710283,10.636484943086659,-0.014532545375150363,34859.11515625,44764.45348632812,0.5732716825175419,7.8384261042978185,0.027683623974512628,2147.34744140625,2140.952619628906,0.7610733150551495
2021-08-01,39974.89453125,2561.85205078125,26688438115,22697987055,10.596006899330945,-0.040478043755713955,34947.562734375,44777.746162109375,0.5967267316974791,7.848485733240923,0.010059628943104748,2151.134794921875,2148.1081829833984,0.7601870654441362
2021-08-02,39201.9453125,2610.1533203125,25595265436,22162754104,10.576481649866135,-0.01952524946480949,34949.644453125,44777.81924804687,0.5996513272644817,7.867164242006163,0.01867850876524013,2153.170029296875,2155.0666845703126,0.7545304357878148
2021-08-03,38152.98046875,2502.349609375,26189830450,22696753413,10.549359158661003,-0.027122491205131993,34908.33453125,44784.457314453124,0.6071861195696646,7.824985413229683,-0.04217882877648016,2152.45919921875,2161.719259643555,0.7600801527378318
2021-08-04,39747.50390625,2724.619873046875,25372562724,25038698173,10.59030232329948,0.04094316463847747,34895.15921875,44802.304130859375,0.5966322367797862,7.910084201237267,0.08509878800758397,2154.732861328125,2169.174671020508,0.7839241991867051
2021-08-05,40869.5546875,2827.328857421875,35185031017,31057928075,10.618140680670727,0.027838357371246403,34945.6090625,44827.695517578126,0.6009944638338325,7.9470876782793,0.037003477042032884,2163.9261669921875,2177.1604541015627,0.7719165223726889
2021-08-06,42816.5,2890.941650390625,38226483046,26528577879,10.664678821297143,0.04653814062641537,35040.868984375,44858.627646484376,0.6139338850472824,7.969337558620212,0.022249880340911687,2174.3049609375,2185.3287646484373,0.7728223793313304
2021-08-07,44555.80078125,3157.23876953125,40030862141,33081467129,10.704497632755919,0.03981881145877608,35216.240078125,44901.05762695312,0.608630008310887,8.05745311747862,0.08811555885840772,2192.8150732421873,2194.228479003906,0.7426616526914138
2021-08-08,43798.1171875,3013.732666015625,36302664750,28433638008,10.687346108853829,-0.01715152390208985,35379.885,44942.309462890626,0.6124626612726595,8.0109346778457,-0.04651843963291924,2209.51974609375,2202.3857720947267,0.7714125406870802
2021-08-09,46365.40234375,3167.856201171875,38734079049,31983260936,10.744308820943898,0.05696271209006909,35593.227109375,45020.00797851563,0.631766641067073,8.06081036085988,0.04987568301418044,2227.949580078125,2212.617198486328,0.7759897899478304
2021-08-10,45585.03125,3141.691162109375,33546019517,27605221710,10.727334679551289,-0.016974141392609,35871.3938671875,45082.904326171876,0.637860230008783,8.052516520575598,-0.00829384028428315,2253.014453125,2222.1430932617186,0.7797146143514245
2021-08-11,45593.63671875,3164.2451171875,34319709073,26729035052,10.727523440123631,0.00018876057234251675,36133.1533984375,45150.534296875,0.6209824867406938,8.059669796552935,0.007153275977337614,2278.8003540039062,2231.8093658447265,0.7473040831770524
2021-08-12,44428.2890625,3043.414306640625,33723620826,25403699845,10.70163168657943,-0.025891753544200924,36347.2586328125,45211.22884765625,0.6283640484852574,8.020735291349192,-0.038934505203743086,2299.873913574219,2240.0683905029296,0.7376899395881097
2021-08-13,47793.3203125,3322.211669921875,31744259539,23868866254,10.774641166298348,0.0730094797189178,36609.8762890625,45288.363486328126,0.6647672857975869,8.108386005759817,0.08765071441062489,2326.5490209960935,2250.0573748779298,0.7791664761660397
2021-08-14,47096.9453125,3265.443359375,31211354442,19860862133,10.759963422540375,-0.01467774375797326,36919.059609375,45360.99896484375,0.6525848903620326,8.091150824030745,-0.017235181729072124,2355.593542480469,2259.599301147461,0.7595274280216063
2021-08-15,47047.00390625,3310.504150390625,30988958446,22166205051,10.75890246405395,-0.0010609584864251786,37216.274140625,45444.07125,0.6486980621119343,8.104855768069182,0.013704944038437361,2385.218840332031,2269.8858862304687,0.7497252564528021
2021-08-16,46004.484375,3156.509521484375,32776876610,23080039949,10.736494157132784,-0.022408306921166243,37443.3709375,45506.76318359375,0.6599077699421387,8.057222114272124,-0.04763365379705853,2408.7711376953125,2279.0059729003906,0.784413163122094
2021-08-17,44695.359375,3014.845947265625,33451362600,25509056745,10.707624958098197,-0.0288691990345864,37648.59140625,45558.658046875,0.6755022586450974,8.011304012421583,-0.04591810185054079,2427.4749072265627,2287.1675885009768,0.8122996817699626
2021-08-18,44801.1875,3020.08984375,32194123075,21539248425,10.709989924748209,0.002364966650011624,37827.259609375,45611.3163671875,0.6587712112871449,8.013041859512498,0.0017378470909150678,2444.661337890625,2295.3874603271483,0.787144376656676
2021-08-19,46717.578125,3182.7021484375,37204312299,19546290360,10.751875778080558,0.0418858533323494,38060.794453125,45679.3324609375,0.6450445001833847,8.06548584716924,0.05244398765674241,2462.8244287109374,2304.7260400390624,0.7870101126879413
2021-08-20,49339.17578125,3286.935302734375,34706867452,20885619828,10.806473685064411,0.054597906983852695,38376.135625,45758.3424609375,0.6254455118712741,8.097710890700318,0.0322250435310778,2486.291025390625,2314.315513916016,0.7213764396768502
2021-08-21,48905.4921875,3226.083984375,40585205312,18113977628,10.797644983828944,-0.008828701235467307,38676.30453125,45825.3184765625,0.6300928684791204,8.07902429194052,-0.018686598759797945,2507.8118994140623,2322.869965209961,0.7318588054858175
2021-08-22,49321.65234375,3242.115478515625,25370975378,15983278460,10.806118459226209,0.008473475397265062,38969.366640625,45884.5662890625,0.6239592103097453,8.083981321191064,0.004957029250544309,2528.131923828125,2330.775994873047,0.7231660870391843
2021-08-23,49546.1484375,3319.25732421875,34305053719,20511110509,10.81065980590949,0.004541346683280878,39254.533984375,45947.66669921875,0.6238912404487356,8.107496339362038,0.02351501817097379,2548.082587890625,2339.398468017578,0.7217563428696347
2021-08-24,47706.1171875,3172.456298828125,35361168834,20131028906,10.77281491157854,-0.037844894330950396,39533.73625,45995.4757421875,0.6440214648135899,8.062261424498592,-0.04523491486344611,2567.5600634765624,2346.6674951171876,0.7496121145622882
2021-08-25,48960.7890625,3224.915283203125,32646349931,18902728235,10.798775033528969,0.025960121950429738,39828.248125,46043.94962890625,0.6264775635420929,8.078661960110617,0.016400535612024925,2585.5647802734375,2354.4028375244143,0.7493780015129589
2021-08-26,46942.21875,3100.325439453125,32666549568,17405668117,10.756672736076593,-0.04210229745237548,40089.9859375,46084.143515625,0.6293902421370666,8.039262365431924,-0.03939959467869336,2601.2680517578124,2361.833325805664,0.7679831681821849
2021-08-27,49058.66796875,3270.600830078125,34511076995,18489602004,10.800772166378861,0.044099430302267706,40413.611875,46098.45453125,0.6427934391520969,8.09272898709821,0.053466621666286684,2624.279541015625,2369.453245849609,0.7816086123397967
2021-08-28,48902.40234375,3244.4033203125,28568103401,13709633698,10.797581801940288,-0.0031903644385735674,40715.6996875,46110.561015625,0.6433548747044584,8.084686735593674,-0.008042251504535969,2646.233759765625,2376.8350872802735,0.7794897004321129
2021-08-29,48829.83203125,3227.002685546875,25889650240,13296586731,10.79609671718188,-0.0014850847584071403,41021.8859375,46130.1192578125,0.6205419817514769,8.079309024263228,-0.005377711330446289,2668.5457421875,2384.2488836669922,0.7759051847601786
2021-08-30,47054.984375,3224.374267578125,31847007016,19306924485,10.759072077234604,-0.03702463994727623,41278.181875,46125.84751953125,0.6341872540150228,8.078494184847308,-0.0008148394159199768,2690.239931640625,2391.4517651367187,0.773610186557545
2021-08-31,47166.6875,3433.732666015625,34730363427,27280502987,10.761443149093335,0.0023710718587306445,41558.398671875,46124.15669921875,0.6135668741726139,8.141403189276065,0.06290900442875724,2718.1801635742186,2399.4027655029295,0.7969892777516243
2021-09-01,48847.02734375,3834.828125,39139399125,30070890104,10.796448802881352,0.035005653788017455,41881.2987109375,46132.8642578125,0.615038099179902,8.25187989532636,0.11047670605029403,2756.075046386719,2409.5063568115233,0.8708151274415674
2021-09-02,49327.72265625,3790.989990234375,39508070319,24387397330,10.806241527669524,0.009792724788171725,42211.4062109375,46135.91642578125,0.6023577801261206,8.240382475110415,-0.011497420215944132,2792.0082202148437,2419.435886230469,0.8528142292623562
2021-09-03,50025.375,3940.61474609375,43206179619,26207765094,10.820285655675711,0.014044128006187151,42576.2991015625,46146.3180078125,0.591365336887128,8.279092017048391,0.038709541937976155,2832.597001953125,2430.2400048828126,0.8187008072736277
2021-09-04,49944.625,3887.828369140625,37471327794,20806963328,10.818670170678978,-0.001615484996733585,42946.7608203125,46150.04177734375,0.5876322847047464,8.265606020866414,-0.0134859961819771,2872.7459106445312,2440.773809204102,0.8184679382586257
2021-09-05,51753.41015625,3952.133544921875,30322676319,18371468576,10.85424560569565,0.03557543501667304,43351.16765625,46148.0637890625,0.5794617597358055,8.282010850028074,0.016404829161659862,2913.8120776367186,2451.2921856689454,0.8176759038241577
2021-09-06,52633.53515625,3928.37939453125,38884105426,18674691198,10.871108746075873,0.016863140380221964,43767.9021484375,46152.83248046875,0.5681807774324675,8.27598225201257,-0.006028598015504372,2954.468623046875,2461.2468365478517,0.7696158916128939
2021-09-07,46811.12890625,3426.394287109375,65210059683,39131346397,10.753876250778573,-0.11723249529729962,44087.7680859375,46107.4474609375,0.7084447685904925,8.13926375898404,-0.13671849302853012,2986.650576171875,2468.577984008789,0.9019197360193486
2021-09-08,46091.390625,3497.315185546875,49007762488,31738430771,10.738381457205582,-0.015494793572990773,44413.4489453125,46057.40681640625,0.6825825571856199,8.159750863269796,0.020487104285756175,3020.8466650390624,2476.4668896484377,0.8889515347071673
2021-09-09,46391.421875,3427.340087890625,38672657013,24118055831,10.744869847739535,0.006488390533952781,44699.063515625,46001.66419921875,0.6802265792436547,8.139539754736283,-0.0202111085335126,3049.574050292969,2483.925584716797,0.8918745181981108
2021-09-10,44883.91015625,3211.505859375,39154666597,22355974097,10.71183466109507,-0.03303518664446514,44950.479609375,45955.0471484375,0.6902674200248109,8.07449522119408,-0.06504453354220274,3073.3001123046874,2491.0731494140623,0.9225674650163492
2021-09-11,45201.45703125,3270.278076171875,34499835245,18627122934,10.718884600505426,0.007049939410356032,45182.877734375,45936.9323046875,0.6845695520019992,8.092630298860394,0.018135077666313393,3096.2101416015626,2499.5735198974608,0.9132986200596286
2021-09-12,46063.26953125,3410.134521484375,27881980161,16810411424,10.737771155033665,0.01888655452823862,45418.29421875,45918.7219921875,0.6368596690557696,8.13450701861512,0.0418767197547254,3120.62845703125,2508.491314086914,0.8725670183802927
2021-09-13,44963.07421875,3285.51171875,40969943253,22721552948,10.713596858981546,-0.024174296052118294,45610.551953125,45908.06810546875,0.6402362223248514,8.097277693140267,-0.03722932547485236,3142.5112158203124,2517.540354003906,0.8805394509405985
2021-09-14,47092.4921875,3429.169677734375,38652152880,19125420848,10.759868865759456,0.04627200677790988,45805.65109375,45911.8317578125,0.6616178075168407,8.140073434392468,0.04279574125220087,3166.427275390625,2527.4560339355467,0.8919262543687742
2021-09-15,48176.34765625,3615.28271484375,30484496466,17548551804,10.782623467073964,0.02275460131450835,45981.03921875,45921.77123046875,0.661091985927877,8.192925337577464,0.05285190318499566,3192.766259765625,2538.232581787109,0.8915865033333701
2021-09-16,47783.359375,3571.294921875,31764293754,20093903064,10.774432727638025,-0.008190739435939065,46136.78828125,45934.9991796875,0.6530065006183725,8.180683532219808,-0.012241805357655622,3218.26125,2549.0088116455076,0.8751940576378933
2021-09-17,47267.51953125,3398.538818359375,28727713711,17722363229,10.763578647928748,-0.010854079709277542,46281.970234375,45923.18056640625,0.6545972793095582,8.131100858925189,-0.049582673294619184,3238.612890625,2558.177967529297,0.896134992821057
2021-09-18,48278.36328125,3432.018310546875,28575630451,15995220233,10.784738774082772,0.021160126154024184,46402.8265625,45922.67744140625,0.6424976678915968,8.140903795834552,0.00980293690936307,3257.9140283203124,2567.875015258789,0.8792678274937069
2021-09-19,47260.21875,3329.447998046875,26967722648,14257609743,10.763424179380207,-0.021314594702564804,46515.50703125,45906.28732421875,0.6169913078519424,8.11056180288144,-0.030341992953111685,3273.7787890625,2576.6429895019533,0.8797420350946519
2021-09-20,42843.80078125,2958.993408203125,43909845642,27371684581,10.66531624101025,-0.09810793836995657,46572.88515625,45877.70048828125,0.7030452133933862,7.99260442468672,-0.11795737819472052,3281.7216162109376,2583.7283850097656,0.970366345120504
2021-09-21,40693.67578125,2764.43115234375,48701090088,30405062665,10.613827973146925,-0.05148826786332528,46602.719765625,45836.53234375,0.7201174942040968,7.924590161269555,-0.06801426341716432,3284.8071728515624,2589.884165649414,0.9959915946621758
2021-09-22,43574.5078125,3077.867919921875,38139709246,23742102645,10.682227575143708,0.06839960199678252,46711.1503125,45809.84296875,0.7653670917885892,8.031992402471582,0.1074022412020268,3296.3175390625,2596.9997973632812,1.0670011646364737
2021-09-23,44895.09765625,3155.523681640625,34244064430,18516291047,10.712083884166931,0.02985630902322356,46814.1021875,45778.285,0.764429575861692,8.05690974587353,0.02491734340194718,3304.935615234375,2604.1616467285157,1.0596847580254385
2021-09-24,42839.75,2931.669189453125,42839345714,25595422789,10.665221688877057,-0.04686219528987401,46853.50609375,45731.2511328125,0.7730295969714125,7.983327229032954,-0.07358251684057482,3307.022421875,2609.646353149414,1.088067969981689
2021-09-25,42716.59375,2925.565673828125,31604717236,18932786754,10.662342736138648,-0.002878952738409879,46851.50796875,45670.713515625,0.7609985015023641,7.981243133729739,-0.002084095303215072,3307.71490234375,2614.93393737793,1.0801895496651586
2021-09-26,43208.5390625,3062.265380859375,30661222077,21172766310,10.673793418183145,0.011450682044497285,46824.562734375,45606.71345703125,0.7438148169970806,8.026910241586629,0.045667107856889544,3305.8154345703124,2621.2494329833985,1.0754871679727736
2021-09-27,42235.73046875,2934.138916015625,30980029059,19164053681,10.651021835353575,-0.022771582829570036,46793.315,45528.86650390625,0.7466001194470983,7.984169304554019,-0.04274093703260995,3304.2235595703123,2626.789152832031,1.0846333436409492
2021-09-28,41034.54296875,2807.296630859375,30214940550,16895079070,10.622169502405834,-0.028852332947741033,46686.6978125,45447.37876953125,0.7511203178655937,7.939977246182754,-0.04419205837126494,3297.0123681640625,2631.9651239013674,1.093956047615817
2021-09-29,41564.36328125,2853.143310546875,30602359905,15763456158,10.634998427220406,0.012828924814572318,46606.284453125,45348.98515625,0.745139297095003,7.95617658147906,0.016199335296305684,3291.2414111328126,2636.607413330078,1.096312919708002
2021-09-30,43790.89453125,3001.678955078125,31141681925,17661065099,10.68718118733857,0.05218276011816414,46570.229609375,45271.428046875,0.7704410309798062,8.006927062796352,0.05075048131729254,3287.990087890625,2642.3429864501954,1.0877494381520896
2021-10-01,48116.94140625,3307.51611328125,42850641582,22307625573,10.78138960626985,0.09420841893127907,46644.00265625,45232.4767578125,0.831913627778843,8.103952767717606,0.09702570492125417,3293.2721240234373,2649.9220556640626,1.0707360174342053
2021-10-02,47711.48828125,3391.6943359375,30614346492,19202671704,10.772927492348709,-0.008462113921140713,46642.366015625,45187.0096875,0.8315071201709191,8.12908487962538,0.02513211190777298,3294.66177734375,2657.845668334961,1.0755209111643187
2021-10-03,48199.953125,3418.358642578125,26638115879,15516566862,10.783113327527845,0.010185835179136404,46664.426171875,45133.65498046875,0.8307306158750469,8.13691578578311,0.00783090615773041,3297.7200830078127,2665.82021484375,1.0655392119940317
2021-10-04,49112.90234375,3380.089111328125,33383173002,17747154101,10.801877056121272,0.01876372859342723,46705.744140625,45089.9248828125,0.8336505432749848,8.125657352427794,-0.011258433355315844,3299.1117822265624,2673.8063848876955,1.065337375623948
2021-10-05,51514.8125,3518.5185546875,35873904236,16632591670,10.849624666655957,0.047747610534685236,46815.950703125,45055.76568359375,0.841336912897983,8.165795314857954,0.0401379624301601,3306.351962890625,2682.3108569335936,1.0744227549380396
2021-10-06,55361.44921875,3580.56201171875,49034730168,21855226591,10.921638768033269,0.07201410137731123,47029.2725,45041.00470703125,0.8766292990866899,8.18327505358727,0.01747973872931574,3317.6662841796874,2691.150493774414,1.0769554167526172
2021-10-07,53805.984375,3587.974853515625,36807860413,19090322927,10.893139973699922,-0.028498794333346567,47209.3684375,45022.41751953125,0.7737297233484054,8.185343214657925,0.0020681610706549947,3329.023984375,2700.149282836914,0.962985500858713
2021-10-08,53967.84765625,3563.75927734375,34800873924,16222029488,10.89614373444409,0.0030037607441677494,47354.373828125,45019.61103515625,0.7703533307837835,8.178571243476737,-0.006771971181187553,3336.645126953125,2709.511409301758,0.9609254835348231
2021-10-09,54968.22265625,3575.716796875,32491211414,12707036942,10.914510527354906,0.018366792910816443,47466.954765625,45020.757421875,0.7717049969323926,8.18192093765252,0.0033496941757835685,3342.4207568359375,2718.996742553711,0.9580045524634605
2021-10-10,54771.578125,3425.852783203125,39527792364,16171746693,10.91092669103803,-0.003583836316876088,47584.276484375,45030.743984375,0.7598674640547581,8.13910570750054,-0.04281523015198019,3346.4161328125,2728.1589392089845,0.9415931300422085
2021-10-11,57484.7890625,3545.35400390625,42637331698,18579189588,10.959275653745603,0.04834896270757305,47747.53921875,45059.64712890625,0.7736795563898857,8.173393294038725,0.0342875865381842,3352.4809033203123,2737.9089129638674,0.9467153459937256
2021-10-12,56041.05859375,3492.5732421875,41083758949,18109578443,10.933839890239518,-0.025435763506084896,47877.437421875,45064.165859375,0.7812486794357384,8.158394062188961,-0.014999231849763817,3355.9472216796876,2746.8575689697263,0.9378308816755232
2021-10-13,57401.09765625,3606.20166015625,41684252783,16211275589,10.957818705056,0.02397881481648234,48071.33703125,45071.3037890625,0.7754587035043924,8.19041032570383,0.03201626351486908,3364.62212890625,2756.3061041259766,0.9335865247939661
2021-10-14,57321.5234375,3786.01416015625,36615791366,19443499909,10.956431459354103,-0.0013872457018972995,48238.55171875,45078.15767578125,0.7636920750959,8.239069071898632,0.048658746194801594,3375.8441064453127,2766.7793951416015,0.9369417852673301
2021-10-15,61593.94921875,3862.634765625,51780081801,20966841512,11.028318917728683,0.07188745837457944,48531.586328125,45097.37642578125,0.7953838868809168,8.259104811374032,0.02003573947540005,3391.09029296875,2776.9941442871095,0.9219702450037179
2021-10-16,60892.1796875,3830.382080078125,34250964237,16578095629,11.016860033096094,-0.011458884632588706,48768.2565625,45107.2488671875,0.7963121626734468,8.250719837010534,-0.008384974363497832,3402.28591796875,2786.915886230469,0.9213074619000511
2021-10-17,61553.6171875,3847.1044921875,29032367511,15908090346,11.027663898163635,0.010803865067540386,49021.280859375,45120.42279296875,0.7934084743863615,8.255076064376526,0.004356227365992282,3414.33994140625,2796.559598388672,0.902060663144516
2021-10-18,62026.078125,3748.76025390625,38055562075,17386204158,11.035310190512925,0.0076462923492908175,49285.20578125,45135.074140625,0.7921586202423306,8.229180465346241,-0.025895599030285155,3424.7750927734373,2805.4170153808595,0.9078121561551763
2021-10-19,64261.9921875,3877.65087890625,40471196346,15998757133,11.070723634173424,0.0354134436604987,49629.3459375,45159.4625390625,0.7901294655255113,8.26298480568148,0.03380434033523905,3437.840625,2814.089141845703,0.9057817433151312
2021-10-20,65992.8359375,4155.9921875,40788955582,20338319988,11.097301468715461,0.026577834542036882,50005.86890625,45201.407265625,0.6880249888193044,8.332306472405032,0.06932166672355144,3452.2858154296873,2824.726990356445,0.816782059088778
2021-10-21,62210.171875,4054.32275390625,45908121370,28220661820,11.038273800324731,-0.059027668390729815,50273.131796875,45218.6653515625,0.6975489052724563,8.307538937534668,-0.02476753487036376,3456.6757080078123,2834.5329901123046,0.7768648982290258
2021-10-22,60692.265625,3970.181884765625,38434082775,19432937968,11.013571549242027,-0.024702251082704407,50500.42265625,45226.83728515625,0.6818292192028964,8.286567187434194,-0.020971750100473585,3460.2595458984374,2843.8444635009764,0.7058367425438388
2021-10-23,61393.6171875,4171.66357421875,26882546034,14781537792,11.025061154130603,0.011489604888575755,50727.7875,45242.84357421875,0.6784527476779035,8.336070173899548,0.049502986465354226,3464.8805224609373,2854.1108868408205,0.7181426269470471
2021-10-24,60930.8359375,4087.903076171875,27316183882,14978083638,11.017494662785715,-0.007566491344887183,50947.51171875,45267.25306640625,0.649931673166762,8.315787422251166,-0.020282751648382558,3468.8820166015626,2864.6950158691407,0.6626336766502376
2021-10-25,63039.82421875,4217.876953125,31064911614,15995727040,11.05152193611972,0.03402727333400435,51173.24,45290.832421875,0.652226558794515,8.347087188760439,0.031299766509272686,3474.196884765625,2875.3415319824217,0.6645139262956717
2021-10-26,60363.79296875,4131.10205078125,34878965587,17157714562,11.008144750018657,-0.043377186101063,51327.84515625,45301.4263671875,0.681229896069617,8.326299490742384,-0.020787698018054357,3478.251337890625,2885.6364978027345,0.6628093893993671
2021-10-27,58482.38671875,3930.25732421875,43657076893,26219530404,10.976480906154974,-0.03166384386368293,51561.2703125,45294.87212890625,0.6874795302289037,8.276460179620234,-0.049839311122150676,3488.3285986328124,2894.6080737304687,0.6703354456488564
2021-10-28,60622.13671875,4287.31884765625,45257083247,25958154575,11.012415397742998,0.03593449158802464,51851.885234375,45296.95798828125,0.6774582598424981,8.363416839306074,0.08695665968584088,3504.128671875,2905.2563830566405,0.6932233386985597
2021-10-29,62227.96484375,4414.74658203125,36856881767,22967641914,11.038559773248153,0.02614437550515447,52168.61609375,45308.630546875,0.6790042489605067,8.392705712077237,0.0292888727711631,3523.8768017578127,2916.633349609375,0.6952194460012979
2021-10-30,61888.83203125,4325.650390625,32157938616,14615490626,11.033095022867663,-0.005464750380490102,52508.71453125,45300.557421875,0.6672902532660089,8.372317787395401,-0.020387924681836367,3546.1596923828124,2926.7656628417967,0.6928767675293415
2021-10-31,61318.95703125,4288.07421875,32241199927,17498160238,11.023844324218304,-0.009250698649358569,52831.06453125,45291.60373046875,0.6001551550551417,8.363593011077993,-0.008724776317407645,3566.515615234375,2936.030509033203,0.6247242532408888
2021-11-01,61004.40625,4324.626953125,36150572843,17985288261,11.018701374153284,-0.005142950065019747,53129.887265625,45280.055703125,0.5991143295381842,8.372081162033206,0.008488150955212603,3584.8054638671874,2945.0580627441404,0.6218900948760229
2021-11-02,63226.40234375,4584.798828125,37746665647,20794448222,11.054477251501758,0.03577587734847398,53495.153828125,45288.32376953125,0.6067861086952393,8.43050150763747,0.058420345604263346,3610.7912060546873,2955.82232421875,0.6461755282350253
2021-11-03,62970.046875,4607.19384765625,36124731509,21220463155,11.050414445884607,-0.004062805617151,53812.704921875,45299.75490234375,0.6074082043852957,8.435374240815692,0.004872733178222788,3634.351689453125,2967.133818359375,0.6419995080468464
2021-11-04,61452.23046875,4537.32421875,32615846901,18415244464,11.026015411629999,-0.024399034254608765,54078.222578125,45325.93513671875,0.6005038672861599,8.420092738153285,-0.015281502662407576,3652.79251953125,2978.634754638672,0.6387011774696074
2021-11-05,61125.67578125,4486.2431640625,30605102446,15086003586,11.020687282442031,-0.005328129187967434,54345.06890625,45352.9421875,0.5519304750297056,8.408770918707521,-0.011321819445763381,3671.091484375,2990.2350268554687,0.6414861447502369
2021-11-06,61527.48046875,4521.5810546875,29094934221,14429076700,11.027239190882979,0.006551908440947329,54630.268125,45378.21443359375,0.5399229415127672,8.416617002523783,0.007846083816261284,3693.5523291015625,3001.191877441406,0.6411850098346565
2021-11-07,63326.98828125,4620.5546875,24726754302,13541376033,11.056066872422763,0.028827681539784322,54931.240625,45425.31892578125,0.5465137827423411,8.43827003909833,0.021653036574546647,3717.323056640625,3012.4708923339845,0.640770669256625
2021-11-08,67566.828125,4812.08740234375,41125608330,19290896267,11.12087243338432,0.06480556096155787,55337.3728125,45504.34169921875,0.5832274396309393,8.478886240342698,0.04061620124436871,3746.9758447265626,3024.5136535644533,0.6500043518167042
2021-11-09,66971.828125,4735.06884765625,42357991721,20834172627,11.11202733420212,-0.00884509918220111,55819.933359375,45583.732578125,0.5847022139720799,8.462751545674186,-0.01613469466851214,3782.497353515625,3036.3710668945314,0.6290969945295951
2021-11-10,64995.23046875,4636.17431640625,48730828378,22748160545,11.082069168781675,-0.02995816542044416,56305.964453125,45658.45439453125,0.5782661930815729,8.441644804358074,-0.02110674131611212,3819.932216796875,3048.493809814453,0.6327156287772251
2021-11-11,64949.9609375,4730.38427734375,35880633236,17933201129,11.081372420674393,-0.0006967481072823745,56733.473515625,45738.1829296875,0.5687259296213139,8.461761720753369,0.020116916395295448,3852.9825439453125,3060.5654333496095,0.6278292115543519
2021-11-12,64155.94140625,4667.115234375,36084893887,18316060208,11.069071983155679,-0.012300437518714347,57118.690390625,45788.8538671875,0.5674993396287312,8.448296436961682,-0.0134652837916871,3883.214375,3071.2286010742187,0.6279010004297453
2021-11-13,64469.52734375,4651.46044921875,30474228777,14457436261,11.073947946863955,0.004875963708276032,57551.2859375,45836.03591796875,0.5672119403074914,8.444936524370949,-0.003359912590733316,3917.6102001953127,3081.1715771484373,0.6121459330395148
2021-11-14,65466.83984375,4626.35888671875,25122092191,12172962219,11.089299031502025,0.015351084638069779,58006.290859375,45889.2466015625,0.5136984770754985,8.439525420136432,-0.005411104234516628,3951.626064453125,3090.5714709472654,0.6116883829473329
2021-11-15,63557.87109375,4557.50390625,30558763548,16275851299,11.059706125655309,-0.029592905846715922,58413.2775,45939.26041015625,0.5234936780187608,8.424530363656126,-0.014995056480305635,3981.5308349609377,3099.574605712891,0.6140766660416537
2021-11-16,60161.24609375,4216.365234375,46844335592,27417502801,11.004783671403725,-0.054922454251583375,58771.7878125,45951.31576171875,0.5577571792929741,8.346728717013344,-0.07780164664278288,4007.175361328125,3106.7903967285156,0.6798433310210877
2021-11-17,60368.01171875,4287.59375,39178392930,22183461850,11.008214636325958,0.0034309649222326044,59158.4571875,45964.01556640625,0.5571507742206228,8.363480957124352,0.01675224011100873,4036.7813037109377,3113.4989013671875,0.6732281704584208
2021-11-18,56942.13671875,4000.65087890625,41388338699,21383250893,10.94979088592265,-0.058423750403308716,59466.01265625,45965.570859375,0.5759911100645737,8.294212346591172,-0.06926861053318056,4059.731455078125,3118.741875,0.7116191734723659
2021-11-19,58119.578125,4298.306640625,38702407772,20626269711,10.970257858968955,0.020466973046305625,59752.586328125,45970.16728515625,0.5722863549050763,8.365976419614482,0.07176407302331,4085.6640087890623,3123.0779772949218,0.7146134710894765
2021-11-20,59697.1953125,4409.93115234375,30624264863,15448261277,10.997040318586995,0.026782459618040377,59984.19140625,46001.98556640625,0.5465749554286975,8.391614356605592,0.025637936991110166,4107.712309570313,3128.8594860839844,0.713256358062957
2021-11-21,58730.4765625,4269.73291015625,26123447605,14094831413,10.980714062948142,-0.016326255638853482,60204.571171875,46008.51791015625,0.5428436559629819,8.359306553951622,-0.032307802653969375,4125.273081054687,3132.5942346191405,0.7190843116950087
2021-11-22,56289.2890625,4088.457763671875,35036121783,19752218877,10.938259548470693,-0.04245451447744841,60366.357890625,46007.98177734375,0.5594594045435931,8.31592310302938,-0.04338345092224216,4138.675063476562,3135.582121582031,0.7155260112921674
2021-11-23,57569.07421875,4340.763671875,37485803899,22133497059,10.960740796573905,0.022481248103211726,60535.481328125,46009.04513671875,0.5660786937439252,8.375805572876605,0.05988246984722423,4157.8885546875,3139.862294921875,0.7420186487697993
2021-11-24,56280.42578125,4239.9814453125,36635566789,21838037128,10.938102076609267,-0.022638719964637843,60630.79359375,45996.42837890625,0.5552269854487644,8.352314172110885,-0.023491400765719206,4172.3178125,3141.548963623047,0.7393961868980455
2021-11-25,57274.6796875,4274.7431640625,34284016248,18705358318,10.955613914770048,0.017511838160780613,60669.058203125,45991.6401953125,0.5410120750742251,8.3604793009842,0.008165128873313776,4186.201435546875,3143.278455810547,0.735954012452117
2021-11-26,53569.765625,4030.908935546875,41810748221,26281795488,10.888740113748765,-0.06687380102128238,60664.333828125,45980.1900390625,0.5781780844629671,8.301747171829208,-0.0587321291549916,4195.0601171875,3143.6715307617187,0.7443132619342511
2021-11-27,54815.078125,4096.912109375,30560857714,16515693874,10.911720583356187,0.02298046960742184,60681.2784375,45970.74255859375,0.5689114051634802,8.317988824882056,0.016241653052848193,4205.723173828125,3143.3125854492187,0.6793781831348664
2021-11-28,57248.45703125,4294.45361328125,28116886357,15953126340,10.955155969634076,0.043435386277888455,60726.883125,46011.23216796875,0.58321369144534,8.365079611723155,0.047090786841099685,4220.09791015625,3145.8556103515625,0.6922527332310782
2021-11-29,57806.56640625,4445.10498046875,32370840356,19086475837,10.9648576538523,0.009701684218224926,60787.582890625,46051.68404296875,0.5847323073916166,8.399558765322375,0.034479153599219714,4240.482954101562,3149.505393066406,0.6992522214284959
2021-11-30,57005.42578125,4631.47900390625,36708594618,28626354111,10.950901731431225,-0.013955922421075684,60777.995625,46087.30849609375,0.5856684174353007,8.440631535359019,0.041072770036644,4262.205454101562,3152.2675012207033,0.7120741214866215
2021-12-01,57229.828125,4586.990234375,36858195307,27634826695,10.954830512166067,0.003928780734842263,60801.771015625,46139.65669921875,0.5859945127058488,8.43097936561627,-0.00965216974274874,4284.093793945312,3157.011842041016,0.7129865917549739
2021-12-02,56477.81640625,4511.30224609375,32379968686,21502671027,10.941603210057325,-0.013227302108742123,60783.305390625,46189.76548828125,0.570831631855291,8.414341137179767,-0.016638228436503866,4302.195805664062,3161.630822753906,0.6857288222243596
2021-12-03,53598.24609375,4220.7060546875,39789134215,25879591528,10.889271624391982,-0.05233158566534257,60708.83984375,46240.06916015625,0.59544982042797,8.347757704572366,-0.06658343260740018,4310.889643554688,3166.322364501953,0.7229198991052659
2021-12-04,49200.703125,4119.58740234375,61385677469,38478999182,10.803663193536819,-0.08560843085516368,60460.974921875,46271.5256640625,0.6553331339165477,8.323508292266524,-0.0242494123058421,4316.028696289062,3170.019951171875,0.7255219328545125
2021-12-05,49368.84765625,4198.32275390625,37198201161,25533062707,10.807074890009266,0.003411696472447545,60230.50828125,46333.3576953125,0.6563910888605776,8.34244038020425,0.01893208793772594,4323.387509765625,3178.7081689453125,0.7289360492876134
2021-12-06,50582.625,4358.7373046875,37707308001,28229518513,10.831363416860695,0.02428852685142857,60011.0884375,46382.35712890625,0.6639134534063668,8.379937685381663,0.03749730517741234,4333.620166015625,3186.5803845214846,0.7413171953093786
2021-12-07,50700.0859375,4315.0615234375,33676814852,22366213354,10.833682884597561,0.0023194677368660876,59784.56859375,46449.3341015625,0.6524857307529189,8.369866861454701,-0.010070823926961125,4344.94619140625,3196.0025854492187,0.737243524153589
2021-12-08,50504.796875,4439.35791015625,28479699446,18704315119,10.829823598376175,-0.0038592862213864265,59509.4246875,46514.174921875,0.5985609662318035,8.398265030138864,0.028398168684162783,4356.18033203125,3206.7208471679687,0.7294869308789137
2021-12-09,47672.12109375,4119.81591796875,29603577251,22296131874,10.772102042567699,-0.0577215558084756,59143.010390625,46578.6826171875,0.6215194749137485,8.323563761240715,-0.07470126889814921,4355.456806640625,3216.7720275878905,0.7705246618757657
2021-12-10,47243.3046875,3908.49609375,30966005122,28014595631,10.763066223146083,-0.009035819421615798,58843.673046875,46621.36923828125,0.617901265106867,8.270907948235553,-0.052655813005161534,4352.5402734375,3223.096552734375,0.7866993876283692
2021-12-11,49362.5078125,4084.452392578125,25775869261,19131502454,10.806946463862808,0.04388024071672447,58617.077890625,46676.1706640625,0.6458548669403188,8.314942945083718,0.04403499684816481,4354.82568359375,3229.9856701660156,0.8008711676085087
2021-12-12,50098.3359375,4134.453125,21939223599,14057603914,10.821743071700972,0.014796607838164277,58391.172265625,46730.19134765625,0.651084704006691,8.327110343572253,0.012167398488534431,4354.081474609375,3236.214442138672,0.8024076359882997
2021-12-13,46737.48046875,3784.226806640625,32166727776,23999841386,10.752301701392797,-0.06944137030817465,58107.30515625,46771.69390625,0.6830548383077707,8.238596866705514,-0.08851347686673883,4348.00794921875,3241.453133544922,0.8547650566930023
2021-12-14,46612.6328125,3745.4404296875,34638619079,23836759957,10.749626873772371,-0.0026748276204262567,57778.761328125,46826.26904296875,0.6772641039946391,8.22829449375939,-0.010302372946123128,4338.55921875,3248.0808044433593,0.8548296751296093
2021-12-15,48896.72265625,4018.388671875,36541828520,26411188833,10.797465651872352,0.04783877809998138,57549.419921875,46897.67232421875,0.7042883820937336,8.298636273368304,0.07034177960891341,4336.304951171875,3256.775177001953,0.8956839263100198
2021-12-16,47665.42578125,3962.4697265625,27268150947,19825531254,10.771961587673893,-0.02550406419845963,57333.080703125,46957.60880859375,0.6872794806797724,8.284622778172125,-0.014013495196179448,4336.94919921875,3264.6359985351564,0.8564852764460094
2021-12-17,46202.14453125,3879.486572265625,32902725329,23143541098,10.740781494417853,-0.03118009325604021,57044.680859375,47001.95525390625,0.6907800966606056,8.263458097125701,-0.02116468104642344,4328.792553710938,3270.4587048339845,0.8562089037463777
2021-12-18,46848.77734375,3960.860107421875,26098292690,19530895889,10.754680190074161,0.013898695656308746,56737.097109375,47052.77451171875,0.6713286209885919,8.28421647950818,0.020758382382478402,4319.71482421875,3277.0954138183592,0.8260037701131726
2021-12-19,46707.015625,3922.592529296875,25154053861,16167785597,10.751649659890026,-0.0030305301841355714,56433.46078125,47098.43369140625,0.6644146930337181,8.274508073697191,-0.009708405810988197,4311.653666992188,3283.177751464844,0.7843343493071151
2021-12-20,46880.27734375,3933.844482421875,30961902129,21589690675,10.755352340269017,0.003702680378991019,56144.6871875,47136.79125,0.6543197622374902,8.27737246650057,0.002864392803378024,4304.569072265625,3288.5713415527343,0.7778465367761488
2021-12-21,48936.61328125,4020.260009765625,27055803928,16388555198,10.798281133156484,0.04292879288746754,55903.331328125,47197.00228515625,0.6771395857498828,8.299101858567642,0.021729392067072695,4298.481733398437,3295.2316662597655,0.7757612073158331
2021-12-22,48628.51171875,3982.099609375,24447979559,13921756199,10.791965298749995,-0.006315834406489529,55611.373515625,47262.38505859375,0.6643183865810112,8.289564499222124,-0.009537359345518581,4286.427749023437,3301.989279785156,0.7618993956584399
2021-12-23,50784.5390625,4108.015625,28223878108,18007273742,10.835347238079581,0.04338193932958667,55367.663359375,47336.995859375,0.6789898824234079,8.320695374595257,0.031130875373133193,4276.444184570312,3308.953894042969,0.7393055230485779
2021-12-24,50822.1953125,4047.98291015625,24367912228,12769090623,10.836088453747138,0.0007412156675563608,55155.06265625,47423.30330078125,0.6758803109025309,8.305973989159044,-0.014721385436212486,4266.657358398437,3316.2424926757812,0.7367007235546925
2021-12-25,50429.859375,4093.281005859375,19030650914,10894785525,10.828338726548145,-0.007749727198993028,54941.146328125,47508.08943359375,0.671773994313483,8.31710212936647,0.011128140207425474,4258.798115234375,3324.1217041015625,0.7372645313965348
2021-12-26,50809.515625,4067.328125,20964372926,11197244172,10.83583893147798,0.007500204929835164,54726.78703125,47575.41140625,0.6335009812055495,8.310741582515085,-0.006360546851384541,4249.713056640625,3331.417009277344,0.708101678034563
2021-12-27,50640.41796875,4037.547607421875,24324345758,11424360002,10.832505310511287,-0.003333620966692763,54473.055625,47645.1005078125,0.6271826061127633,8.303392758773315,-0.007348823741770261,4238.052915039062,3339.247154541016,0.7061955359089291
2021-12-28,47588.85546875,3800.89306640625,33430376883,17299472803,10.77035388399931,-0.0621514265119778,54073.496171875,47696.37279296875,0.6376010115269061,8.242991335577525,-0.060401423195790116,4217.829028320312,3346.482775878906,0.7145321928967121
2021-12-29,46444.7109375,3628.53173828125,30049226299,15722555672,10.746017872042968,-0.024336011956341608,53662.953828125,47750.83376953125,0.6379971759402353,8.196583365622544,-0.046407969954980643,4195.698286132812,3352.7630126953127,0.7153106762354023
2021-12-30,47178.125,3713.85205078125,26686491018,12925377999,10.761685610756102,0.015667738713133872,53306.61171875,47791.23509765625,0.6424562979377761,8.21982490557295,0.023241539950406676,4177.251840820312,3358.7903149414065,0.7028977035651467
2021-12-31,46306.4453125,3682.6328125,36974172400,14157285268,10.743036437999235,-0.018649172756866506,52933.74140625,47821.67494140625,0.6427555424885267,8.211383213538431,-0.008441692034519832,4156.296811523437,3364.5140234375,0.7028607058325763
2022-01-01,47686.8125,3769.697021484375,24582667004,9776191466,10.772410171147005,0.0293737331477697,52604.358828125,47858.07765625,0.6546766327744162,8.234749911558552,0.023366698020121035,4138.348447265625,3370.307824707031,0.7100006035514398
2022-01-02,47345.21875,3829.56494140625,27951569547,9881471548,10.765221116746984,-0.007189054400020822,52261.87265625,47903.0684375,0.632722079486056,8.250506483400468,0.0157565718419157,4121.910537109375,3377.6173315429687,0.6789624670083525
2022-01-03,46458.1171875,3761.38037109375,33071628362,12080777893,10.74630648005122,-0.01891463669576332,51881.698203125,47945.09150390625,0.5636259266334641,8.232541288983635,-0.017965194416833086,4104.610966796875,3384.5642236328126,0.6768658093073054
2022-01-04,45897.57421875,3794.056640625,42494677905,14030925983,10.73416754538736,-0.012138934663861178,51528.492265625,47995.64314453125,0.5643867935143063,8.24119107938326,0.00864979039962499,4089.342021484375,3392.375841064453,0.6736086561968812
2022-01-05,43569.00390625,3550.386962890625,36851084859,18061338502,10.682101256932546,-0.05206628845481376,51196.647421875,48035.40880859375,0.5814726204830035,8.17481188016016,-0.06637919922309976,4076.0224560546876,3399.235280761719,0.6914891116336424
2022-01-06,43160.9296875,3418.408203125,30208048289,24293791313,10.672690959628957,-0.009410297303588777,50852.50578125,48072.72197265625,0.581059770268097,8.136930284024162,-0.03788159613599795,4058.6387451171877,3405.095499267578,0.6998791912737521
2022-01-07,41557.90234375,3193.21044921875,84196607520,24494179209,10.634842970978582,-0.037847988650375086,50544.82109375,48122.12801757813,0.5919428411708053,8.06878210010086,-0.06814818392330224,4042.4899365234373,3411.619313964844,0.7178804642847898
2022-01-08,41733.94140625,3091.97265625,28066355845,16037732700,10.639070019311179,0.0042270483325967945,50217.108359375,48168.269423828126,0.5632155855717961,8.036564566282053,-0.0322175338188071,4018.3632568359376,3417.7044268798827,0.6849597502119953
2022-01-09,41911.6015625,3157.75146484375,21294384372,12334683863,10.643317954517292,0.004247935206112885,49861.396484375,48209.212294921876,0.5637553207003133,8.057615491542427,0.021050925260373887,3993.3196630859375,3423.5445025634767,0.6747746778412433
2022-01-10,41821.26171875,3083.097900390625,32104232331,19535744145,10.64116014275109,-0.002157811766201334,49523.2121875,48245.006416015625,0.5367766609655351,8.033690182292977,-0.023925309249449356,3969.586962890625,3429.017710571289,0.6511676279301937
2022-01-11,42735.85546875,3238.111572265625,26327648900,15211447193,10.662793553388529,0.02163341063743829,49252.143515625,48300.496796875,0.5405510242468867,8.082745590798247,0.04905540850526968,3952.5800390625,3436.142182006836,0.678659171523962
2022-01-12,43949.1015625,3372.25830078125,33499938689,16662871689,10.690787460640442,0.027993907251913086,48979.7440625,48359.31091796875,0.5003786829353328,8.123337917843164,0.04059232704491755,3933.209931640625,3443.85727722168,0.6341827273754883
2022-01-13,42591.5703125,3248.28857421875,47691135082,15294466275,10.659411632688371,-0.03137582795207017,48705.966953125,48399.020546875,0.5107368843462875,8.085883544077156,-0.037454373766008686,3913.37607421875,3450.204246826172,0.6446494753235686
2022-01-14,43099.69921875,3310.00146484375,23577403399,13562957230,10.671271297384193,0.011859664695821337,48422.46734375,48442.34736328125,0.480157946580904,8.104703910921993,0.01882036684483701,3894.081240234375,3456.355966796875,0.5920175436487498
2022-01-15,43177.3984375,3330.53076171875,18371348298,9619999078,10.673072453006403,0.001801155622210615,48214.62,48478.89546875,0.4743249627975858,8.110886958177115,0.006183047255122531,3880.0736767578123,3462.2047790527345,0.5929668099697326
2022-01-16,43113.87890625,3350.921875,17902097845,9505934874,10.671600240642002,-0.0014722123644013152,47980.596015625,48519.26068359375,0.46354064827690383,8.116990773529398,0.006103815352282993,3865.1538720703124,3467.586650390625,0.5916957344316893
2022-01-17,42250.55078125,3212.304931640625,21690904261,12344309617,10.651372668942953,-0.020227571699049207,47680.637890625,48562.6528515625,0.46380893944354445,8.074744005691553,-0.04224676783784531,3843.5108984375,3473.080147705078,0.5981098700243612
2022-01-18,42375.6328125,3164.025146484375,22417209227,13024154091,10.654328778199565,0.0029561092566119385,47372.01921875,48605.04578125,0.46434580895683264,8.059600276543817,-0.015143729147736096,3817.8893017578125,3478.1500720214844,0.5987218250651348
2022-01-19,41744.328125,3095.825927734375,23091543258,13187424144,10.639318867756694,-0.015009910442870478,47066.797265625,48640.4246875,0.46540857047090184,8.037810008236942,-0.021790268306874694,3787.176240234375,3482.498630371094,0.5996997735245415
2022-01-20,40680.41796875,3001.1201171875,20382033940,10645922764,10.61350212466109,-0.025816743095603556,46735.8090625,48667.38787109375,0.43945776150159266,8.006740870359952,-0.031069137876990283,3755.458837890625,3485.8956103515625,0.5950325170544742
2022-01-21,36457.31640625,2557.931640625,43011992031,26796291874,10.50389744174565,-0.10960468291544068,46335.3990625,48680.94443359375,0.5686222383300806,7.846954258022906,-0.1597866123370455,3716.39142578125,3487.6923559570314,0.7924250848394895
2022-01-22,35030.25,2405.18115234375,39714385405,27369692036,10.463967252906004,-0.039930188839646164,45964.039140625,48684.91970703125,0.544667108548137,7.785380502923065,-0.06157375509984142,3680.080927734375,3488.094864501953,0.790837214913355
2022-01-23,36276.8046875,2535.0390625,26017975951,16481489511,10.498933826687185,0.03496657378118151,45705.561171875,48697.02708984375,0.5676423170617648,7.837964325176779,0.052583822253714274,3648.3899609375,3489.1942504882813,0.8281476574860113
2022-01-24,36654.328125,2440.352294921875,41856658597,28220804648,10.509286793793883,0.010352967106697974,45451.27078125,48715.911875,0.5725335767946462,7.799897691029704,-0.03806663414707501,3613.2305517578125,3490.7958801269533,0.8259383650942915
2022-01-25,36954.00390625,2455.93505859375,26428189594,16179776932,10.517429280620835,0.008142486826951512,45178.698359375,48731.6918359375,0.5727939618853575,7.806262846976783,0.006365155947078982,3575.1745068359373,3492.3420935058593,0.8292343641579134
2022-01-26,36852.12109375,2468.0302734375,31324598034,21229909340,10.51466845617127,-0.002760824449564936,44901.7390625,48748.34984375,0.5728890669412341,7.811175651334771,0.004912804357988243,3538.2338818359376,3494.125227050781,0.832094306593719
2022-01-27,37138.234375,2423.001220703125,25041426629,16126522783,10.522402294062056,0.007733837890786077,44634.4078125,48762.840078125,0.5449086443858049,7.792762224614634,-0.018413426720137238,3497.906748046875,3495.5419091796875,0.816903597869802
2022-01-28,37784.33203125,2547.092041015625,22238830523,14666227351,10.539649799152471,0.01724750509041506,44436.65203125,48785.9825,0.5487636091829233,7.842707611356615,0.04994538674198079,3466.4522705078125,3498.0937640380857,0.8391225291735355
2022-01-29,38138.1796875,2597.084716796875,17194183075,11172062661,10.54897115089168,0.009321351739208339,44254.54953125,48813.16327148437,0.5459208847077787,7.86214483215375,0.01943722079713517,3440.22404296875,3501.378767700195,0.837226007396756
2022-01-30,37917.6015625,2603.466552734375,14643548444,9501221177,10.543170704434525,-0.005800446457154607,44025.65140625,48838.639541015626,0.5443342146530336,7.864599125481588,0.0024542933278377532,3410.604326171875,3504.424443969727,0.8386576183508603
2022-01-31,38483.125,2688.27880859375,20734730465,13778234614,10.557975112500918,0.014804408066392938,43793.3471875,48872.15151367187,0.5344775951018755,7.896656419699312,0.032057294217723964,3381.68083984375,3508.309959716797,0.8437452632289332
2022-02-01,38743.2734375,2792.1171875,20288500328,13194846235,10.564712431003551,0.0067373185026333715,43633.463046875,48908.760185546875,0.5366670291720936,7.934555435601725,0.03789901590241307,3361.8386474609374,3512.868630981445,0.8561163204299135
2022-02-02,36952.984375,2682.85400390625,19155189416,13876301217,10.517401691044428,-0.04731073995912283,43440.270078125,48935.859765625,0.5536828189678837,7.894636433703261,-0.03991900189846387,3340.5869189453124,3516.788775024414,0.8619205832924719
2022-02-03,37154.6015625,2679.16259765625,18591534769,12755505065,10.52284290687642,0.0054412158319916415,43205.42765625,48962.648720703124,0.5552743687947556,7.893259561116892,-0.0013768725863689824,3313.8023974609373,3520.706827392578,0.859711716410602
2022-02-04,41500.875,2983.5869140625,29412210792,18987223729,10.633469790333868,0.11062688345744753,43082.136640625,49016.063935546874,0.6678227420231109,8.000881518115666,0.10762195699877353,3294.2247412109373,3526.5382788085935,0.9314089571470467
2022-02-05,41441.1640625,3014.648193359375,19652846215,13102093957,10.632029966850133,-0.0014398234837340596,42986.91703125,49074.233017578124,0.6672310994858391,8.011238416900065,0.010356898784399604,3276.9279736328126,3532.673966064453,0.9256754620461374
2022-02-06,42412.43359375,3057.47607421875,16142097334,9466018022,10.655196843367712,0.023166876517578316,42898.19015625,49125.74171875,0.6591228022749124,8.025345042254749,0.014106625354683544,3258.86029296875,3538.00649230957,0.8982002193437033
2022-02-07,43840.28515625,3142.470703125,28641855926,15197063785,10.68830842607725,0.0331115827095374,42840.855546875,49183.3776171875,0.6687106030999381,8.052764617628583,0.027419575373833993,3243.2578564453124,3543.59283203125,0.8965733304599334
2022-02-08,44118.4453125,3122.608642578125,33079398868,17136080906,10.694633235042588,0.006324808965338491,42785.61890625,49236.06208984375,0.6688517221200878,8.046424034854223,-0.006340582774360115,3227.0331396484376,3548.5819921875,0.8937728055713217
2022-02-09,44338.796875,3239.45703125,23245887300,13951308490,10.699615348724585,0.004982113681997191,42693.662578125,49286.29384765625,0.6687956451217718,8.083161011795253,0.03673697694103062,3211.417080078125,3553.83318359375,0.898686496775767
2022-02-10,43565.11328125,3077.482177734375,32142048537,18629485080,10.682011954943196,-0.017603393781389087,42592.394609375,49327.3684765625,0.6682634502176843,8.031867066891353,-0.05129394490390027,3193.3247314453124,3558.2637255859377,0.9002252306329592
2022-02-11,42407.9375,2927.383544921875,26954925781,16043881065,10.655090828888024,-0.026921126055171385,42424.862578125,49352.72048828125,0.6674240927435877,7.981864314978462,-0.050002751912891163,3169.71208984375,3561.7338098144533,0.9021223388748162
2022-02-12,42244.46875,2917.36279296875,18152390304,11254355757,10.651228707055157,-0.0038621218328671603,42253.308046875,49366.908125,0.6586036468703798,7.97843533408095,-0.0034289808975120906,3147.0996875,3564.828956298828,0.8943543793536457
2022-02-13,42197.515625,2883.46337890625,14741589015,9054963563,10.650116626845614,-0.0011120802095430093,42088.661171875,49377.916171875,0.6571486882262498,7.966747412751566,-0.011687921329383677,3122.9033349609376,3567.763546142578,0.8910611467455564
2022-02-14,42586.91796875,2933.47900390625,20827783012,12164552172,10.659302395160246,0.009185768314631915,41924.20921875,49390.80865234375,0.6580074253070174,7.983944370987736,0.017196958236169735,3100.2263525390626,3570.5261572265626,0.8935631048088297
2022-02-15,44575.203125,3179.877197265625,22721659051,13921257873,10.704932999647486,0.04563060448723988,41802.904921875,49402.50693359375,0.6773228920903078,8.06459785781649,0.08065348682875495,3083.0729443359373,3574.090736083984,0.9409931945017916
2022-02-16,43961.859375,3127.830078125,19792547657,12352406833,10.691077704597587,-0.013855295049898686,41730.365,49414.18525390625,0.6751573875010549,8.048094777339598,-0.016503080476892862,3069.6116845703127,3577.048836669922,0.93128193024887
2022-02-17,40538.01171875,2881.48193359375,26246662813,15860206214,10.609995373878483,-0.08108233071910398,41612.231015625,49417.00083984375,0.7336963853108628,7.966060001064857,-0.08203477627474065,3054.6706884765626,3578.6469860839843,0.9724855392010181
2022-02-18,40030.9765625,2785.7275390625,23310007704,15748173433,10.597408847454723,-0.012586526423760347,41469.288046875,49421.14599609375,0.7331823411198638,7.932264353097387,-0.033795647967470366,3036.1081982421874,3579.5248571777342,0.9762809706970041
2022-02-19,40122.15625,2763.701171875,13736557863,9774183169,10.599683985646616,0.002275138191892623,41345.602265625,49430.991875,0.7279351129095076,7.924326064670494,-0.007938288426893259,3017.7295654296877,3580.8316149902344,0.9713868147784039
2022-02-20,38431.37890625,2628.6484375,18340576452,11641437834,10.55662956390009,-0.043054421746525406,41160.49359375,49424.41125,0.633193035311014,7.874225090987618,-0.05010097368287525,2994.90859375,3580.3517578125,0.8101695097161885
2022-02-21,37075.28125,2573.816162109375,29280402798,18646392740,10.520705752951736,-0.03592381094835417,40955.09484375,49405.4398828125,0.6300194220203232,7.853144964513535,-0.021080126474083194,2969.7936181640625,3579.0841943359374,0.7827098008230611
2022-02-22,38286.02734375,2639.29931640625,25493150450,16360200507,10.552840287293243,0.03213453434150715,40791.653046875,49382.78751953125,0.6282230025765335,7.878268750460596,0.025123785947060995,2947.3519970703123,3577.8259826660155,0.7661739521452668
2022-02-23,37296.5703125,2590.359619140625,21849073843,13382637240,10.526656652677822,-0.02618363461542117,40619.63296875,49346.4913671875,0.6348515985735472,7.8595519941439855,-0.018716756316610628,2923.278056640625,3574.9915869140623,0.7565592765585462
2022-02-24,38332.609375,2598.067138671875,46383802093,29312342666,10.554056232629373,0.027399579951550734,40514.905078125,49319.163828125,0.6412602977841723,7.862523039341544,0.0029710451975581975,2904.23166015625,3572.913259277344,0.7564047621853076
2022-02-25,39214.21875,2764.53564453125,26545599159,17208902048,10.576794683224678,0.022738450595305437,40435.970859375,49283.40791015625,0.6454222750887102,7.924627959357824,0.06210492001628065,2891.154208984375,3570.8966564941406,0.7850589181515492
2022-02-26,39105.1484375,2781.11181640625,17467554129,11724648351,10.5740094108986,-0.0027852723260775036,40386.91578125,49251.00849609375,0.6453035496861151,7.930606060691496,0.005978101333671937,2882.912236328125,3569.093759765625,0.7809790836369245
2022-02-27,37709.78515625,2621.8017578125,23450127612,16150857254,10.537674892974174,-0.03633451792442699,40306.43265625,49211.58923828125,0.656052261034805,7.871617054223664,-0.058989006467832006,2873.508818359375,3566.38154296875,0.7936931337476634
2022-02-28,43193.234375,2919.201171875,35690014104,19266124733,10.673439150277495,0.13576425730332176,40332.0653125,49205.41396484375,0.8091978210677776,7.9790652865591944,0.10744823233553014,2868.7378125,3565.7604772949217,0.8747104134176369
2022-03-01,44354.63671875,2972.485107421875,32479047645,18757425786,10.69997253061002,0.02653338033252517,40382.7328125,49188.220546875,0.8120486882601141,7.997153618433589,0.018088331874394292,2866.525556640625,3564.011844482422,0.8760845924815445
2022-03-02,43924.1171875,2950.118408203125,29183112630,16636517503,10.690218814674614,-0.00975371593540686,40406.498046875,49172.35640625,0.8129206642666964,7.9896005869022835,-0.007553031531305265,2860.765693359375,3562.4352197265625,0.8712377006349887
2022-03-03,42451.7890625,2834.468994140625,24967782593,13091199728,10.6561243360222,-0.03409447865241333,40376.551796875,49149.38033203125,0.823851126668716,7.949609894964232,-0.03999069193805127,2850.0099072265625,3560.0550439453127,0.8744340117582597
2022-03-04,39137.60546875,2617.156005859375,28516271427,14496939024,10.574839060456965,-0.08128527556523579,40307.4725,49115.0459375,0.8578119493338324,7.869843513233093,-0.07976638173113937,2837.387255859375,3557.3582763671875,0.9080184649725392
2022-03-05,39400.5859375,2664.8310546875,16975917450,8072368396,10.581535966685598,0.0066969062286332814,40233.490234375,49088.5720703125,0.8578881027996317,7.887895940476945,0.01805242724385181,2824.48384765625,3555.608201904297,0.9103961829236968
2022-03-06,38419.984375,2555.037353515625,19745229902,8872976607,10.55633302963324,-0.025202937052357655,40138.341953125,49056.6660546875,0.7673862798944365,7.845822122302219,-0.04207381817472555,2808.9739794921875,3553.282939453125,0.8338145595434345
2022-03-07,38062.0390625,2497.771240234375,28546143503,14594098731,10.546972714362505,-0.009360315270734887,40037.30515625,49013.388359375,0.7677365381591497,7.8231541093240935,-0.022668012978125596,2791.910966796875,3549.8582849121094,0.8340321250525139
2022-03-08,38737.26953125,2576.74755859375,25776583476,13922922903,10.564557452578466,0.017584738215960627,39967.03953125,48960.378828125,0.765600938932266,7.854283246441437,0.03112913711734322,2779.1998193359377,3546.3073461914064,0.8413478376858831
2022-03-09,41982.92578125,2729.783447265625,32284121034,14173665398,10.645018285592325,0.0804608330138592,39959.185390625,48925.76599609375,0.8102397726942155,7.911977561686817,0.0576943152453806,2770.5149853515627,3543.825843505859,0.862704626427833
2022-03-10,39437.4609375,2608.048583984375,31078064711,13292477213,10.582471428791795,-0.06254685680053029,39913.048046875,48876.3450390625,0.8370973190156624,7.866357551701394,-0.04562000998542359,2760.7594384765625,3540.655509033203,0.8744484298827853
2022-03-11,38794.97265625,2559.56298828125,26364890465,12382419582,10.566045946501148,-0.016425482290646443,39875.339140625,48822.58916015625,0.8376205765456376,7.847591815198753,-0.01876573650264035,2751.9282958984377,3536.857037353516,0.8616423716653087
2022-03-12,38904.01171875,2574.754150390625,14616450657,6532996574,10.568852653305816,0.002806706804667769,39924.273046875,48778.5786328125,0.8366121414175283,7.853509332963298,0.0059175177645443,2752.26474609375,3533.868526611328,0.8483445157266293
2022-03-13,37849.6640625,2518.944580078125,17300745310,8632000379,10.54137738333083,-0.027475269974985395,39980.661328125,48723.0230078125,0.8368073386260332,7.831595275347638,-0.021914057615659566,2754.5400146484376,3530.338673095703,0.8355455151854332
2022-03-14,39666.75390625,2590.696044921875,24322159070,11244398839,10.588268682740365,0.04689129940953407,40048.4603125,48686.64568359375,0.8552749196774554,7.859681861801674,0.02808658645403561,2755.653154296875,3527.7905261230467,0.8434892164182822
2022-03-15,39338.78515625,2620.149658203125,23934000868,12861105614,10.579966210842187,-0.008302471898177899,40102.149453125,48638.04626953125,0.855538224838308,7.870986716575349,0.011304854773674933,2759.2491015625,3524.538270263672,0.8446493297160765
2022-03-16,41143.9296875,2772.0556640625,39616916192,17915109769,10.624831678516387,0.04486546767419952,40185.94796875,48599.25390625,0.8705082630355828,7.927344440938804,0.05635772436345565,2765.571513671875,3522.1765319824217,0.8672887284625541
2022-03-17,40951.37890625,2814.8544921875,22009601093,12685265194,10.620140761638593,-0.0046909168777933274,40267.933125,48559.861640625,0.8540124865340871,7.94266584907351,0.015321408134705727,2772.507998046875,3520.115791015625,0.817543728880484
2022-03-18,41801.15625,2945.343017578125,34421564942,15830879093,10.64067927961353,0.020538517974936,40361.1915625,48533.5925,0.8568437181884817,7.9879805638626875,0.04531471478917748,2782.954833984375,3518.720634765625,0.833976057170068
2022-03-19,42190.65234375,2946.257080078125,19664853187,11576463120,10.649953967045542,0.009274687432013096,40449.31796875,48508.71232421875,0.8080306428862326,7.988290857328701,0.0003102934660130785,2790.938134765625,3516.2832568359377,0.7823839091589438
2022-03-20,41247.82421875,2860.459228515625,20127946682,12684727326,10.627353644159575,-0.022600322885967472,40511.510859375,48470.71630859375,0.8109512913720023,7.958737460335068,-0.029553396993632575,2796.205625,3511.4114123535155,0.7801637321329564
2022-03-21,41077.99609375,2897.9765625,24615543271,15206116098,10.62322788227211,-0.0041257618874652735,40574.71875,48429.46767578125,0.8111317582774721,7.971768035373803,0.013030575038735392,2802.0958251953125,3506.946345214844,0.780608189539115
2022-03-22,42358.80859375,2973.131103515625,32004652376,16830539230,10.653931673582083,0.030703791309973028,40652.232421875,48391.13484375,0.8017042278996652,7.997370920080171,0.025602884706367846,2807.79287109375,3502.108927001953,0.7619637528373203
2022-03-23,42892.95703125,3031.067138671875,25242943069,16008767658,10.666462919672714,0.012531246090631498,40735.22609375,48355.87650390625,0.7896342439352804,8.016670027479545,0.019299107399374016,2812.5718701171877,3497.8251208496094,0.7581735944487341
2022-03-24,43960.93359375,3108.06201171875,31042992291,18070503166,10.6910566456385,0.02459372596578646,40875.385078125,48316.91412109375,0.7867887577635572,8.041754663578955,0.025084636099409252,2821.0760302734375,3493.6047631835936,0.7581608209014794
2022-03-25,44348.73046875,3106.67138671875,30574413034,17030503831,10.699839362046166,0.008782716407665703,41019.26765625,48275.49009765625,0.778980330398212,8.041307138340443,-0.00044752523851165904,2829.6262060546874,3489.496223144531,0.753495207644312
2022-03-26,44500.828125,3143.178955078125,16950455995,8876420740,10.703263077531737,0.003423715485570966,41079.26671875,48263.93859375,0.7750818165626208,8.052989972840736,0.011682834500293282,2832.818046875,3488.080146484375,0.7536586432360423
2022-03-27,46820.4921875,3291.57763671875,28160889722,13431866834,10.75407625332412,0.05081317579238309,41186.85328125,48267.5841015625,0.7892376509248863,8.09912225366265,0.04613228082191334,2838.3566357421873,3487.0514587402345,0.7407344709680905
2022-03-28,47128.00390625,3336.634521484375,36362175703,20620450770,10.76062266608749,0.006546412763370313,41281.1646875,48271.26701171875,0.7886147113740154,8.112717949673984,0.013595696011334368,2843.9398046875,3486.597930908203,0.7412317807856913
2022-03-29,47465.73046875,3401.98779296875,31397059069,19533323636,10.76776326582668,0.007140599739189568,41353.67359375,48284.17611328125,0.7735232258099367,8.132115184756762,0.019397235082777797,2849.130146484375,3487.550340576172,0.7041364452518414
2022-03-30,47062.6640625,3385.157958984375,29333883962,15302506131,10.75923527059195,-0.008527995234731023,41412.55796875,48293.4821484375,0.6216010910861958,8.127155848654782,-0.004959336101979517,2854.3811328125,3488.1247399902345,0.6083397296309999
2022-03-31,45538.67578125,3281.642822265625,33327427106,17685495686,10.726317261049367,-0.03291800954258228,41436.555546875,48290.8591796875,0.6276642191836562,8.0960994364363,-0.031056412218482876,2855.2248486328126,3487.482281494141,0.61902505975527
2022-04-01,46281.64453125,3449.55224609375,38162644287,20982988937,10.742500715059384,0.016183454010016973,41490.886171875,48297.45203125,0.6286539377804446,8.145999717861825,0.049900281425525606,2862.66625,3488.3024841308593,0.6384820350365831
2022-04-02,45868.94921875,3445.059326171875,29336594194,23571556215,10.733543679518714,-0.008957035540669622,41560.10640625,48291.33431640625,0.6166174392590795,8.144696404249226,-0.0013033136125990552,2873.019765625,3488.3819323730468,0.6179378578010658
2022-04-03,46453.56640625,3522.83349609375,25414397610,15333808649,10.746208520761762,0.012664841243047675,41644.288359375,48282.72041015625,0.5378371998347649,8.167020915258346,0.022324511009120585,2885.1291796875,3487.919686279297,0.5356806262678248
2022-04-04,46622.67578125,3521.2412109375,32499785455,18209969743,10.749842306507894,0.0036337857461319345,41732.7915625,48276.9169921875,0.5378727468432719,8.166568823181077,-0.00045209207726948364,2897.884736328125,3487.6694177246095,0.5360271781669806
2022-04-05,45555.9921875,3411.79248046875,29640604055,16681503199,10.726697445901998,-0.023144860605896156,41792.173046875,48268.35935546875,0.5364348019590518,8.13499308626625,-0.03157573691482618,2907.451005859375,3487.735686035156,0.524492851956514
2022-04-06,43206.73828125,3171.69189453125,39393395788,25632563639,10.673751740801423,-0.052945705100574614,41764.80375,48243.00123046875,0.5721672116996221,8.062020445165425,-0.0729726411008258,2907.2872998046873,3486.434053955078,0.5888898296304172
2022-04-07,43503.84765625,3233.274658203125,26101973106,16745496605,10.680604665032956,0.006852924231532498,41755.643515625,48224.219375,0.5702348301144007,8.08125072871122,0.019230283545795146,2909.39619140625,3485.9531872558596,0.5844440068252779
2022-04-08,42287.6640625,3192.073974609375,27215995394,17557050669,10.652250692774018,-0.028353972258937432,41790.6365625,48221.43869140625,0.50934465654034,8.0684261333041,-0.012824595407119332,2915.6080322265625,3487.1185900878904,0.5595476214296711
2022-04-09,42782.13671875,3261.916259765625,16050772496,9908112156,10.663875928063952,0.011625235289933755,41845.659765625,48231.88099609375,0.4573140277358388,8.090070111412333,0.02164397810823182,2925.131806640625,3489.606015625,0.5311001233056474
2022-04-10,42207.671875,3211.866943359375,17654475582,10427054790,10.650357281486635,-0.013518646577317384,41887.370078125,48225.04681640625,0.45589306510977656,8.074607649351638,-0.015462462060694904,2934.0951220703123,3490.2760107421873,0.5291688151519645
2022-04-11,39521.90234375,2981.05224609375,33949912166,21891804831,10.584610286931785,-0.06574699455484989,41909.180546875,48198.18083984375,0.5148042440957088,8.00003161988938,-0.07457602946225705,2941.1431982421873,3489.403653564453,0.6018244262104578
2022-04-12,40127.18359375,3030.37646484375,30991500854,20235707410,10.599809278733545,0.015198991801760542,41970.21859375,48184.6180078125,0.5070517491569011,8.016442136608562,0.0164105167191817,2950.274404296875,3489.8971899414064,0.5951554091239066
2022-04-13,41166.73046875,3118.34423828125,27691105228,16088473629,10.625385696229037,0.025576417495491555,42027.83265625,48176.86869140625,0.488379717699177,8.045057447077658,0.028615310469096045,2959.855302734375,3490.8610827636717,0.5954033658231744
2022-04-14,39935.515625,3019.909423828125,24342001973,15821419931,10.595021322874496,-0.030364373354540675,42080.6115625,48160.50357421875,0.49973441739665686,8.012982117809251,-0.03207532926840706,2968.446298828125,3490.6493029785156,0.6097571194324128
2022-04-15,40553.46484375,3040.91650390625,21756855753,11256651536,10.610376502101625,0.015355179227128701,42125.028671875,48152.09224609375,0.4768381345723123,8.019914230511946,0.006932112702694226,2977.3032861328124,3491.1831909179687,0.5807721520568616
2022-04-16,40424.484375,3062.310302734375,16833150693,8766710365,10.60719092926192,-0.0031855728397047756,42149.233984375,48149.041953125,0.47669978162919474,8.026924910970214,0.007010680458268581,2983.258779296875,3492.4582592773436,0.5792899883103299
2022-04-17,39716.953125,2993.4033203125,19087633042,10463091281,10.589533406379978,-0.017657522881942,42161.470078125,48139.80490234375,0.4741629925305669,8.004166253305529,-0.02275865766468499,2987.504609375,3493.159559326172,0.5649069308015134
2022-04-18,40826.21484375,3057.606689453125,33705182072,18629381299,10.617079674744364,0.027546268364385895,42223.798671875,48124.98150390625,0.48367584726612195,8.025387761295338,0.02122150798980904,2996.2207080078124,3493.439197998047,0.5694904773990153
2022-04-19,41502.75,3104.1064453125,25303206547,14156035096,10.633514969083599,0.016435294339235185,42189.988984375,48091.910546875,0.4809894608502132,8.040481173663734,0.015093412368395676,2999.9188134765627,3492.422149658203,0.5603283214063249
2022-04-20,41374.37890625,3077.745849609375,27819532341,15547362265,10.630417101237388,-0.003097867846211244,42130.383828125,48060.225,0.48088631707517415,8.031952741012276,-0.008528432651457862,3002.0240283203125,3490.8524072265627,0.5603837195151338
2022-04-21,40527.36328125,2987.480712890625,35372786395,20783591093,10.609732661529069,-0.02068443970831879,42062.44875,48021.86205078125,0.4732582746616055,8.002185740282734,-0.029767000729542303,3002.7712744140626,3488.698017578125,0.5643064809975448
2022-04-22,39740.3203125,2964.835693359375,28011716745,16782795477,10.590121576277149,-0.019611085251920457,42008.219375,47974.999140625,0.4745651239549781,7.994576894503208,-0.007608845779525808,3005.3786083984373,3486.621750488281,0.5606136104112499
2022-04-23,39486.73046875,2938.114013671875,16138021249,9116955609,10.58371995694957,-0.00640161932757799,42015.201875,47914.85873046875,0.46446372641684397,7.98552316254039,-0.009053731962818112,3011.7977685546875,3483.7197277832033,0.553423691481086
2022-04-24,39469.29296875,2922.732666015625,17964398167,9696829579,10.583278255366226,-0.0004417015833446669,42016.576015625,47835.39794921875,0.46248423759009594,7.980274302158752,-0.005248860381637854,3016.95580078125,3480.4305810546875,0.5535212791576885
2022-04-25,40458.30859375,3009.3935546875,35445730570,22332690614,10.608027305442322,0.02474905007609607,42057.3425,47768.6595703125,0.47259739220302815,8.009493860595729,0.02921955843697699,3026.0429248046876,3477.5376745605467,0.5623014085545462
2022-04-26,38117.4609375,2808.29833984375,34569088416,19052045399,10.548427748453774,-0.05959955698854813,42058.4509375,47689.40763671875,0.4707661780334019,7.940334005885056,-0.06915985471067287,3032.253466796875,3473.760369873047,0.582935279532304
2022-04-27,39241.12109375,2888.9296875,30981015184,17419284041,10.577480483448294,0.029052734994520435,42068.52796875,47610.77212890625,0.48515566445261776,7.96864136216383,0.028307356278774343,3038.497109375,3470.3264343261717,0.5911360241422864
2022-04-28,39773.828125,2936.94091796875,33903704907,18443524633,10.59096439016982,0.01348390672152533,42024.346015625,47535.78337890625,0.48783249473243717,7.985123814540289,0.016482452376458845,3042.6402587890625,3467.881875,0.5897199139154975
2022-04-29,38609.82421875,2815.601806640625,30882994649,18771041399,10.56126203650899,-0.029702353660828962,42007.79328125,47441.4085546875,0.4948129245558374,7.9429313033876365,-0.042192511152652656,3046.7913232421874,3464.233114013672,0.6038975265878976
2022-04-30,37714.875,2730.186767578125,23895713731,13520941867,10.537809857951071,-0.023452178557919368,41986.191328125,47349.77763671875,0.4895495654748051,7.912125298871221,-0.030806004516415797,3050.203798828125,3460.421181640625,0.603768112276714
2022-05-01,38469.09375,2827.756103515625,27002760110,15332730152,10.557610438151473,0.01980058020040154,41977.49296875,47255.1176171875,0.4917963244203014,7.947238779844533,0.03511348097331268,3055.263837890625,3456.528953857422,0.5885063191390374
2022-05-02,38529.328125,2857.410400390625,32922642426,18609741545,10.55917499975729,0.0015645616058179712,41991.08625,47161.156640625,0.49241295111198363,7.95767103923357,0.010432259389036247,3062.033154296875,3451.8859350585935,0.5912592723557
2022-05-03,37750.453125,2783.476318359375,27326943244,13026093219,10.53875275791639,-0.020422241840901023,41952.760234375,47041.93916015625,0.49030681172586443,7.9314558997229465,-0.026215139510623153,3065.888759765625,3446.4901428222656,0.5859681361527003
2022-05-04,39698.37109375,2940.644775390625,36754404490,18186749944,10.589065435449381,0.0503126775329914,41959.951953125,46935.9701171875,0.5284942894565917,7.986384147644863,0.054928247921916196,3072.298662109375,3442.041456298828,0.6252917161154192
2022-05-05,36575.140625,2749.213134765625,43106256317,22642925048,10.507124070720305,-0.08194136472907587,41868.576171875,46811.077734375,0.5896527410450478,7.919070016904313,-0.0673141307405496,3071.8418115234376,3436.551999511719,0.655387171285019
2022-05-06,36040.921875,2694.979736328125,37795577489,21027599270,10.492410290612668,-0.014713780107637575,41770.36703125,46681.151953125,0.567065746160382,7.899145964327121,-0.019924052577191986,3069.44431640625,3431.283096923828,0.6131374700106533
2022-05-07,35501.953125,2636.093017578125,24375896406,13369276367,10.477342991555728,-0.015067299056939376,41644.38296875,46537.3517578125,0.5659442326388593,7.877053182396673,-0.02209278193044817,3063.25931640625,3425.0753076171877,0.6091490220423329
2022-05-08,34059.265625,2517.4599609375,36763041910,20802269935,10.435857392768732,-0.04148559878699665,41481.755234375,46377.68390625,0.5740416297154927,7.831005720171308,-0.046047462225365265,3054.6833740234374,3416.882646484375,0.6241189454993773
2022-05-09,30296.953125,2245.430419921875,63355494961,36333567678,10.31880242951058,-0.1170549632581519,41262.7378125,46218.1178125,0.6855404275698714,7.716652505595632,-0.11435321457567582,3042.3827978515624,3407.838184814453,0.7164926147450381
2022-05-10,31022.90625,2343.510986328125,59811038817,38202099639,10.342481121897062,0.02367869238648268,41061.636015625,46069.771015625,0.696356323927226,7.759405505351825,0.04275299975619351,3031.293486328125,3399.7048303222655,0.7417387875058056
2022-05-11,28936.35546875,2072.108642578125,70388855818,45743399154,10.272854058210543,-0.06962706368651972,40793.186953125,45907.48470703125,0.7003674066031332,7.636322035681478,-0.12308346967034733,3013.273037109375,3389.2070556640624,0.8105775835134817
2022-05-12,29047.751953125,1961.7015380859373,66989173272,42463486402,10.276696373851054,0.0038423156405116288,40516.2828515625,45748.06928710938,0.6962527568553469,7.581567507292705,-0.054754528388772705,2991.885725097656,3378.5760479736327,0.8170297814724702
2022-05-13,29283.103515625,2014.418212890625,42841124537,24816096567,10.284765956844339,0.00806958299328464,40222.72625,45579.28568359375,0.6873712154391088,7.60808570459682,0.026518197304114643,2970.012849121094,3367.558754272461,0.8156686585980806
2022-05-14,30101.265625,2056.27392578125,28579868620,15457044616,10.312322497195195,0.027556540350856196,39937.776953125,45427.973046875,0.6968349886512462,7.628650850084286,0.02056514548746602,2949.004899902344,3357.184613647461,0.8220873850455765
2022-05-15,31305.11328125,2145.706787109375,25835372065,14846088335,10.351536726804072,0.039214229608877105,39673.86265625,45292.0866796875,0.7123107672504871,7.6712242815673335,0.042573431483047486,2929.055456542969,3348.261860961914,0.8420190935693311
2022-05-16,29862.91796875,2022.7259521484373,32613897286,21459552191,10.304372787978142,-0.047163938825930174,39334.711171875,45138.2905859375,0.7244951025096865,7.612201361925367,-0.05902291964196671,2903.6784228515626,3336.938896484375,0.8550290993799717
2022-05-17,30425.857421875,2090.4091796875,29101473475,18509929297,10.323048098950009,0.01867531097186692,39000.6682421875,44979.28004882813,0.7307780248553079,7.6451151055512865,0.0329137436259197,2878.753916015625,3325.317209472656,0.8696340517469089
2022-05-18,28720.271484375,1916.6561279296875,31285268319,17740965589,10.265358475916056,-0.0576896230339532,38625.7590625,44813.43724609375,0.7377446814930426,7.558337346636702,-0.08677775891458417,2849.0472827148437,3313.27223815918,0.8988567052373894
2022-05-19,30314.333984375,2018.336181640625,33773447707,18734247914,10.319375948426952,0.05401747251089617,38290.7924609375,44658.414130859375,0.7668711439546262,7.610028778535573,0.05169143189887038,2821.710847167969,3301.9235479736326,0.9233022584423703
2022-05-20,29200.740234375,1961.315673828125,30749382605,15892482289,10.28194933842735,-0.03742660999960279,37964.03375,44499.39580078125,0.7720477018558136,7.581370789186099,-0.02865798934947339,2795.3043041992187,3290.1069915771486,0.9243743520116741
2022-05-21,29432.2265625,1974.518310546875,17274840442,8546822406,10.289845494583876,0.007896156156526501,37627.045390625,44330.424921875,0.7742554397794605,7.588079754194404,0.006708965008304979,2765.8036254882813,3277.055588989258,0.9258048238739532
2022-05-22,30323.72265625,2043.170166015625,21631532270,10941123403,10.319685611119661,0.029840116535785555,37316.140859375,44167.19330078125,0.7861840520960048,7.622257883573993,0.03417812937958864,2737.7658422851564,3264.235470581055,0.9406781990063366
2022-05-23,29098.91015625,1972.181884765625,31483454557,16434529708,10.278456000782995,-0.041229610336666056,36969.047734375,44005.42669921875,0.7940734496101731,7.586895764563287,-0.035362119010706294,2706.7528100585937,3251.409758911133,0.9439667952947753
2022-05-24,29655.5859375,1978.9827880859373,26616506245,13057109007,10.297405782550063,0.018949781767068075,36629.7059375,43848.07625,0.7999243819556551,7.590338248286289,0.0034424837230027094,2675.9076416015623,3238.87345703125,0.9453841029467569
2022-05-25,29562.361328125,1944.827880859375,27525063551,13364545730,10.294257254419904,-0.0031485281301595336,36309.8333203125,43688.25065429688,0.7907440991757769,7.5729287590053715,-0.01740948928091779,2646.568349609375,3225.9896911621095,0.9330869896499954
2022-05-26,29267.224609375,1803.913330078125,36774325352,23458681818,10.284223554875032,-0.010033699544871766,36031.043046875,43517.9518359375,0.7706196807046863,7.497713656274514,-0.07521510273085763,2619.2127783203123,3211.906484375,0.9377745045249626
2022-05-27,28627.57421875,1724.9228515625,36582005748,25470760032,10.262125665852468,-0.022097889022564488,35733.517578125,43323.25556640625,0.7595656834090415,7.452937604733441,-0.044776051541073336,2589.0457421875,3196.4706616210938,0.9301537756479432
2022-05-28,28814.900390625,1757.9417724609375,35519577634,23214777872,10.268647907006384,0.006522241153916752,35464.0623046875,43132.47092773437,0.7571820281021236,7.471898956229551,0.018961351496110446,2560.3630981445312,3181.585026245117,0.9313227015450938
2022-05-29,29445.95703125,1812.031005859375,18093886409,10642556101,10.290311897185344,0.02166399017895948,35197.3387109375,42954.72456054688,0.7621763605783752,7.502203597857948,0.030304641628396745,2531.3653930664063,3167.464309692383,0.9410258429577304
2022-05-30,31726.390625,1996.4412841796875,39277993274,19580808705,10.364904125349263,0.07459222816391886,34987.7130859375,42788.60670898438,0.8138042586003442,7.599121516694247,0.09691791883629897,2507.0568798828126,3153.7945947265625,1.0159711777491653
2022-05-31,31792.310546875,1942.3280029296875,33538210634,18363115560,10.36697973282627,0.002075607477006969,34833.12125,42626.7885546875,0.809131403767766,7.571642534141194,-0.02747898255305259,2486.282395019531,3140.170658569336,1.0040419749936502
2022-06-01,29799.080078125,1823.5693359375,41135817341,21037797760,10.302232802155435,-0.06474693067083415,34626.5591796875,42453.436318359374,0.8336513935983504,7.508551033072609,-0.06309150106858485,2462.1462524414064,3126.0312030029295,1.0155742373260492
2022-06-02,30467.48828125,1834.1505126953125,29083562061,17065041354,10.324415436066419,0.022182633910983185,34412.5743359375,42278.439560546874,0.8392511509466649,7.514336717439918,0.005785684367308974,2436.4623779296876,3112.0701611328127,1.0172475067268123
2022-06-03,29704.390625,1775.07861328125,26175547452,14878001811,10.299050146356228,-0.025365289710190808,34207.9518359375,42109.172158203124,0.8152097720724288,7.481599990101315,-0.032736727338603444,2411.56576171875,3098.158034667969,0.9881297356842276
2022-06-04,29832.9140625,1801.6094970703125,16588370958,8677951273,10.303367561725132,0.004317415368904065,33993.5408203125,41957.53049804687,0.7734093578503567,7.496435709395905,0.014835719294589822,2386.7796215820313,3086.0842559814455,0.9767823147503727
2022-06-05,29906.662109375,1805.2049560546875,17264085441,8850385937,10.305836547582219,0.0024689858570869916,33783.184375,41805.22375,0.7735164773701159,7.498429413381543,0.001993703985638362,2361.6375146484374,3073.6723120117185,0.9781249529277461
2022-06-06,31370.671875,1859.2896728515625,31947336829,16518471852,10.353628718711185,0.04779217112896639,33616.25875,41677.36642578125,0.7952366723436454,7.527949797449914,0.029520384068370653,2338.9552416992187,3062.9655059814454,0.9888326189725433
2022-06-07,31155.478515625,1814.04833984375,40770974039,24020076750,10.346745384052316,-0.0068833346588697,33422.8440234375,41542.545927734376,0.7838531483307829,7.5033162785249585,-0.024633518924955133,2314.084074707031,3050.544214477539,0.9822526668932409
2022-06-08,30214.35546875,1793.572265625,30242059107,18041476023,10.316072437068884,-0.03067294698343126,33197.0761328125,41395.131728515626,0.6761221456712725,7.491964589232799,-0.011351689292159683,2287.8733911132813,3037.4624200439453,0.908695048536757
2022-06-09,30111.998046875,1789.8260498046875,21692004719,12013083393,10.312678977523088,-0.0033934595457960626,32971.828515625,41252.0393359375,0.6707158544376699,7.489873715232565,-0.002090874000233889,2262.1149951171874,3025.0628857421875,0.8907739622759256
2022-06-10,29083.8046875,1665.042236328125,29867476527,18504740451,10.27793675828529,-0.03474221923779908,32742.95734375,41116.0119140625,0.6359216480519527,7.417605769256842,-0.07226794597572272,2235.6662255859374,3012.9458081054686,0.8239814722172352
2022-06-11,28360.810546875,1529.6634521484375,27246574439,21127089064,10.252763560874987,-0.025173197410301995,32515.3671484375,40969.970595703126,0.641838619474011,7.3328030242743765,-0.08480274498246576,2206.962780761719,2998.890307006836,0.8519576247298076
2022-06-12,26762.6484375,1445.216552734375,34163220274,23465074882,10.194762479356166,-0.058001081518820996,32260.8855078125,40822.38170898437,0.6710592874741145,7.276014452802119,-0.05678857147225713,2177.104831542969,2984.916482543945,0.8586444256791139
2022-06-13,22487.388671875,1204.582763671875,68204556440,45162788786,10.020709927579496,-0.17405255177667023,31921.247421875,40648.44525390625,0.8886928616313533,7.093888531750712,-0.18212592105140768,2142.741833496094,2969.565680541992,1.0371677101932932
2022-06-14,22206.79296875,1211.662841796875,50913575242,33327826525,10.00815351063844,-0.012556416941055915,31556.217109375,40491.630390625,0.8709838409106226,7.099748944593187,0.005860412842475071,2106.787219238281,2955.469450073242,1.0179871016047002
2022-06-15,22572.83984375,1233.2064208984375,54912007015,37539999450,10.024502685722302,0.016349175083862022,31245.3246875,40330.41919921875,0.8663643926906921,7.117372902695195,0.017623958102007897,2075.285380859375,2941.1509216308596,1.0152088331291669
2022-06-16,20381.650390625,1067.730712890625,31183975654,18907671369,9.922390284392199,-0.10211240133010335,30868.1352734375,40146.085166015626,0.918121615304605,6.973290846238952,-0.1440820564562424,2038.8614013671875,2925.0173071289064,1.0916351495010737
2022-06-17,20471.482421875,1086.519287109375,27132421514,14591486540,9.92678809527476,0.00439781088256197,30482.088359375,39959.40974609375,0.9058466820039089,6.990734551135222,0.017443704896269452,2001.85296875,2908.2243786621093,1.0746684236532957
2022-06-18,19017.642578125,993.6367797851562,42009436760,21655406608,9.853122384049872,-0.07366571122488885,30090.2447265625,39769.47083007813,0.8994558675837979,6.901371727186098,-0.08936282394912354,1965.4136682128906,2890.035167541504,1.0706377792006423
2022-06-19,20553.271484375,1127.656494140625,35329942625,21795481981,9.930775403573943,0.077653019524071,29747.01265625,39586.088046875,0.952234881916607,7.027896859209325,0.12652513202322702,1933.3630627441407,2872.738498840332,1.1914645872219487
2022-06-20,20599.537109375,1127.6424560546875,30818458597,19739691429,9.93302388410652,0.0022484805325770907,29389.6215234375,39406.69665039062,0.9509745617861032,7.02788441022917,-1.244898015517748e-05,1899.3607897949219,2855.820199890137,1.189907944657535
2022-06-21,20710.59765625,1124.8245849609375,28970212744,15632089439,9.938400812314617,0.005376928208097098,29033.2469140625,39242.258408203124,0.9412406343602437,7.0253823780018685,-0.0025020322273014983,1864.7090734863282,2840.340792541504,1.1762020506358475
2022-06-22,19987.029296875,1051.421875,28574793478,15010593493,9.902838806989985,-0.03556200532463194,28677.9784375,39096.1900390625,0.939284758899277,6.957898693761457,-0.06748368424041118,1830.0679846191406,2824.999964904785,1.1868068265543896
2022-06-23,21085.876953125,1143.38671875,26188097173,14657862919,9.956358756642537,0.0535199496525518,28305.7285546875,38954.775185546874,0.961343934564191,7.041749943186058,0.0838512494246011,1794.1228234863281,2809.7252847290038,1.2395889704498912
2022-06-24,21231.65625,1226.8447265625,24957784918,16981552654,9.963248566256299,0.006889809613761955,27998.8588671875,38808.02034179687,0.9630603328990635,7.11220088948431,0.07045094629825144,1763.6754553222656,2794.0658218383787,1.2776697619752575
2022-06-25,21502.337890625,1243.4468994140625,18372538715,12481946184,9.975916947302924,0.012668381046625043,27708.0871875,38662.0316015625,0.9666059890985608,7.125642559809817,0.01344167032550736,1734.6447985839843,2778.707748718262,1.2627295866553598
2022-06-26,21027.294921875,1199.8316650390625,18027170497,12096607824,9.953576630935627,-0.02234031636729661,27418.5940234375,38514.64409179687,0.9666436730535621,7.0899365468019395,-0.03570601300787768,1705.9195715332032,2762.510117492676,1.2601966186583822
2022-06-27,20735.478515625,1193.6806640625,20965695707,12492225250,9.93960145009083,-0.013975180844797208,27152.11828125,38379.96087890625,0.9648003615825353,7.084796807647356,-0.005139739154583545,1679.4439855957032,2747.8794412231446,1.2555151433748313
2022-06-28,20280.634765625,1144.5792236328125,21381535161,14023205651,9.91742175729541,-0.022179692795420536,26951.7919140625,38245.147529296875,0.9582341891927477,7.042792358170221,-0.042004449477135,1657.4269616699219,2734.0598568725586,1.249514274603357
2022-06-29,20104.0234375,1098.94384765625,23552740328,15386286815,9.908675245035521,-0.008746512259888206,26733.4142578125,38098.85510742188,0.905625023787722,7.002104859063928,-0.04068749910629332,1632.5356188964843,2719.1323141479493,1.184445063669208
2022-06-30,19784.7265625,1067.298828125,26267239923,16350755497,9.89266553327924,-0.016009711756280964,26550.3816796875,37947.28706054688,0.9034754721886818,6.97288627593843,-0.02921858312549741,1612.4394226074219,2703.796542663574,1.184600686585356
2022-07-01,19269.3671875,1059.767333984375,30767551159,17499453625,9.866271921611277,-0.026393611667963057,26354.813984375,37809.946494140626,0.8870847357542098,6.965804666772132,-0.007081609166298186,1594.4007385253906,2690.174245300293,1.175003657315792
2022-07-02,19242.255859375,1066.5128173828125,18100418740,9935603640,9.864863965754903,-0.001407955856373988,26153.99703125,37673.094609375,0.8785715264288475,6.972149556013414,0.006344889241281848,1575.4426306152343,2676.7796072387696,1.1751482919371807
2022-07-03,19297.076171875,1073.7669677734375,16390821947,8557248150,9.867708869731416,0.002844903976512825,25937.9132421875,37525.09637695312,0.8800203672303843,6.978928275523725,0.006778719510311504,1555.792491455078,2662.0564987182615,1.1770239198682846
2022-07-04,20231.26171875,1151.05908203125,21594638208,13670889311,9.914984296914424,0.047275427183008034,25716.4362109375,37387.92555664063,0.9039383622188006,7.048437738448148,0.0695094629244224,1535.8995373535156,2647.9994454956054,1.2104678799585098
2022-07-05,20190.115234375,1134.541015625,26715546990,16195518291,9.912948418788119,-0.002035878126305235,25522.98015625,37257.86541015625,0.9031076486494443,7.033983456607378,-0.014454281840770022,1518.1358386230468,2634.2747177124024,1.208931613529538
2022-07-06,20548.24609375,1186.9739990234375,24598943708,15373536703,9.930530868046002,0.017582449257883326,25325.4279296875,37126.36275390625,0.8834049709780131,7.079162489587478,0.04517903298010051,1500.0671350097657,2620.4052871704102,1.2174715832073297
2022-07-07,21637.587890625,1237.5933837890625,25814972520,14230795894,9.982187261434621,0.05165639338861894,25183.7742578125,37001.01561523438,0.912544505808035,7.120923953243485,0.04176146365600708,1486.4858801269531,2606.980291442871,1.2327623551329587
2022-07-08,21731.1171875,1222.5062255859375,49899834488,16315929082,9.986500484147044,0.004313222712422515,25012.109921875,36875.269814453124,0.911766782202988,7.108658313839895,-0.012265639403590711,1470.5692810058595,2593.4236001586914,1.2327534626531393
2022-07-09,21592.20703125,1216.978271484375,29641127858,8821353104,9.9800877429832,-0.00641274116384416,24859.9392578125,36738.547783203125,0.9115111325344927,7.104126238665753,-0.004532075174141781,1455.6825329589844,2579.407191467285,1.232516507709106
2022-07-10,20860.44921875,1168.401611328125,28688807249,10984558039,9.945610263258173,-0.03447747972502668,24688.5037109375,36599.70747070313,0.9114251213206026,7.063391949602095,-0.04073428906365795,1439.5601989746094,2565.3387014770506,1.2182105741004463
2022-07-11,19970.556640625,1097.236572265625,24150249025,12064180410,9.902014299863406,-0.04359596339476646,24481.440390625,36445.63755859375,0.9172578104376382,7.00055009086815,-0.06284185873394499,1420.6415270996094,2550.284806213379,1.2039734839972454
2022-07-12,19323.9140625,1038.191650390625,25810220018,12583282453,9.869098678474385,-0.032915621389021155,24285.94046875,36288.14615234375,0.9054145473947501,6.945235680970714,-0.05531440989743608,1401.9617224121093,2535.2358499145507,1.2032797867613332
2022-07-13,20212.07421875,1113.587158203125,33042430345,18302588147,9.914035438419207,0.0449367599448216,24097.070234375,36137.0572265625,0.7096631453910996,7.015341757727676,0.07010607675696257,1384.653809814453,2520.3373806762697,1.0656333972849783
2022-07-14,20569.919921875,1191.5262451171875,31158743333,16688640823,9.931585089682448,0.017549651263241373,23917.22140625,35985.85924804687,0.7126207334552224,7.082990323251463,0.06764856552378617,1369.5877770996094,2505.9583712768554,1.0932572673585124
2022-07-15,20836.328125,1233.129150390625,25905575359,17411448225,9.944453286725341,0.012868197042893215,23748.6034765625,35836.838798828125,0.7115613135272361,7.117310242521342,0.03431991926987976,1358.1720935058593,2491.936278991699,1.0982917210929974
2022-07-16,21190.31640625,1352.62646484375,24302954056,18364013796,9.961299583017311,0.016846296291969765,23599.8583203125,35704.84610351562,0.6170162090637548,7.209803510854908,0.0924932683335653,1350.7261657714844,2479.6949459838866,1.0144783445261358
2022-07-17,20779.34375,1338.6357421875,22927802083,16079711737,9.941714683307564,-0.01958489970974675,23439.1471875,35576.51926757812,0.6211561211224845,7.199406271481071,-0.01039723937383652,1342.3400451660157,2468.245466003418,1.015823348928361
2022-07-18,22485.689453125,1578.7178955078125,39974475562,27440420623,10.020634361537693,0.07891967823012891,23299.9418359375,35453.05708984375,0.6198758628670069,7.364368338070959,0.16496206658988743,1337.6737829589845,2457.5697952270507,1.0964590642640708
2022-07-19,23389.43359375,1542.9752197265625,48765202697,27753529276,10.060039643541112,0.03940528200341831,23133.2026953125,35338.47203125,0.5767643693142346,7.34146779243288,-0.02290054563807864,1328.6044616699219,2446.8715072631835,1.0276276297359646
2022-07-20,23231.732421875,1520.20068359375,42932549127,22942708340,10.053274399904742,-0.0067652436363694335,22961.9911328125,35216.19663085938,0.5780251967839588,7.3265976338054015,-0.014870158627478425,1320.1619152832031,2435.6240255737303,1.0308337606885474
2022-07-21,23164.62890625,1576.74951171875,33631012204,20009556587,10.050381778134694,-0.0028926217700480095,22829.302109375,35095.29368164062,0.5784982816224686,7.363120735867955,0.036523102062553825,1315.225518798828,2424.359948425293,1.0338802064835788
2022-07-22,22714.978515625,1537.4051513671875,31421555646,18926100582,10.030779832369811,-0.019601945764883055,22674.2519140625,34976.57798828125,0.5674263156585174,7.337851307610073,-0.025269428257882254,1309.2906115722656,2413.24007232666,1.0034521513788779
2022-07-23,22465.478515625,1549.2974853515625,24021799169,14998811383,10.019735121772623,-0.011044710597188256,22529.473671875,34859.417509765626,0.5409607400404233,7.345556871914091,0.007705564304018253,1304.774989013672,2402.016276550293,0.9700582537214039
2022-07-24,22609.1640625,1599.4766845703125,23565495303,17217849557,10.026110592562882,0.006375470790258575,22384.998671875,34754.61831054687,0.5409065436240966,7.377431782584559,0.031874910670467216,1300.7323327636718,2392.261725158691,0.9489681640397459
2022-07-25,21361.701171875,1445.3834228515625,35574561406,20585056021,9.969354932780849,-0.05675565978203245,22214.099453125,34645.62216796875,0.5768383751162839,7.276129909882851,-0.10130187270170765,1293.5359020996093,2382.396601257324,1.0234449325809676
2022-07-26,21239.75390625,1441.8067626953125,28624673855,18238563509,9.963629888954006,-0.00572504382684258,22011.48109375,34544.03142578125,0.571707140743265,7.273652302412601,-0.002477607470249943,1285.1862438964845,2373.639582824707,1.0133170197661239
2022-07-27,22930.548828125,1636.232666015625,31758955233,23007524016,10.040225310503368,0.07659542154936183,21846.9825,34450.01446289063,0.6277156066915855,7.400151723441869,0.12649942102926826,1281.629930419922,2366.360882873535,1.0955920967964545
2022-07-28,23843.88671875,1725.4681396484375,40212386158,27231399966,10.079283141395383,0.03905783089201442,21719.573125,34359.675888671874,0.6326863435542376,7.453253677950572,0.05310195450870303,1280.2678479003907,2359.1994662475586,1.0884141261911668
2022-07-29,23804.6328125,1727.406982421875,35887249746,23249531113,10.077635496703943,-0.0016476446914399645,21593.4258203125,34269.592744140624,0.6311719584051614,7.454376708994943,0.0011230310443703928,1279.0194665527345,2352.4210116577146,1.0717703526255586
2022-07-30,23656.20703125,1695.969482421875,28148218301,15576977870,10.071380813237761,-0.006254683466181632,21484.8738671875,34174.19450195313,0.6278706387862295,7.43600982233493,-0.018366886660012405,1279.6380114746094,2344.7103012084963,1.066782472049041
2022-07-31,23336.896484375,1681.517333984375,23553591896,14200735370,10.057790927178154,-0.013589886059607537,21384.3955859375,34071.1334765625,0.6211194775996035,7.427451839770887,-0.008557982564043165,1282.6750891113281,2336.256596374512,1.067187077230897
2022-08-01,23314.19921875,1635.19580078125,25849159141,16191371176,10.056817862469863,-0.0009730647082903943,21315.4266015625,33974.74662109375,0.6210526598733558,7.399517831990708,-0.027934007780179293,1286.4746740722655,2328.1911325073243,1.077491513054226
2022-08-02,22978.1171875,1632.9454345703125,28389250717,20426082309,10.04229761538725,-0.014520247082613125,21325.241171875,33874.1387109375,0.6252428230092522,7.398140678187037,-0.001377153803670872,1295.0419274902345,2319.805852355957,1.0785778791092435
2022-08-03,22846.5078125,1618.87451171875,26288169966,16786218830,10.036553553679708,-0.0057440617075421585,21338.03546875,33772.4842578125,0.6081133096308144,7.38948644092607,-0.008654237260967257,1303.1861608886718,2311.247571105957,1.0622584038306844
2022-08-04,22630.95703125,1608.205810546875,25120229769,14467440626,10.027074028111187,-0.009479525568520941,21339.1978125,33670.0696484375,0.6096037221250699,7.38287443318231,-0.006612007743759918,1310.6861486816406,2302.5339907836915,1.0602092126482932
2022-08-05,23289.314453125,1732.254638671875,28881249043,18546491876,10.055749927199347,0.02867589908816015,21397.35109375,33575.263466796874,0.6139719448531918,7.4571790983344,0.07430466515209044,1323.9766271972655,2295.133739318848,1.0765508348233328
2022-08-06,22961.279296875,1691.6580810546875,15978259885,11757911705,10.041564567386294,-0.014185359813053466,21447.14703125,33478.19169921875,0.5924597331055879,7.433464439990391,-0.023714658344009543,1336.079403076172,2287.771903991699,1.0784520904139503
2022-08-07,23175.890625,1699.350830078125,15886817043,10252090340,10.050867820116338,0.009303252730044065,21530.3119921875,33385.34951171875,0.5929626159433341,7.438001592455505,0.004537152465114325,1350.1936840820313,2280.789528503418,1.0755926453911624
2022-08-08,23809.486328125,1775.51611328125,28575544847,16841424404,10.077839365460918,0.026971545344579795,21595.4362890625,33300.99485351562,0.5983079870847016,7.4818464276904555,0.04384483523495053,1363.1508764648438,2274.661508483887,1.0800397031680067
2022-08-09,23164.318359375,1703.0250244140625,23555719219,16368619692,10.050368371964542,-0.02747099349637594,21646.7319140625,33234.52986328125,0.5932235987248563,7.440161374867155,-0.041685052823300595,1374.6585278320313,2270.386975402832,1.0806354546359112
2022-08-10,23947.642578125,1851.74267578125,32837431722,23512477984,10.083625167018424,0.033256795053882016,21711.4728125,33179.11682617188,0.5767841659359014,7.52388246158991,0.08372108672275491,1389.1968896484375,2267.6197830200194,1.0728196016990974
2022-08-11,23957.529296875,1881.22412109375,37127036580,23826986482,10.084037929085792,0.00041276206736817755,21790.8828125,33117.52044921875,0.5599115476474115,7.539677972173332,0.015795510583422434,1405.7929345703126,2264.3507083129884,1.0403005424097589
2022-08-12,24402.818359375,1957.2464599609373,27265804688,17168141904,10.102453911142689,0.018415982056897207,21857.221640625,33056.262900390626,0.5448321049604963,7.57929389710632,0.03961592493298749,1422.0701293945312,2261.9351791381837,1.0271011706399913
2022-08-13,24424.068359375,1981.3365478515625,22987346289,16038975216,10.103324333271548,0.0008704221288589054,21921.0698828125,32993.61322265625,0.5435948597961923,7.591526920129698,0.012233023023378031,1437.1599658203124,2259.562186584473,1.0120059428377814
2022-08-14,24319.333984375,1936.802001953125,22994133555,14062754456,10.099026950194217,-0.004297383077330963,21977.4098046875,32930.949287109375,0.5440529780922307,7.568793439262888,-0.02273348086681004,1451.0270678710938,2256.906045227051,1.0192228376754648
2022-08-15,24136.97265625,1904.2281494140625,35123501685,20349931313,10.091500079009762,-0.00752687118445472,22039.603359375,32865.942978515624,0.5441017623768271,7.551832034545637,-0.01696140471725105,1465.1149975585938,2254.3121798706056,0.985494604390489
2022-08-16,23883.291015625,1878.139404296875,27753685646,15637578930,10.080934372735626,-0.010565706274135778,22102.559609375,32796.4377734375,0.5400043013117799,7.538036887203313,-0.013795147342323233,1478.8041723632812,2250.967416687012,0.9865113103306157
2022-08-17,23335.998046875,1832.9996337890625,30931623076,20308508124,10.057752427851762,-0.023181944883864603,22163.666875,32722.426865234374,0.4770023002273315,7.51370904805194,-0.02432783915137371,1492.5725805664063,2247.1469912719726,0.8227416352293118
2022-08-18,23212.73828125,1847.0078125,23747613147,14999352229,10.052456470820983,-0.005295957030778453,22225.841171875,32648.902548828126,0.45704981686948515,7.521322210022454,0.007613161970514426,1507.5338598632814,2243.3646975708007,0.8165894832205717
2022-08-19,20877.552734375,1612.9873046875,40509610260,25906358731,9.946429828919296,-0.10602664190168731,22247.6976953125,32560.8746875,0.5874035703678452,7.385843207472723,-0.13547900254973122,1518.4476293945313,2237.9882400512697,0.9524432346443749
2022-08-20,21166.060546875,1577.0037841796875,27595671000,18334580263,9.960154260221959,0.013724431302662765,22285.6315625,32472.988623046876,0.5904932454963862,7.363281986566809,-0.022561220905913615,1528.7923583984375,2231.912673034668,0.9477541813455947
2022-08-21,21534.12109375,1619.3189697265625,23102307723,15849221752,9.977393983734515,0.017239723512556537,22331.4688671875,32395.894306640625,0.591444576328891,7.3897609507804995,0.026478964213690226,1539.8484814453125,2226.5949978637695,0.9475733699905116
2022-08-22,21398.908203125,1622.505859375,31666498758,18557078599,9.971095181162893,-0.00629880257162263,22373.5055078125,32317.11583984375,0.590740087195783,7.39172705989684,0.00196610911634032,1550.8232592773438,2221.3117141723633,0.9473292981083642
2022-08-23,21528.087890625,1662.7698974609375,31878280659,18322041914,9.977113775017555,0.006018593854662413,22399.44203125,32217.251904296874,0.5906805915867979,7.416240103690999,0.024513043794159195,1561.0574755859375,2214.7076290893556,0.9447065521540127
2022-08-24,21395.01953125,1657.0592041015625,31962253368,16780932907,9.970913441739025,-0.006200333278529868,22423.5401171875,32117.021181640626,0.556642472102574,7.41279974648143,-0.0034403572095689228,1571.5078393554688,2207.919684143066,0.8696288477377195
2022-08-25,21600.904296875,1696.45703125,31028679593,14818795695,9.980490458391982,0.009577016652956516,22444.59328125,32012.96353515625,0.5572023552668058,7.4362972560225975,0.02349750954116736,1581.6975,2201.1145889282225,0.8717020802304297
2022-08-26,20260.01953125,1507.7828369140625,42326789564,26713710143,9.916404741832318,-0.06408571655966355,22417.0419140625,31895.06220703125,0.5310473878944822,7.31839553084643,-0.11790172517616782,1587.1012890625,2192.941149597168,0.8612266289430985
2022-08-27,20041.73828125,1491.39501953125,30116729776,18120831899,9.905572292018391,-0.01083244981392717,22383.2543359375,31774.678671875,0.5079962181070723,7.307467215645389,-0.010928315201041094,1592.4790649414062,2184.7850814819335,0.8376222924185668
2022-08-28,19616.814453125,1430.54736328125,24366810591,12823572918,9.884142357711136,-0.02142993430725504,22343.746484375,31651.068759765625,0.5106451881401582,7.2658124215409705,-0.04165479410441808,1596.7504467773438,2175.74053314209,0.8470143061335147
2022-08-29,20297.994140625,1553.037353515625,32637854078,17965837488,9.91827734934112,0.03413499162998335,22332.4973828125,31534.7331640625,0.5299100423291639,7.347967875348565,0.08215545380759437,1604.4431616210939,2168.118309020996,0.8998908656037752
2022-08-30,19796.80859375,1523.8388671875,34483360283,21835784470,9.893276021557552,-0.025001327783567007,22329.022421875,31421.67751953125,0.533691640908052,7.328988000464832,-0.018979874883733316,1612.9752075195313,2161.100585632324,0.9014434479860005
2022-08-31,20049.763671875,1553.6849365234375,33225232872,20591680941,9.905972645726346,0.012696624168793136,22343.5394140625,31310.703994140626,0.5372637954349129,7.34838476682243,0.01939676635759824,1623.2850732421875,2154.282196350098,0.9002694586103165
2022-09-01,20127.140625,1586.1767578125,30182031010,16434276817,9.909824463089882,0.0038518173635360142,22341.8407421875,31200.352119140625,0.5370002260637166,7.369081844794735,0.020697077972305244,1632.736865234375,2147.7957632446287,0.9036566983460215
2022-09-02,19969.771484375,1577.220458984375,29123998928,17708478709,9.901974983398722,-0.0078494796911599,22329.8377734375,31087.26638671875,0.537115976602284,7.363419373631473,-0.005662471163262239,1640.4507495117186,2141.0144705200196,0.9033966599252037
2022-09-03,19832.087890625,1556.8726806640625,23613051457,9516825994,9.895056505463224,-0.006918477935498046,22309.75296875,30963.550810546876,0.5368905369140556,7.3504343962772785,-0.01298497735419435,1646.9256201171875,2132.8994479370117,0.9041797374210154
2022-09-04,19986.712890625,1577.6416015625,25245861652,8884144998,9.902822976285494,0.007766470822270222,22285.6808984375,30843.675078125,0.525510479730889,7.36368635365947,0.013251957382191648,1651.4259228515625,2125.1485055541993,0.8643118134305835
2022-09-05,19812.37109375,1617.1832275390625,28813460025,13060541168,9.894061824289322,-0.00876115199617189,22266.3414453125,30740.046875,0.5246697829835124,7.388441166416187,0.02475481275671676,1656.9968725585939,2118.827012023926,0.866306044140447
2022-09-06,18837.66796875,1561.74853515625,43403978910,22946059125,9.84361375961696,-0.05044806467236107,22193.381015625,30634.08033203125,0.5452778682737738,7.353561328423023,-0.034879837993163854,1656.6574853515624,2112.7071170043946,0.8737268129380226
2022-09-07,19290.32421875,1629.9063720703125,35239757134,19560363854,9.867358913366097,0.023745153749135994,22111.398828125,30529.921171875,0.5428655472563725,7.396277851703381,0.04271652328035813,1658.3961083984375,2107.0381430053712,0.8729769720958073
2022-09-08,19329.833984375,1635.34765625,32194477850,17621046717,9.869404983669634,0.0020460703035372063,22033.360859375,30434.413447265626,0.5386138928387905,7.399610694520042,0.003332842816661241,1660.6990478515625,2102.071639099121,0.8618237921110855
2022-09-09,21381.15234375,1719.08544921875,48469528171,20242323690,9.970265081337525,0.10086009766789061,21997.691328125,30355.942802734375,0.6423149887119629,7.449547712826152,0.049937018306109415,1663.5457666015625,2097.797985534668,0.8272113924349958
2022-09-10,21680.5390625,1776.2037353515625,36913738894,13130928217,9.984170319750923,0.013905238413398635,21977.0025390625,30272.915361328123,0.6451410846964797,7.48223363282386,0.03268591999770809,1668.32173828125,2093.4825076293946,0.833977807895088
2022-09-11,21769.255859375,1761.800048828125,34493951963,12464301922,9.988253971713968,0.004083651963044943,21963.0780859375,30195.2787890625,0.6409845019467751,7.4740913203906025,-0.00814231243325736,1672.5717895507812,2089.339709777832,0.8205738698846223
2022-09-12,22370.44921875,1713.7652587890625,50212088965,17688391310,10.015496135585632,0.027242163871664005,21958.3037890625,30115.46798828125,0.649944234133131,7.446448134579592,-0.02764318581101044,1674.8575610351563,2084.918200378418,0.8227323746469923
2022-09-13,20296.70703125,1580.7879638671875,51091116622,23066821734,9.918213936662209,-0.09728219892342338,21937.00390625,30020.8804296875,0.7285800017711911,7.365678713014204,-0.08076942156538802,1677.5656518554688,2078.999461975098,0.862562774695449
2022-09-14,20241.08984375,1634.7550048828125,37872380889,17897150206,9.915469967986835,-0.0027439686753734094,21917.030625,29926.56013671875,0.728647086971466,7.3992482279952325,0.03356951498102845,1681.4246166992189,2073.2676779174803,0.8729936408467986
2022-09-15,19701.2109375,1471.6934814453125,36389011503,26946275878,9.888435381745573,-0.027034586241262204,21852.4438671875,29836.517265625,0.7322390962466696,7.294169044891597,-0.10507918310363529,1678.1338330078124,2067.5171365356446,0.9399531511924383
2022-09-16,19772.583984375,1432.44775390625,30123362273,16764804299,9.892051609919006,0.0036162281734331003,21771.0178125,29719.414013671874,0.7304806870401014,7.267139975956063,-0.02702906893553436,1672.2734252929688,2060.0833694458006,0.9405860785093078
2022-09-17,20127.576171875,1469.74169921875,24957448100,10798098671,9.909846102634743,0.017794492715736965,21697.4766796875,29598.2787109375,0.7349973460059209,7.292841949515948,0.025701973559884905,1667.1201196289062,2052.5696524047853,0.9465157970362762
2022-09-18,19419.505859375,1335.3291015625,31254779144,15762284723,9.874033296587243,-0.0358128060475007,21612.74265625,29475.755654296874,0.6490049936393825,7.196933058478119,-0.09590889103782896,1659.9073120117187,2044.495705871582,0.8874578775982971
2022-09-19,19544.12890625,1377.5413818359375,40177002624,18712714223,9.880430208610155,0.006396912022912815,21536.8873046875,29361.217353515625,0.6472125847667639,7.228055581836049,0.0311225233579302,1653.82779296875,2037.2110678100587,0.8947996996562966
2022-09-20,18890.7890625,1324.38818359375,36791346508,14722317220,9.846429731063068,-0.034000477547087016,21448.4191015625,29259.983271484376,0.6520461919566582,7.188705883550648,-0.03934969828540069,1647.611640625,2030.7472286987304,0.8955685275099741
2022-09-21,18547.400390625,1252.6077880859375,46363793975,20643507800,9.828084917547844,-0.01834481351522399,21359.804765625,29155.71734375,0.6538470270810862,7.132982887608258,-0.05572299594239016,1640.0048876953124,2023.6861123657227,0.9110140995594961
2022-09-22,19413.55078125,1327.68017578125,41135767926,18461527259,9.873726595096974,0.04564167754912951,21291.145625,29060.68517578125,0.6762951413518583,7.191188469541796,0.058205581933537864,1634.1810009765625,2017.5493264770507,0.9337360918109612
2022-09-23,19297.638671875,1328.259521484375,38896078052,18771106339,9.867738018800262,-0.0059885762967120115,21224.4792578125,28966.863173828126,0.676284690988069,7.19162473374833,0.00043626420653364306,1628.5820751953124,2011.7017678833008,0.934046174436159
2022-09-24,18937.01171875,1317.9932861328125,26149643168,12098209717,9.848873578090933,-0.018864440709329244,21137.433203125,28867.861884765625,0.6766712514401114,7.183865621068304,-0.007759112680025382,1620.2968481445312,2005.407996520996,0.9273834891019923
2022-09-25,18802.09765625,1294.216796875,23359966112,11802651633,9.841723720053846,-0.007149858037086787,21054.2495703125,28751.957744140625,0.6416883363177177,7.165661001116444,-0.0182046199518604,1612.3480224609375,1998.230163269043,0.840356837942605
2022-09-26,19222.671875,1335.3201904296875,44148798321,16034549271,9.863845688211141,0.022121968157295058,20975.1851953125,28650.883798828127,0.6465724279228234,7.196926385095104,0.031265383978659855,1605.0674096679688,1991.8665213012696,0.8495059030373159
2022-09-27,19110.546875,1330.127685546875,58571439619,17870598937,9.857995654040971,-0.0058500341701694936,20881.20640625,28552.461669921875,0.6427675877774172,7.193030220778277,-0.0038961643168269333,1596.1596411132812,1985.7193447875977,0.8384013387606644
2022-09-28,19426.720703125,1337.410888671875,53071298734,18994979566,9.874404753198162,0.016409099157190354,20806.454453125,28455.07521484375,0.6335242556590351,7.198490851258542,0.005460630480265571,1588.8473583984376,1979.532628479004,0.78178624373895
2022-09-29,19573.05078125,1335.65234375,41037843771,13796915736,9.881908938953254,0.007504185755092152,20718.9626171875,28363.6921484375,0.6284487697180691,7.197175098489026,-0.0013157527695160098,1578.5255517578125,1973.6161672973633,0.7802320846605117
2022-09-30,19431.7890625,1327.9786376953125,43975248085,14250100093,9.874665615461502,-0.007243323491751497,20628.4478125,28262.51732421875,0.6270743620400975,7.19141324383419,-0.0057618546548363625,1567.4606420898438,1967.3025802612306,0.7754975526096906
2022-10-01,19312.095703125,1311.6444091796875,18719537670,6227961237,9.868486898954952,-0.00617871650655033,20526.633359375,28162.383876953125,0.62706484052259,7.179036903180225,-0.012376340653965201,1554.5486010742188,1960.7600540161134,0.7701413623958233
2022-10-02,19044.107421875,1276.093505859375,20765955327,7578351650,9.854513011018675,-0.013973887936277407,20419.034140625,28051.884765625,0.628223178245138,7.1515587416739095,-0.027478161506315324,1540.443740234375,1953.2802432250976,0.7736529596090171
2022-10-03,19623.580078125,1323.439208984375,30484729489,10153070907,9.88448718732602,0.02997417630734489,20325.1190625,27945.245771484377,0.6373917300033921,7.187989088601954,0.0364303469280447,1528.176484375,1945.823166809082,0.7879598906059504
2022-10-04,20336.84375,1362.1265869140625,35887278685,10139774963,9.920189483028798,0.035702295702778386,20249.116484375,27837.924208984376,0.6492090844198015,7.21680242432459,0.02881333572263589,1517.334453125,1937.9070846557618,0.7944426589347393
2022-10-05,20160.716796875,1352.837158203125,33223790572,9774451820,9.911491276953772,-0.008698206075026249,20174.665,27727.77453125,0.6491977235066894,7.209959264832161,-0.006843159492428974,1506.828408203125,1929.9399850463867,0.787211818546911
2022-10-06,19955.443359375,1351.70947265625,34711412966,12033514861,9.901257235195176,-0.010234041758595325,20107.05390625,27621.312626953124,0.6240811928743716,7.209125346422798,-0.000833918409362866,1497.2026049804688,1922.3962362670898,0.780391710723725
2022-10-07,19546.849609375,1332.5169677734375,29227315390,10061619355,9.880569407127702,-0.02068782806747471,20033.7361328125,27513.65689453125,0.6237694823140237,7.194824889747622,-0.01430045667517632,1486.9127880859376,1914.568938293457,0.7618038398900122
2022-10-08,19416.568359375,1315.50048828125,16437423167,5804676208,9.873882019710539,-0.006687387417162682,20004.5164453125,27398.945693359376,0.6242302087667145,7.181972471655687,-0.012852418091934936,1480.9630517578125,1906.2807852172853,0.7612086111371666
2022-10-09,19446.42578125,1322.604248046875,16837262532,5486230123,9.87541856769968,0.0015365479891418232,19970.12375,27281.713037109374,0.5078295969962053,7.187357987126282,0.005385515470594626,1475.8750610351562,1897.7384707641602,0.7344717591745606
2022-10-10,19141.484375,1291.337646484375,27425022774,8794491050,9.859613215552592,-0.01580535214708867,19922.271015625,27157.615791015625,0.505832596270317,7.163433895368918,-0.02392409175736354,1469.3154345703124,1888.6548489379884,0.7206991834335561
2022-10-11,19051.41796875,1279.57568359375,28711532910,9274845260,9.854896811839888,-0.00471640371270432,19875.3212109375,27031.129228515623,0.5049598845202992,7.15428380476394,-0.009150090604977734,1462.4568310546874,1879.5193704223632,0.7206640314859643
2022-10-12,19157.4453125,1294.9063720703125,24950173846,8355638578,9.86044670821436,0.0055498963744717855,19827.908359375,26904.412314453126,0.49336270805686605,7.166193671960294,0.011909867196354007,1455.099560546875,1870.2780075073242,0.722136916718495
2022-10-13,19382.904296875,1288.1239013671875,44219840004,17499038202,9.872146734736656,0.011700026522296625,19787.6660546875,26767.224375,0.3677112468088147,7.160942098751347,-0.005251573208947313,1447.7208544921875,1860.2607388305664,0.6746006774444135
2022-10-14,19185.65625,1297.422119140625,38452356727,13113767755,9.861918208507285,-0.010228526229370871,19739.36109375,26627.51263671875,0.36894550769396645,7.168134589454826,0.0071924907034786045,1439.74015625,1850.0646768188476,0.6608558200204253
2022-10-15,19067.634765625,1274.8717041015625,16192235532,6798512624,9.855747661831694,-0.0061705466755910265,19715.5133984375,26485.522158203126,0.3579888676821391,7.1506008282955,-0.017533761159326033,1435.08193359375,1839.4290963745118,0.5615951862172119
2022-10-16,19268.09375,1306.296630859375,17988916650,7491625206,9.866205833318512,0.010458171486817491,19700.0405078125,26346.549306640623,0.35991117309148724,7.174951413341503,0.024350585046003737,1431.3799658203125,1829.0347897338868,0.5645697283961686
2022-10-17,19550.7578125,1331.713623046875,27472552998,9401189650,9.880769327449979,0.01456349413146718,19698.719375,26216.609716796876,0.35797448610695903,7.194221830272457,0.019270416930953438,1429.403291015625,1819.285143737793,0.5608775749906243
2022-10-18,19334.416015625,1310.447021484375,30580012344,10416747806,9.869642000100649,-0.011127327349329974,19679.4478125,26081.87357421875,0.3375029027576719,7.1781235957611615,-0.016098234511295217,1424.551484375,1808.5896176147462,0.4538755094277943
2022-10-19,19139.53515625,1285.7442626953125,22425387184,8350692785,9.859511378204708,-0.010130621895941161,19666.30234375,25948.22650390625,0.3383923643880817,7.15909302242093,-0.01903057334023117,1419.7895922851562,1797.7930422973632,0.4433094364318926
2022-10-20,19053.740234375,1283.200927734375,24493974420,9009111996,9.855018699045578,-0.004492679159129764,19646.381875,25811.227373046873,0.31680595098413056,7.157112960097007,-0.0019800623239234483,1414.379912109375,1786.5948794555663,0.4226826834326457
2022-10-21,19172.46875,1299.9464111328125,32459287866,10412565245,9.861230609698971,0.0062119106533931046,19627.2884375,25673.976337890625,0.3101387570377207,7.170078320394441,0.012965360297434003,1408.6553051757812,1775.488405456543,0.3762140352196529
2022-10-22,19208.189453125,1314.2991943359375,16104440957,7175324564,9.863092001093024,0.001861391394053058,19612.056796875,25542.23732421875,0.26537523352209497,7.1810588704891725,0.010980550094731534,1403.3968798828125,1765.000939025879,0.31772336647574895
2022-10-23,19567.0078125,1363.447021484375,22128794335,9909510925,9.881600152047197,0.018508150954172464,19606.7551953125,25424.038671875,0.27249016536339893,7.217771346733838,0.03671247624466556,1399.5283666992189,1755.9597146606445,0.3430243984842096
2022-10-24,19345.572265625,1344.99853515625,30202235805,13092820173,9.870218848791929,-0.011381303255268094,19593.9323828125,25303.247294921875,0.2670050236667769,7.204148202932187,-0.013623143801651416,1394.8755053710938,1746.5183340454103,0.34548241604257973
2022-10-25,20095.857421875,1461.6654052734375,47761524910,25367291294,9.908268974391792,0.038050125599863094,19599.602109375,25192.28826171875,0.2953033107599889,7.287331753154977,0.08318355022279,1391.7651489257812,1737.8662911987306,0.44298875652869996
2022-10-26,20770.44140625,1566.566650390625,58895950537,32705548427,9.94128616875074,0.03301719435894768,19638.257578125,25082.22978515625,0.306768802716025,7.356641656815973,0.06930990366099632,1391.8615112304688,1729.3895431518554,0.4898028849600332
2022-10-27,20285.8359375,1514.3748779296875,49625110402,22813499245,9.917678184429118,-0.0236079843216217,19658.1678125,24972.62060546875,0.3189243013842584,7.322758010963069,-0.03388364585290393,1389.5508813476563,1720.9020828247071,0.5077474951741162
2022-10-28,20595.3515625,1555.4779052734375,43994715910,19974623205,9.932820677008536,0.015142492579418132,19683.4781640625,24877.9878515625,0.3182333708781601,7.349538111976725,0.02678010101365569,1387.953486328125,1713.7742111206055,0.5137580731070462
2022-10-29,20818.4765625,1619.698486328125,40369840645,21618154775,9.9435961676618,0.010775490653264441,19672.2246484375,24781.44431640625,0.3191555709360792,7.389995291353497,0.04045717937677207,1385.9657470703125,1706.7208212280273,0.5277310289989534
2022-10-30,20635.603515625,1590.7833251953125,31486345556,13930073427,9.934773188942176,-0.008822978719624786,19651.3259375,24678.788681640624,0.3197818373346027,7.371981831254028,-0.01801346009946858,1382.2573388671874,1699.0830166625976,0.5329966752081567
2022-10-31,20495.7734375,1572.7144775390625,45668466815,19306919714,9.927973970089276,-0.006799218852899358,19625.8562890625,24581.589970703124,0.31998892441828247,7.360558371985601,-0.011423459268427472,1378.4756274414062,1691.8470419311523,0.5325929659949196
2022-11-01,20485.2734375,1579.70458984375,39819303159,14507311208,9.927461538073482,-0.0005124320157943174,19588.1527734375,24481.249013671873,0.3149453406514101,7.364993140086909,0.004434768101308606,1375.7944140625,1684.5409823608397,0.518759700205932
2022-11-02,20159.50390625,1519.7117919921875,55552169483,23254218281,9.911431114057626,-0.01603042401585597,19585.4087109375,24379.924111328124,0.3050324750285981,7.326275985330517,-0.0387171547563927,1374.572890625,1676.827989807129,0.5313787704900256
2022-11-03,20209.98828125,1531.541748046875,43228750179,14248351007,9.913932230548413,0.002501116490787325,19584.7866796875,24282.389287109374,0.2781521820958781,7.334030185481363,0.00775420015084638,1372.5086254882813,1669.5186819458008,0.5243362606826598
2022-11-04,21147.23046875,1645.0933837890625,64072727950,20806964347,9.959264228796085,0.04533199824767209,19613.7070703125,24183.994365234375,0.31833918695773555,7.405552429849044,0.07152224436768062,1375.9766235351562,1662.4561154174805,0.573095318661137
2022-11-05,21282.69140625,1627.968017578125,37846047609,11006973190,9.965649411315797,0.006385182519711208,19643.90921875,24082.894072265626,0.3158365030811148,7.3950879011472335,-0.010464528701810139,1379.8870288085936,1655.0754232788086,0.57562957696371
2022-11-06,20926.486328125,1572.2347412109375,35082693210,11632744705,9.948770924047743,-0.016878487268053632,19659.887421875,23980.654609375,0.31263343792835085,7.360253288311126,-0.034834612836107226,1381.9368896484375,1647.5478677368164,0.5891310783680317
2022-11-07,20602.81640625,1568.59130859375,53510852236,15279963349,9.933183064182517,-0.01558785986522615,19683.5536328125,23881.031875,0.3173501517736148,7.357933239894765,-0.002320048416360798,1386.6021337890625,1640.453420715332,0.5861361717215813
2022-11-08,18541.271484375,1332.8355712890625,118992465607,42048003440,9.827754417371056,-0.10542864681146114,19663.496484375,23775.036630859377,0.4910212053812853,7.195063960198883,-0.16286927969588216,1385.708017578125,1632.2934201049804,0.8306758233052464
2022-11-09,15880.7802734375,1100.1697998046875,102905151606,38864492427,9.672864869200907,-0.15488954817014822,19603.29630859375,23657.006879882814,0.7254186343500945,7.003219810332456,-0.1918441498664274,1381.2236499023438,1623.1036990356445,1.0655042816458364
2022-11-10,17586.771484375,1299.464599609375,83202283721,28581002122,9.774902278212192,0.10203740901128455,19584.08373046875,23547.594272460938,0.8178887078956936,7.169707612163258,0.1664878018308018,1382.1607861328125,1614.9873587036134,1.2222036001421561
2022-11-11,17034.29296875,1287.2210693359375,55871616488,20920539099,9.74298382461089,-0.03191845360130152,19536.49857421875,23430.474194335937,0.8235733184830976,7.160240963890964,-0.009466648272293376,1381.3516040039062,1606.3764962768555,1.221969407852756
2022-11-12,16799.185546875,1255.268310546875,29717699419,10964962767,9.72908568486351,-0.013898139747380966,19486.52951171875,23323.88281738281,0.8223036670945194,7.135104621979804,-0.025136341911160542,1379.8917797851564,1598.6113461303712,1.2249691117552075
2022-11-13,16353.365234375,1221.8192138671875,27209183682,10717455214,9.70218897987881,-0.02689670498469887,19434.85658203125,23209.444038085938,0.8257447472925975,7.108096185961379,-0.027008436018424398,1377.9682983398438,1590.275793762207,1.227944254098278
2022-11-14,16618.19921875,1241.604248046875,49630243054,15028035663,9.71825371228341,0.01606473240459927,19391.17861328125,23093.665893554688,0.8290934973477071,7.1241595708526075,0.01606338489122816,1376.9160473632812,1581.7991104125977,1.2281873995458952
2022-11-15,16884.61328125,1251.7362060546875,36599436183,11798011594,9.734158029462925,0.01590431717951546,19344.41744140625,22985.03983886719,0.8305533990337914,7.132286831420706,0.008127260568098649,1375.2443676757812,1573.979782409668,1.225292730579211
2022-11-16,16669.439453125,1215.6025390625,33925512989,11939561598,9.721332349092188,-0.012825680370736947,19295.59529296875,22879.81266113281,0.8281729700903572,7.102995149772359,-0.02929168164834728,1372.9538647460938,1566.4068612670899,1.226678250981428
2022-11-17,16687.517578125,1200.80859375,27868914022,9723646871,9.722416268512838,0.0010839194206493374,19240.81123046875,22770.90478027344,0.8281895499657989,7.090750436980851,-0.012244712791507517,1370.2218188476563,1558.2721237182618,1.226235543254772
2022-11-18,16697.77734375,1212.30029296875,26862218609,7979913378,9.723030896358539,0.000614627845701321,19183.30576171875,22661.747026367186,0.8281847228323387,7.100274902416082,0.009524465435230667,1367.7547778320313,1550.0465731811523,1.2255563983811737
2022-11-19,16711.546875,1218.4267578125,16106223492,5978745776,9.723855189118218,0.0008242927596793237,19128.90091796875,22556.552495117186,0.8283969301717027,7.105315762774882,0.005040860358800359,1365.563740234375,1542.221325378418,1.2257996502271533
2022-11-20,16291.83203125,1142.4666748046875,21313378652,9651002684,9.698419158823798,-0.02543603029442032,19068.49564453125,22439.519799804686,0.830659793598845,7.040944953681841,-0.06437080909304171,1362.180185546875,1533.2304348754883,1.2436843841349188
2022-11-21,15787.2841796875,1108.35302734375,37429485518,14080099208,9.666960096236725,-0.031459062587073205,19003.3591796875,22335.580517578124,0.8350991211915321,7.010630433295932,-0.030314520385908317,1358.8253759765626,1525.0261343383788,1.2456362849013516
2022-11-22,16189.76953125,1135.1734619140625,30726828760,12040670755,9.692134811317116,0.025174715080391152,18934.68296875,22236.324755859376,0.8379345461082545,7.034540748118438,0.02391031482250572,1355.0600610351562,1517.2271029663086,1.2409440172775414
2022-11-23,16610.70703125,1183.1995849609375,32958875628,11242676044,9.717802768302853,0.025667956985737206,18860.160234375,22141.868525390626,0.8450505281028453,7.075977560619768,0.041436812501330245,1351.4815209960936,1509.9626358032226,1.2515630796659905
2022-11-24,16604.46484375,1203.983154296875,26129037414,9706372376,9.717426904670596,-0.00037586363225727837,18789.0351953125,22054.594521484374,0.8308766220943197,7.093390634323107,0.017413073703338888,1348.5044409179689,1503.3952517700195,1.214186158722451
2022-11-25,16521.841796875,1198.9259033203125,18678255976,5483308196,9.712438529775493,-0.00498837489510251,18720.3631640625,21985.71896484375,0.8186920011775141,7.089181354385878,-0.004209279937229304,1345.44876953125,1498.1627291870118,1.183121733940017
2022-11-26,16464.28125,1205.89794921875,18000008764,5074160558,9.70894854065387,-0.0034899891216237933,18658.711796875,21912.92583984375,0.8167548117072211,7.094979754485122,0.005798400099243928,1342.9163891601563,1492.4746640014648,1.1806755689637816
2022-11-27,16444.626953125,1195.126953125,20443898509,4486976868,9.707754073849289,-0.001194466804580685,18599.27296875,21850.467197265625,0.8131710643789386,7.086007695647555,-0.008972058837566799,1340.5089184570313,1488.0897555541992,1.1741431319355742
2022-11-28,16217.322265625,1170.086181640625,27743025156,7275411870,9.693835225608318,-0.013918848240971116,18534.6908984375,21786.315048828124,0.8107433748710077,7.064832684600974,-0.021175011046580927,1337.4585571289062,1484.1316787719727,1.1612203382619486
2022-11-29,16444.982421875,1216.9012451171875,23581685468,7639405818,9.707775689718664,0.01394046411034644,18480.760859375,21722.124443359375,0.8144471352093225,7.104062943529993,0.03923025892901855,1335.9698291015625,1480.1440939331055,1.1738664537789045
2022-11-30,17168.56640625,1295.6885986328125,29523576583,9836925304,9.750835456302609,0.04305976658394428,18443.103828125,21657.460947265627,0.8333862092795873,7.1667975692079295,0.06273462567793686,1336.2920874023437,1476.3411672973632,1.20009108839088
2022-12-01,16967.1328125,1276.27392578125,22895392882,6857935276,9.73903338770724,-0.011802068595368809,18399.297578125,21585.771044921876,0.8333972018849017,7.151700116242429,-0.01509745296550058,1335.9194384765624,1471.9940029907227,1.1997934298905384
2022-12-02,17088.66015625,1294.3033447265625,19539705127,6213645709,9.746170373753046,0.0071369860458059264,18353.4126953125,21521.899755859376,0.8339037091420511,7.165727871642352,0.014027755399922626,1336.04302734375,1468.3518899536132,1.1964056986752665
2022-12-03,16908.236328125,1243.3348388671875,16217776704,5672609405,9.735556138885249,-0.010614234867796668,18307.864296875,21454.311650390624,0.8335729216671552,7.125552434854156,-0.04017543678819546,1334.9612817382813,1464.1165182495117,1.201467543696373
2022-12-04,17130.486328125,1280.256591796875,16824520830,5174128454,9.748614981348615,0.01305884246336575,18269.121328125,21396.362724609375,0.816001406023122,7.154815799165081,0.0292633643109248,1335.0689794921875,1460.9345205688476,1.175490093273133
2022-12-05,16974.826171875,1259.6767578125,22209086834,6120359523,9.73948671213146,-0.009128269217153928,18223.2559765625,21329.665185546874,0.8145863363726725,7.138610425614494,-0.016205373550587154,1334.13658203125,1457.141223449707,1.1757901056296602
2022-12-06,17089.50390625,1271.65380859375,19889922369,5089212680,9.74621974738228,0.006733035250819697,18174.0308984375,21269.10900390625,0.8153420825565129,7.148073543801754,0.0094631181872602,1332.9353857421875,1453.692914123535,1.1734762816565638
2022-12-07,16848.126953125,1232.4375,19675404389,5752205180,9.731994769549843,-0.014224977832437702,18124.3051171875,21206.188505859376,0.8151700241836604,7.116749194691905,-0.03132434910984916,1331.3751953125,1449.9825100708008,1.1763553314115898
2022-12-08,17233.474609375,1281.1163330078125,20496603770,6227269815,9.754608969630882,0.02261420008103876,18086.18390625,21140.737265625,0.7387675869481211,7.155487111987123,0.038737917295217805,1331.28263671875,1446.1722409057618,1.0452653640704301
2022-12-09,17133.15234375,1264.2847900390625,20328426366,5706183865,9.748770599124994,-0.00583837050588798,18047.7721484375,21080.9084765625,0.494045683974336,7.142261857903845,-0.013225254083277349,1330.9043139648438,1442.632755432129,0.7900015189658944
2022-12-10,17128.724609375,1266.3841552734375,12706781969,3282499999,9.748512134919679,-0.00025846420531472347,18006.897265625,21018.274169921875,0.3393583440245208,7.143920996859849,0.0016591389560041137,1330.2330688476563,1439.0697622680664,0.5320733634896034
2022-12-11,17104.193359375,1263.8685302734375,14122486832,3362005848,9.74707893812229,-0.0014331967973895132,17964.81734375,20955.983330078125,0.3203941551489961,7.141932558437676,-0.001988438422173111,1329.2244555664063,1435.6649655151368,0.5311894475833284
2022-12-12,17206.4375,1274.6190185546875,19617581341,5151109364,9.753038866034595,0.005959927912305929,17917.6059375,20895.67939453125,0.31691430746549726,7.150402603963514,0.0084700455258373,1327.4478955078125,1433.0184939575195,0.5245523946626633
2022-12-13,17781.318359375,1320.5491943359375,26634741631,8812883119,9.785903654765324,0.03286478873072873,17886.320859375,20841.448115234376,0.31972520810648336,7.185802985368092,0.03540038140457824,1326.9589086914064,1430.9966256713867,0.5284996322249839
2022-12-14,17815.650390625,1309.3287353515625,25534481470,7830915428,9.787832585407495,0.001928930642170812,17840.71671875,20786.451865234376,0.316120165477873,7.177269869103209,-0.008533116264882956,1323.9121752929686,1428.75356048584,0.5275704659546887
2022-12-15,17364.865234375,1266.3538818359375,20964448341,6032859783,9.762204204386471,-0.025628381021023827,17772.6051953125,20726.04640625,0.3266744385722744,7.143897091160122,-0.033372777943086795,1317.907919921875,1426.0251748657226,0.5409656961498297
2022-12-16,16647.484375,1168.2593994140625,24031608960,9297811507,9.72001439540497,-0.04218980898150093,17699.8381640625,20650.651875,0.35690090339952363,7.063270227269601,-0.08062686389052143,1310.9856103515624,1421.8842654418945,0.602543292867816
2022-12-17,16795.091796875,1188.1495361328125,14463581825,5077258586,9.728841967757862,0.008827572352892332,17623.83296875,20575.66578125,0.3582285120137957,7.080152364167021,0.016882136897420352,1303.63904296875,1418.11337310791,0.6044612681672265
2022-12-18,16757.9765625,1184.7152099609375,10924354698,3350092519,9.726629636586503,-0.0022123311713588834,17542.62296875,20510.460263671874,0.35832443877611475,7.077257695538666,-0.0028946686283548573,1294.9393774414064,1414.9191024780273,0.6034583465198953
2022-12-19,16439.6796875,1167.60986328125,17221074814,4943628091,9.70745318469165,-0.01917645189485384,17458.7044921875,20440.321220703125,0.36456662378367194,7.0627140864273645,-0.014543609111301592,1286.475908203125,1411.586399230957,0.6049505703113601
2022-12-20,16906.3046875,1217.70361328125,22722096615,6684951715,9.735441889774123,0.027988705082472976,17386.9151171875,20376.330791015625,0.366282800638258,7.104722079808592,0.04200799338122785,1279.3756909179688,1408.799524230957,0.5788595932133442
2022-12-21,16817.53515625,1213.5999755859375,14882945045,4217182733,9.730177380353945,-0.005264509420177532,17313.5603515625,20311.253896484373,0.3477845433640846,7.101346407917264,-0.00337567189132848,1272.0535986328125,1405.859476623535,0.5673706300087981
2022-12-22,16830.341796875,1218.18212890625,16441573050,5297471739,9.730938595765025,0.0007612154110798741,17246.977109375,20245.872294921875,0.33768271107789977,7.105114968212894,0.00376856029563033,1266.0230053710939,1402.924362487793,0.5623660322400155
2022-12-23,16796.953125,1220.159423828125,15329265213,4835831923,9.728952787336203,-0.0019858084288220113,17178.71640625,20173.003701171874,0.32613870752269886,7.106736804458988,0.0016218362460937996,1259.7953588867188,1399.7287112426757,0.5443993911082478
2022-12-24,16847.755859375,1221.1485595703125,9744636213,2626153345,9.731972743490926,0.003019956154723502,17092.7269140625,20101.465087890625,0.3262558166584812,7.107547137119217,0.0008103326602286742,1251.3164624023439,1396.7642123413086,0.5411797248906265
2022-12-25,16841.986328125,1218.9620361328125,11656379938,3942720070,9.731630233816956,-0.00034250967397042587,17003.9128125,20034.6032421875,0.3256768059688692,7.10575498554496,-0.0017921515742562732,1243.1363427734375,1393.8911611938477,0.5409822116509314
2022-12-26,16919.8046875,1226.974365234375,11886957804,3282098400,9.736240089801628,0.004609855984671896,16923.7791796875,19968.642275390626,0.32560956429768856,7.112306552263142,0.0065515667181816895,1236.2311352539064,1391.0769027709962,0.5410805050866893
2022-12-27,16717.173828125,1212.7916259765625,15748580239,4091530737,9.72419184293325,-0.012048246868378243,16846.066328125,19906.80912109375,0.3286788305640928,7.1006801101615675,-0.011626442101574597,1229.1151416015625,1388.8156497192383,0.5417489412940454
2022-12-28,16552.572265625,1189.986083984375,17005713920,4991669631,9.714296792632998,-0.009895050300251285,16806.29234375,19847.7679296875,0.32674369578263335,7.081696891906421,-0.018983218255146816,1226.2581518554687,1387.117262878418,0.5406987116411393
2022-12-29,16642.341796875,1201.5953369140625,14472237479,4132233940,9.719705437458519,0.00540864482552017,16821.52357421875,19797.166396484376,0.32372768724070045,7.0914054002717,0.009708508365279478,1228.2866625976562,1385.8991567993164,0.5236632262689604
2022-12-30,16602.5859375,1199.2327880859375,15929162910,4055668253,9.717313741579758,-0.0023916958787602027,16801.83986328125,19767.7423828125,0.2848214290204705,7.089437288047315,-0.001968112224385088,1226.2820263671874,1385.8724069213868,0.47148028838152173
2022-12-31,16547.49609375,1196.771240234375,11239186456,3018513333,9.7139900759302,-0.0033236656495585493,16792.10392578125,19739.4458984375,0.28234284624908085,7.087382576378646,-0.002054711668669107,1224.4730297851563,1385.7979489135741,0.46931145406981073
2023-01-01,16625.080078125,1200.96484375,9244361700,2399674550,9.718667682241778,0.004677606311577875,16788.62181640625,19709.707099609375,0.2815982127310967,7.09088054917027,0.0034979727916244485,1223.3869604492188,1385.636741027832,0.466171397333684
2023-01-02,16688.470703125,1214.6566162109375,12097775227,3765758498,9.722473382926482,0.0038057006847047603,16795.32392578125,19691.241201171873,0.2798345733949041,7.102216695427456,0.01133614625718593,1223.2437084960939,1386.3713705444336,0.44804027663305773
2023-01-03,16679.857421875,1214.77880859375,13903079207,3392972131,9.721957128026984,-0.0005162548994981364,16796.55708984375,19672.283076171876,0.275568575907493,7.102317288661315,0.00010059323385824825,1222.7071997070314,1387.0126681518555,0.4347807024493211
2023-01-04,16863.23828125,1256.526611328125,18421743322,6404416893,9.73289128198902,0.010934153962034898,16796.12958984375,19661.5110546875,0.27690058922803734,7.13610653569143,0.0337892470301151,1222.8030078125,1388.3271173095702,0.44861168510736726
2023-01-05,16836.736328125,1250.4385986328125,13692758566,4001786456,9.731318464270581,-0.001572817718438202,16799.47552734375,19642.92837890625,0.27578901916098414,7.131249647658989,-0.004856888032440665,1223.4997290039062,1388.9410278320313,0.44755572201713756
2023-01-06,16951.96875,1269.3790283203125,14413662913,4977252792,9.738139256506134,0.006820792235552986,16804.76455078125,19624.690537109374,0.27235203954797593,7.146283105797117,0.015033458138128175,1224.8711376953124,1389.6497106933593,0.43652456811643864
2023-01-07,16955.078125,1264.2703857421875,7714767174,2565213548,9.738322662334438,0.00018340582830411734,16809.91056640625,19605.912939453126,0.2600846093951948,7.142250464601446,-0.0040326411956712604,1225.9105395507813,1390.3469396972657,0.41492604551319945
2023-01-08,17091.14453125,1287.3594970703125,9768827914,3495088905,9.746315744683459,0.007993082349020852,16817.50251953125,19591.433515625,0.2610131421195508,7.1603484980938665,0.018098033492420562,1227.2891943359375,1391.5266278076172,0.41715817014628676
2023-01-09,17196.5546875,1321.5389404296875,18624736866,7990438824,9.752464333870766,0.006148589187306541,16835.59697265625,19571.986904296875,0.2619137607942333,7.18655220045068,0.026203702356813352,1230.8706396484374,1392.4173889160156,0.4266182981162424
2023-01-10,17446.29296875,1336.5860595703125,15808338949,5830173253,9.766882467741652,0.014418133870886862,16868.7771484375,19553.060087890626,0.2665172349817109,7.197873925253249,0.011321724802568767,1235.4353002929688,1392.9660955810548,0.427804023134805
2023-01-11,17934.896484375,1387.9327392578125,18372283782,6314904311,9.794503618239384,0.027621150497731506,16903.6796875,19535.222880859375,0.2821877799359747,7.235570681144613,0.03769675589136412,1240.4904858398438,1393.6885247802734,0.44527367438204
2023-01-12,18869.587890625,1417.9384765625,34971338710,12230193038,9.84530679872957,0.050803180490186506,16948.8573046875,19524.434345703125,0.31266766562496817,7.2569593186772545,0.021388637532641752,1245.185263671875,1394.7790588378907,0.43493974962544907
2023-01-13,19909.57421875,1451.6148681640625,29225029694,7684148212,9.89895601153324,0.053649212803669855,17014.9594921875,19520.30482421875,0.360887969533361,7.280431917890526,0.023472599213271828,1250.1378979492188,1396.0687298583985,0.43914687027846505
2023-01-14,20976.298828125,1550.7069091796875,38967784639,15444626014,9.951148452094081,0.052192440560840936,17104.0486328125,19523.78314453125,0.3827034090068491,7.346466176383288,0.06603425849276157,1257.1735180664064,1398.0993682861329,0.47006811981741026
2023-01-15,20880.798828125,1552.4794921875,19298407543,6774614499,9.946585299316718,-0.0045631527773633,17192.378984375,19527.667021484376,0.3431639528658661,7.3476086041793245,0.0011424277960365714,1264.1051489257814,1400.3670465087891,0.3499397266866994
2023-01-16,21169.6328125,1576.83349609375,26792494050,8454485431,9.960323019268994,0.01373771995227635,17286.8791015625,19534.591552734375,0.3438203710624524,7.363173998696181,0.015565394516856124,1271.7392797851562,1402.9147198486328,0.349619065230602
2023-01-17,21161.51953125,1567.8460693359375,24999983362,7599462786,9.95993969488966,-0.00038332437933341623,17385.763046875,19544.052314453125,0.34321427882604316,7.35745802602499,-0.005715972671190173,1279.6944775390625,1405.4551135253905,0.35100699204998587
2023-01-18,20688.78125,1515.5069580078125,30005625418,10354880595,9.93734686373636,-0.022592831153300352,17470.6390234375,19551.28494140625,0.34677947339013315,7.3235052877164915,-0.033952738308498986,1285.666591796875,1407.7000842285156,0.37344102163714205
2023-01-19,21086.79296875,1552.5565185546875,21152848261,6432638856,9.956402197839259,0.01905533410289806,17549.0035546875,19560.233525390624,0.34154979140869207,7.347658218011136,0.024152930294644825,1290.8039501953126,1410.094031982422,0.3582783782094314
2023-01-20,22676.552734375,1659.754150390625,28799154319,8528894754,10.029086750450306,0.07268455261104734,17663.191953125,19572.45998046875,0.40718514532216127,7.414424768208057,0.06676655019692035,1298.4735546875,1412.6375073242189,0.4098344912512808
2023-01-21,22777.625,1627.1181640625,32442278429,8859250310,10.033533973444758,0.004447222994452105,17776.97125,19585.397529296875,0.4063387660902675,7.394565731540955,-0.01985903666710165,1305.1298510742188,1415.1003930664062,0.42275528668367324
2023-01-22,22720.416015625,1628.382080078125,24746386230,7517988734,10.031019183214326,-0.0025147902304318848,17893.21484375,19596.25837890625,0.40654071053189295,7.3953422119490915,0.0007764804081364929,1312.8307958984376,1417.3074334716796,0.42296752665786785
2023-01-23,22934.431640625,1628.2510986328125,26518700512,8264507375,10.040394625412896,0.009375442198569672,18009.29375,19602.74259765625,0.40575741565385715,7.395261772158549,-8.0439790542286e-05,1319.7906860351563,1419.2607220458985,0.4232123873744038
2023-01-24,22636.46875,1556.604248046875,26405069715,8180274691,10.02731754621199,-0.013077079200906283,18122.5266015625,19607.26935546875,0.41233181257608353,7.350261963576475,-0.044999808582073975,1325.7292358398438,1420.9312121582032,0.46282061334613567
2023-01-25,23117.859375,1611.7110595703125,30685366709,10598973448,10.048360730913313,0.02104318470132327,18243.0937109375,19614.8976171875,0.4136821595087217,7.385051663557814,0.03478969998133863,1332.530380859375,1422.9048760986327,0.4719832179588176
2023-01-26,23032.77734375,1603.10595703125,26357839322,8395315241,10.044673582319469,-0.003687148593844114,18366.78671875,19625.7592578125,0.40897184374756995,7.379698249633612,-0.005353413924201966,1339.94375,1425.0783978271484,0.4690153654501957
2023-01-27,23078.728515625,1598.156494140625,25383335641,8124465373,10.046666628793634,0.0019930464741655385,18483.691796875,19641.3001171875,0.4035089880115582,7.376606052783224,-0.003092196850388085,1346.2845532226563,1427.5829974365233,0.4601454459283505
2023-01-28,23031.08984375,1572.43505859375,14712928379,5803653357,10.04460031448054,-0.0020663143130938977,18601.650546875,19659.83599609375,0.4056676777311685,7.360380689530228,-0.01622536325299606,1352.44755859375,1430.254214477539,0.46903755217142573
2023-01-29,23774.56640625,1646.1556396484375,27423687259,8801292300,10.076371649865585,0.03177133538504506,18734.5673828125,19677.64845703125,0.4091406536549439,7.406197933053873,0.045817243523645246,1360.04298828125,1432.9170568847655,0.48438200283056254
2023-01-30,22840.138671875,1567.3265380859375,27205595568,9180418120,10.036274735199633,-0.040096914665952,18849.2862890625,19688.99955078125,0.44497677015632925,7.357126604875465,-0.04907132817840765,1366.1121484375,1434.7960583496094,0.5257844911974084
2023-01-31,23139.283203125,1586.535400390625,22837828665,6585191019,10.049287023739147,0.013012288539513861,18967.943203125,19700.514326171877,0.4444963441954931,7.369307924288726,0.012181319413260283,1372.3504760742187,1436.5630895996094,0.5255149204119849
2023-02-01,23723.76953125,1641.792724609375,26683255504,8116969489,10.07423275832915,0.02494573459000371,19086.7922265625,19713.181591796874,0.44629014621125945,7.403544048554228,0.03423612426550271,1378.7753466796876,1438.0089208984375,0.5326640365217007
2023-02-02,23471.87109375,1643.2415771484375,32066936882,10558081069,10.063558008451782,-0.010674749877368939,19199.916640625,19726.644228515626,0.45117709629105157,7.404426141403142,0.000882092848913274,1385.453603515625,1439.5319500732421,0.5324873638596643
2023-02-03,23449.322265625,1664.74560546875,27083066007,8169519805,10.06259687220411,-0.0009611362476711349,19321.60578125,19731.462392578123,0.45323044519970596,7.41742760123278,0.013001459829638407,1393.4214379882812,1439.9620886230468,0.5257269020922709
2023-02-04,23331.84765625,1667.0592041015625,15639298538,5843302512,10.057574558461246,-0.005022313742864881,19455.293046875,19731.174462890624,0.4545915534234221,7.418816397478005,0.0013887962452248104,1403.3974340820312,1440.582508544922,0.5240472163550455
2023-02-05,22955.666015625,1631.6458740234375,19564262605,6926696531,10.04132007022997,-0.016254488231275843,19578.50453125,19729.794130859376,0.4642056604647084,7.397344523022316,-0.02147187445568921,1412.2673608398438,1441.1397344970703,0.5346335559473767
2023-02-06,22760.109375,1616.2470703125,23825006542,6919871886,10.032764693808685,-0.008555376421284677,19698.5471875,19727.771533203126,0.46754546266739727,7.387862117439413,-0.009482405582902587,1420.897998046875,1441.337222290039,0.536559085651017
2023-02-07,23264.291015625,1672.0035400390625,27187964471,8030277434,10.054674889523618,0.021910195714932357,19835.0394140625,19730.518095703126,0.4693794826115964,7.421777910890649,0.03391579345123574,1430.9858715820312,1442.0102142333985,0.5430341031303749
2023-02-08,22939.3984375,1650.716796875,25371367758,7806089579,10.040611167039613,-0.014063722484005226,19955.7012890625,19732.8876953125,0.4768532032627855,7.408964894909042,-0.012813015981606668,1439.6461352539063,1442.5173107910157,0.5442704209053876
2023-02-09,21819.0390625,1546.438232421875,32572572185,10524969124,9.990538219118495,-0.050072947921117716,20055.7313671875,19728.9370703125,0.5197860730280913,7.343709651089454,-0.06525524381958814,1446.302900390625,1442.2521185302735,0.6000357567998433
2023-02-10,21651.18359375,1514.869140625,27078406594,8397387897,9.98281540139359,-0.007722817724904019,20152.148203125,19730.384482421876,0.5171407950517825,7.323084338387781,-0.020625312701673337,1452.236640625,1442.5995471191407,0.5943241988965765
2023-02-11,21870.875,1539.9267578125,16356226232,5064007416,9.992911122015416,0.010095720621825066,20253.626640625,19733.540087890626,0.4919042714821979,7.339490134414656,0.016405796026875308,1458.6319873046875,1443.0901470947265,0.5926267384136491
2023-02-12,21788.203125,1515.03369140625,17821046406,5319698775,9.98912396125247,-0.003787160762945163,20352.4355859375,19727.828359375,0.460058473532009,7.323192956248176,-0.016297178166479576,1464.5096899414064,1442.4841522216798,0.5913588476762982
2023-02-13,21808.1015625,1507.1658935546875,23918742607,9363855114,9.990036811046709,0.0009128497942381131,20451.757890625,19717.64943359375,0.4244470729153674,7.3179862745551025,-0.005206681693073811,1470.2737670898437,1441.392640991211,0.543682706609434
2023-02-14,22220.8046875,1556.8751220703125,26792596581,9249575045,10.008784277096845,0.018747466050136552,20557.777890625,19709.73029296875,0.42816851528946026,7.350435964423708,0.032449689868605525,1476.8717822265626,1440.539981689453,0.5560255839393046
2023-02-15,24307.841796875,1673.7459716796875,32483312909,10015035156,10.098554284960041,0.089770007863196,20709.59125,19712.988466796876,0.5253450216993485,7.422819490239043,0.07238352581533469,1486.090869140625,1440.4288641357423,0.6087443667842326
2023-02-16,23623.474609375,1640.067626953125,39316664596,12704861676,10.069996183478477,-0.02855810148156479,20851.009296875,19714.421357421874,0.5377595074736183,7.402492755915093,-0.020326734323949935,1495.0925,1440.221615600586,0.6131887739620242
2023-02-17,24565.6015625,1694.7833251953125,41358451255,9802443159,10.109102432904576,0.03910624942609964,21009.4744921875,19720.678369140624,0.5428757964418214,7.435310179900198,0.03281742398510534,1504.956259765625,1440.5195532226562,0.608812665298517
2023-02-18,24641.27734375,1691.8194580078125,19625427158,5491437195,10.11217825655339,0.00307582364881398,21170.2483203125,19728.994169921876,0.5407946634103128,7.433559831167891,-0.001750348732307394,1514.8079931640625,1440.8139233398438,0.6045640169349512
2023-02-19,24327.642578125,1681.4361572265625,25555105670,6959144003,10.099368537458952,-0.012809719094438066,21325.85125,19736.39984375,0.4859412981179082,7.427403562708453,-0.006156268459437619,1524.5012915039063,1441.1267315673829,0.5593687267939607
2023-02-20,24829.1484375,1702.6751708984375,28987376573,7703604237,10.119773582203267,0.02040504474431515,21489.9326171875,19747.39080078125,0.48998222614473935,7.439955923126372,0.012552360417918962,1534.535498046875,1441.5990783691407,0.5559847277202251
2023-02-21,24436.353515625,1658.036376953125,31252098714,8721608198,10.103827200665544,-0.015946381537723653,21644.8902734375,19753.12599609375,0.49406451261861856,7.413389275715789,-0.02656664741058279,1543.4030932617188,1441.2279870605469,0.5645549842357872
2023-02-22,24188.84375,1643.231689453125,30199996781,9189387004,10.09364680378454,-0.010180396881002807,21795.07,19759.263818359374,0.49531013032424465,7.404420124195934,-0.00896915151985489,1551.9721508789062,1440.985855102539,0.5655406337519855
2023-02-23,23947.4921875,1651.0738525390625,30476264066,9013236167,10.083618887022523,-0.010027916762018307,21936.755078125,19763.121826171875,0.49427246518631707,7.409181174923959,0.004761050728024685,1559.863095703125,1440.7444702148437,0.5414918483014496
2023-02-24,23198.126953125,1608.3731689453125,26811744928,8909129423,10.051826819616078,-0.03179206740644425,22063.982890625,19760.065029296875,0.5027703880528807,7.382978493054401,-0.026202681869557765,1567.021787109375,1439.908755493164,0.5367272189173001
2023-02-25,23175.375,1594.9149169921875,16100721565,5657686235,10.050845571532914,-0.0009812480831641324,22188.451015625,19760.1203125,0.5026013628431539,7.37457567021756,-0.008402822836841572,1573.5325048828124,1439.3682049560548,0.5372102686788273
2023-02-26,23561.212890625,1640.817138671875,16644534842,5727967432,10.067357117366784,0.016511545833870045,22320.5737109375,19758.1881640625,0.5057923533281273,7.402949652018023,0.028373981800463355,1581.0634399414062,1438.3135772705077,0.546193483179928
2023-02-27,23522.87109375,1634.326416015625,22660763494,7239824677,10.06572846487509,-0.0016286524916946377,22449.2082421875,19756.014873046875,0.5057646412612256,7.39898602047302,-0.003963631545003565,1588.0027783203125,1437.0790887451171,0.5430262091182826
2023-02-28,23147.353515625,1605.8951416015625,20535363434,6323676957,10.049635733999986,-0.0160927308751031,22568.22421875,19749.737548828125,0.49622580348573625,7.381436600719798,-0.01754941975322133,1593.68990234375,1435.3223321533203,0.5222074460358543
2023-03-01,23646.55078125,1663.4337158203125,24662841200,7701847224,10.070972538939149,0.021336804939162235,22692.229375,19745.8499609375,0.48117480583002487,7.4166392484490276,0.03520264772922932,1600.22685546875,1433.732817993164,0.5067164607967396
2023-03-02,23475.466796875,1647.3193359375,20386398516,7080950926,10.063711188729668,-0.00726135020948071,22803.04078125,19741.630625,0.4800828566816138,7.406904600841615,-0.009734647607412938,1605.4145874023438,1432.285404663086,0.506931522641033
2023-03-03,22362.6796875,1569.1676025390625,26062404610,9922240199,10.015148762999896,-0.048562425729771874,22872.9026171875,19732.75916015625,0.5009512525698305,7.358300568276655,-0.04860403256495971,1608.439169921875,1430.610101928711,0.5212431388190175
2023-03-04,22353.349609375,1566.9239501953125,11166012913,4389045367,10.014731459477776,-0.0004173035221199939,22921.778125,19725.109453125,0.49998453060662135,7.356869709075756,-0.0014308592008989152,1610.7453515625,1429.0540246582032,0.52117207735608
2023-03-05,22435.513671875,1564.46875,13317001733,5020886238,10.018400414153101,0.003668954675324798,22950.962421875,19720.60703125,0.5003229235161462,7.355301588476719,-0.001568120599037215,1611.0205883789063,1427.7113702392578,0.5185106559331303
2023-03-06,22429.7578125,1567.398681640625,17353192895,5245153345,10.018143829974909,-0.0002565841781922984,22981.9416015625,19716.69212890625,0.5001735618718729,7.3571726335061385,0.0018710450294197045,1611.3189721679687,1426.313324584961,0.5185538814461174
2023-03-07,22219.76953125,1561.93310546875,22765452204,6854058349,10.008737691008866,-0.009406138966042477,23002.9443359375,19723.403212890626,0.49816531987394264,7.353679503278178,-0.003493130227960606,1611.0209643554688,1426.058053588867,0.5138514043592092
2023-03-08,21718.080078125,1534.0882568359375,22536575684,7130327525,9.985900375947734,-0.022837315061131847,23014.075546875,19726.163310546875,0.5033246072935623,7.335691514063551,-0.017987989214627298,1610.3458081054687,1425.8434759521485,0.516373965031779
2023-03-09,20363.021484375,1438.6607666015625,30364664171,9457897583,9.921475862619202,-0.06442451332853238,23007.5603515625,19720.3078125,0.5413047121825361,7.271467936636791,-0.06422357742675988,1608.8088842773439,1424.9401849365233,0.5438212053414859
2023-03-10,20187.244140625,1429.1580810546875,39578257695,12665194936,9.912806205736088,-0.008669656883114385,22989.569375,19714.2494921875,0.5404239657383073,7.264840795362749,-0.006627141274041293,1606.3409155273437,1423.973446044922,0.5431317327100766
2023-03-11,20632.41015625,1482.61669921875,30180288176,14917080154,9.9346184269802,0.02181222124411164,22948.6865234375,19709.771103515624,0.5215647089205758,7.301563845627924,0.03672305026517453,1602.7981665039063,1423.0726800537109,0.5160812064669644
2023-03-12,22163.94921875,1590.29296875,29279035521,11480965122,10.006222338825529,0.07160391184532955,22936.4130078125,19713.615751953126,0.5804240932046001,7.371673535316499,0.07010968968857512,1602.0616625976563,1422.7388488769532,0.5679842959503265
2023-03-13,24197.533203125,1680.3089599609375,49466362688,15711468959,10.094005973194013,0.0877836343684848,22965.9553515625,19726.598896484375,0.6546298745618073,7.426732960227555,0.05505942491105564,1603.1002001953125,1422.6581085205078,0.5959625993766274
2023-03-14,24746.07421875,1703.507080078125,54622230164,16159781303,10.11642213799152,0.022416164797506966,23002.188203125,19749.029169921876,0.6573989068790571,7.4404443932873505,0.01371143305979583,1604.6053198242187,1423.636729736328,0.5929757600692299
2023-03-15,24375.9609375,1656.1805419921875,43655701450,12715339905,10.101352718165902,-0.015069419825618269,23036.978046875,19770.700283203125,0.6607730020857016,7.412269351944778,-0.028175041342572094,1606.596845703125,1424.4606573486328,0.6027510017662657
2023-03-16,25052.7890625,1677.2154541015625,33866061747,9364980166,10.128740440135552,0.027387721969649448,23075.676640625,19797.88015625,0.6639275003681281,7.424890229481179,0.012620877536400954,1607.90693359375,1425.6939978027344,0.5945285972397532
2023-03-17,27423.9296875,1792.485107421875,50730261335,12467445117,10.21917125749034,0.09043081735478786,23163.4996875,19833.509833984375,0.6650050945279987,7.491358264166946,0.06646803468576667,1611.6945166015626,1426.8912365722656,0.5860726347861949
2023-03-18,26965.87890625,1761.65966796875,35723036817,10317822213,10.202327601575393,-0.016843655914946964,23241.2426953125,19869.355185546876,0.6590102883605969,7.474011636857523,-0.017346627309422935,1614.964580078125,1428.080340576172,0.584716137173651
2023-03-19,28038.67578125,1785.5765380859375,37769448859,9170565472,10.241340113972356,0.03901251239696357,23341.3944140625,19909.29974609375,0.6589482534397217,7.487496632587864,0.013484995730340898,1619.2274096679687,1429.2397985839843,0.575873169307204
2023-03-20,27767.236328125,1735.3212890625,44774027664,10978325507,10.231612055295281,-0.009728058677074714,23421.2478125,19947.500224609375,0.6607849411579004,7.458947856252922,-0.028548776334941905,1621.01072265625,1429.9855212402344,0.5854243649728579
2023-03-21,28175.81640625,1806.7607421875,36102192830,10758627746,10.246219314752592,0.014607259457310562,23527.9613671875,19988.53044921875,0.6589340490171256,7.499290875731412,0.04034301947848995,1625.7994067382813,1431.13322265625,0.6006927607773322
2023-03-22,27307.4375,1737.717041015625,33382021890,12484103560,10.214914379966567,-0.03130493478602503,23611.324453125,20025.907197265624,0.6682349509846599,7.460327485330078,-0.03896339040133423,1628.8230395507812,1432.0374444580077,0.6164011434759041
2023-03-23,28333.97265625,1816.4051513671875,24220433689,11012966854,10.251816810888009,0.036902430921442075,23703.528515625,20067.64349609375,0.6746009682463384,7.504614635251039,0.04428714992096072,1632.3152880859375,1433.2312622070312,0.6264469946041128
2023-03-24,27493.28515625,1752.0447998046875,25980310960,10913669383,10.221697077702453,-0.03011973318555583,23783.956796875,20106.04806640625,0.6837465780132432,7.468538841834189,-0.036075793416849855,1634.4913525390625,1433.9055700683593,0.6399769024386485
2023-03-25,27494.70703125,1743.7647705078125,13383005987,6614309912,10.221748793538719,5.1715836265842086e-05,23864.8644921875,20149.33326171875,0.6819956986741172,7.463801716075916,-0.004737125758272676,1636.0717358398438,1434.8156512451171,0.6403442321841806
2023-03-26,27994.330078125,1775.6767578125,13878363192,6990313307,10.23975727144219,0.018008477903471487,23958.114140625,20192.853291015625,0.6705714668650731,7.481936901250856,0.018135185174940283,1638.2440869140626,1435.5445031738282,0.6345722206199549
2023-03-27,27139.888671875,1715.4608154296875,18188895178,8585750760,10.208759831386159,-0.030997440056031778,24041.79859375,20231.903564453125,0.6827170301999376,7.447437020551004,-0.03449988069985199,1639.9203857421876,1435.9450689697267,0.64703559937882
2023-03-28,27268.130859375,1772.78564453125,17783600385,8346890042,10.213473931480072,0.004714100093913487,24131.9590234375,20261.33845703125,0.681509834161824,7.4803073988956585,0.03287037834465423,1643.0511572265625,1436.213569946289,0.6494903131283493
2023-03-29,28348.44140625,1793.0018310546875,20684945906,9136176952,10.252327330792763,0.03885339931269094,24233.64203125,20294.67796875,0.6912101314454955,7.491646494828642,0.011339095932983767,1645.471123046875,1436.2975604248047,0.6497435416649802
2023-03-30,28033.5625,1792.7371826171875,22435349951,9724496987,10.24115773205143,-0.01116959874133272,24335.5253125,20325.999501953123,0.689420905062071,7.491498883172038,-0.00014761165660459596,1648.3115307617188,1436.45224609375,0.6456086952790544
2023-03-31,28478.484375,1822.0220947265625,19001327598,9149379763,10.256904146939885,0.015746414888454296,24468.71421875,20356.539677734374,0.688169469875442,7.507702204380055,0.016203321208017485,1653.8232080078126,1436.9935302734375,0.6372762915159625
2023-04-01,28411.03515625,1813.860595703125,10876469901,5556443606,10.254532910518483,-0.00237123642140169,24603.91125,20397.111318359373,0.6871764009720605,7.503212778605788,-0.00448942577426692,1659.803037109375,1438.158893432617,0.63621514383933
2023-04-02,28199.30859375,1795.7081298828125,12284641999,6199721188,10.247052738673508,-0.007480171844974848,24730.479921875,20436.902412109375,0.6602632192117275,7.493154724454662,-0.01005805415112615,1664.9186645507812,1438.9636590576172,0.6103864947826935
2023-04-03,27790.220703125,1810.297119140625,19556501327,9643826401,10.232439464523113,-0.014613274150395483,24850.5202734375,20477.3474609375,0.6643123315175107,7.501246265009382,0.0080915405547195,1670.8239331054688,1440.6566772460938,0.6101265660610377
2023-04-04,28168.08984375,1871.005126953125,15284538859,10398322335,10.24594505039775,0.013505585874638015,24977.7200390625,20519.324990234374,0.6645296730766823,7.53423106649114,0.0329848014817582,1678.1007177734375,1442.8494641113282,0.61743864439654
2023-04-05,28177.984375,1909.114013671875,17052315986,10319231689,10.246296256102458,0.000351205704706814,25096.8636328125,20559.57703125,0.6644427823273629,7.554394546233509,0.02016347974236954,1685.1454956054688,1445.0463256835938,0.6192065887588628
2023-04-06,28044.140625,1872.922607421875,13837809380,8263191830,10.241534998755878,-0.004761257346579839,25171.589609375,20602.700205078127,0.6631422962372168,7.535255381473932,-0.019139164759577554,1689.1290283203125,1447.7342932128906,0.6247880671522573
2023-04-07,27925.859375,1865.6361083984373,10861680497,8356130492,10.237308397859582,-0.0042266008962954515,25257.6373046875,20644.608857421874,0.6554675061834349,7.531357350813659,-0.003898030660272944,1693.6403979492188,1450.174766845703,0.619878125461927
2023-04-08,27947.794921875,1849.4981689453125,9373255556,5016362733,10.238093581799241,0.0007851839396586513,25325.281171875,20689.89388671875,0.6015530183295114,7.522669621245154,-0.008687729568505276,1696.7346948242186,1452.800316772461,0.5682192637932518
2023-04-09,28333.05078125,1859.3878173828125,12175322951,6361497715,10.251784274328148,0.013690692528907533,25399.116640625,20738.822138671876,0.5976026492941663,7.528002582092588,0.00533296084743462,1700.0860620117187,1455.8342169189452,0.5657714835029269
2023-04-10,29652.98046875,1911.20751953125,19282400094,8380134275,10.297317921085538,0.04553364675738969,25505.6233984375,20790.019287109375,0.6084839648035417,7.5554905304593065,0.027487948366718307,1704.6814892578125,1458.7518536376954,0.5609253693220873
2023-04-11,30235.05859375,1892.189697265625,20121259843,8877222956,10.31675741064987,0.01943948956433239,25613.7416015625,20844.70638671875,0.5702734230097308,7.545490007411225,-0.010000523048081078,1708.4717797851563,1461.5715045166016,0.518079522419574
2023-04-12,30139.052734375,1920.68212890625,18651929926,11010714187,10.313577042833737,-0.0031803678161335114,25727.7955859375,20900.716591796874,0.49857864633634374,7.560435677398446,0.014945669987220356,1713.7246948242187,1464.5849487304688,0.48809585232133984
2023-04-13,30399.06640625,2012.6346435546875,17487721001,12546950499,10.322167176602019,0.00859013376828166,25852.0000390625,20958.701435546875,0.4956330428188507,7.607199910684429,0.046764233285983,1721.11275390625,1468.1770379638672,0.5091459098278783
2023-04-14,30485.69921875,2101.635498046875,22659995079,16298099411,10.325012974564036,0.002845797962017116,25982.7641796875,21015.016572265624,0.48955939129820747,7.65047112919122,0.043271218506791165,1730.1239868164062,1472.0086145019532,0.510554776479637
2023-04-15,30318.49609375,2092.466796875,11940685378,8036468153,10.319513237396514,-0.005499737167522056,26125.1715625,21071.056318359377,0.48613426786166664,7.646098934555539,-0.004372194635680948,1739.805859375,1475.8203100585938,0.5120324502399829
2023-04-16,30315.35546875,2120.005859375,12854816417,7898126856,10.319409644274128,-0.00010359312238605867,26267.971171875,21125.4994921875,0.380070326356429,7.659174131518371,0.013075196962831548,1750.3076782226562,1479.7332849121094,0.4663018799422866
2023-04-17,29445.044921875,2076.242919921875,17872186762,9648882546,10.290280920997308,-0.029128723276819812,26385.6478125,21174.859462890625,0.3905531560068033,7.638315250890083,-0.020858880628287224,1759.0161938476563,1483.4362377929688,0.4686317770208226
2023-04-18,30397.552734375,2104.537353515625,19480529496,9134015143,10.322117381995124,0.03183646099781612,26523.1414453125,21229.68828125,0.38293697616577477,7.65185093740717,0.013535686517086809,1768.4204125976562,1487.3190313720704,0.4686427127850655
2023-04-19,28822.6796875,1936.4034423828125,24571565421,13779745451,10.26891784536645,-0.05319953662867327,26636.64796875,21277.241201171873,0.42804742602976703,7.568587635786956,-0.08326330162021378,1775.0305786132812,1490.442826538086,0.5503768823468317
2023-04-20,28245.98828125,1943.09765625,21340360360,11324135406,10.24870671874717,-0.02021112661928015,26728.63671875,21323.25060546875,0.4315804410883639,7.572038708665116,0.0034510728781596,1780.623857421875,1493.777847290039,0.5342309881789433
2023-04-21,27276.91015625,1849.9998779296875,20759504330,12044274581,10.213795841475457,-0.03491087727171305,26804.6655859375,21361.517255859377,0.4350505278490808,7.522940852088416,-0.04909785657669996,1784.6774682617188,1496.4106506347657,0.5451705118205795
2023-04-22,27817.5,1874.2286376953125,13125734602,6970642726,10.233420598031856,0.019624756556398282,26913.7619921875,21398.920537109374,0.4205176354146494,7.535952460529934,0.013011608441518163,1790.7786889648437,1498.9711608886719,0.5252509352826837
2023-04-23,27591.384765625,1862.06201171875,12785446832,6607451862,10.225258856804476,-0.008161741227379338,27018.5226953125,21436.073876953124,0.40791172128833947,7.5294397611056265,-0.006512699424307655,1796.6814501953124,1501.51728515625,0.5088200886594245
2023-04-24,27525.33984375,1842.7574462890625,17703288330,8438191338,10.222862308244906,-0.0023965485595702773,27120.31921875,21473.923359375,0.40800616306113413,7.519018340918139,-0.010421420187487485,1802.2472241210937,1503.9725250244142,0.5101561497760777
2023-04-25,28307.59765625,1866.753662109375,17733373139,8677255481,10.25088551601886,0.02802320777395373,27237.876015625,21517.727099609376,0.4149937005524997,7.531956191670616,0.012937850752477331,1808.2343237304688,1506.6437084960937,0.5083858072031037
2023-04-26,28422.701171875,1866.564208984375,31854242019,14356524696,10.25494344188744,0.004057925868579559,27361.9346484375,21562.757763671874,0.39936297405007676,7.531854698504643,-0.0001014931659737428,1814.3269458007812,1509.3990270996094,0.49146261440296884
2023-04-27,29473.787109375,1908.786376953125,27153445027,14008145806,10.291256574749735,0.036313132862295205,27517.0487890625,21612.8945703125,0.4173300584697874,7.554222914348949,0.02236821584430615,1821.820908203125,1512.3299377441406,0.4846973907657923
2023-04-28,29340.26171875,1892.5128173828125,17544464887,7691759733,10.286715971859982,-0.004540602889752776,27696.59359375,21663.88845703125,0.39681990418432384,7.5456607580140656,-0.00856215633488322,1830.89794921875,1515.3358135986327,0.4850815632978002
2023-04-29,29248.48828125,1908.9169921875,10662634333,4796651246,10.283583168632099,-0.0031328032278832296,27877.8184765625,21714.87380859375,0.3946648074043785,7.554291340427036,0.008630582412970433,1840.4931274414062,1518.4825201416015,0.4856039338469928
2023-04-30,29268.806640625,1876.92431640625,14652199272,6539641957,10.284277608121096,0.0006944394889973893,28050.54640625,21765.430615234374,0.3912625829542908,7.537389714199918,-0.016901626227117994,1848.3792797851563,1521.3926098632812,0.48722333830749925
2023-05-01,28091.568359375,1831.954833984375,18655599976,8625783201,10.24322475191008,-0.04105285621101551,28169.0987890625,21808.973935546874,0.4177180334584313,7.5131388909915024,-0.02425082320841554,1853.2125170898437,1524.111764526367,0.49483665044002845
2023-05-02,28680.537109375,1870.789306640625,16432924527,7536785767,10.263974022201202,0.02074927029112139,28258.7588671875,21856.44833984375,0.42324509325786214,7.534115709906715,0.020976818915212192,1857.0221240234375,1526.9786004638672,0.49846337342327085
2023-05-03,29006.30859375,1904.65185546875,19122972518,8306390869,10.27526862302623,0.011294600825028311,28343.9635546875,21906.141708984374,0.4211944901614946,7.552054517824653,0.01793880791793878,1861.04501953125,1530.1275012207032,0.5013110819138921
2023-05-04,28847.7109375,1877.7041015625,15548678514,6578438233,10.269785925200855,-0.005482697825375027,28433.3985546875,21954.039794921875,0.4195456131647787,7.537805086950909,-0.014249430873744195,1865.4754907226563,1532.9845385742187,0.4911744104022395
2023-05-05,29534.384765625,1995.0609130859373,17936566518,9498261360,10.293310448836207,0.023524523635352068,28523.03046875,22003.9579296875,0.4269582574169936,7.598429861733002,0.060624774782092494,1871.8323999023437,1536.301275024414,0.530646668365415
2023-05-06,28904.623046875,1900.2218017578125,15913866714,9623243037,10.27175682832706,-0.02155362050914711,28552.6443359375,22051.80896484375,0.43404975878843133,7.5497258961084786,-0.04870396562452317,1873.9871337890625,1539.2501489257813,0.5545778484722019
2023-05-07,28454.978515625,1873.076416015625,11301355486,6883942236,10.256078416007067,-0.015678412319992674,28582.426328125,22098.386181640624,0.4376112209162578,7.5353375003388186,-0.01438839576966,1876.21546875,1542.186809692383,0.5568233311326956
2023-05-08,27694.2734375,1849.042724609375,19122903752,9895102899,10.228980935694478,-0.027097480312589184,28575.53828125,22141.58884765625,0.4481634852297022,7.522423337993813,-0.012914162345005309,1877.4847924804687,1545.0160186767578,0.5578601529322287
2023-05-09,27658.775390625,1848.6031494140625,14128593256,6129516088,10.227698330580832,-0.0012826051136460848,28573.3690625,22184.020380859376,0.44531288780315603,7.522185578504473,-0.00023775948934012803,1879.7504296875,1547.759302368164,0.5575271592552099
2023-05-10,27621.755859375,1842.4014892578125,20656025026,9945549603,10.226358996969278,-0.0013393336115541388,28562.2878515625,22226.088212890623,0.41274923649362744,7.518825156831058,-0.0033604216734151038,1880.4632446289063,1550.3998138427735,0.5485607272825452
2023-05-11,27000.7890625,1796.4906005859375,16724343943,8353828312,10.203621369096474,-0.022737627872803756,28556.1548828125,22263.257119140624,0.4109199298386554,7.493590374469715,-0.025234782361343022,1881.6387158203124,1552.5650317382813,0.5541740612853229
2023-05-12,26804.990234375,1808.019775390625,19313599897,9047198660,10.19634335194055,-0.0072780171559241325,28525.575234375,22300.554208984377,0.411094311340615,7.499987478608359,0.0063971041386441385,1881.4710083007812,1554.880137939453,0.5517332721034698
2023-05-13,26784.078125,1796.1148681640625,9999171605,4647630864,10.195562890138293,-0.0007804618022575482,28511.39109375,22333.9953125,0.40880172171725976,7.4933812045920245,-0.006606274016334623,1882.3524096679687,1556.5523852539063,0.5230030439752071
2023-05-14,26930.638671875,1800.5009765625,10014858959,4711210241,10.201019901524239,0.005457011385946231,28500.1097265625,22364.796298828125,0.40947069913821565,7.495820225472843,0.0024390208808187097,1883.4871337890625,1557.7220568847656,0.49542060759339096
2023-05-15,27192.693359375,1817.5499267578125,14413231792,6748889346,10.210703589703963,0.00968368817972376,28484.0769921875,22399.3305859375,0.41224844513848174,7.505244679048434,0.009424453575590519,1884.3245971679687,1559.2379321289063,0.4980254489846752
2023-05-16,27036.650390625,1824.1214599609373,12732238816,5595959668,10.204948646397272,-0.005754943306691018,28482.0122265625,22431.537080078124,0.41211178701806156,7.508853758308133,0.0036090792596992216,1886.4978100585938,1560.5811499023437,0.494858732632909
2023-05-17,27398.802734375,1821.859619140625,15140006925,6352161579,10.218254595595742,0.013305949198469946,28484.6256640625,22464.4387109375,0.4058390793789279,7.507613027179035,-0.0012407311290978384,1887.4792895507812,1561.5919555664063,0.491672001222615
2023-05-18,26832.208984375,1801.728515625,15222938600,5673124255,10.19735827265725,-0.020896322938492418,28454.301015625,22495.42173828125,0.39126811613052576,7.496501769562512,-0.011111257616523318,1887.6538232421874,1562.6466815185547,0.4878846068092265
2023-05-19,26890.12890625,1812.5894775390625,11258983301,4796110259,10.19951454308742,0.002156270430170082,28431.43234375,22527.393515625,0.34933811435656714,7.502511752428427,0.006009982865915475,1888.050869140625,1563.8460565185546,0.3994018357151168
2023-05-20,27129.5859375,1820.47802734375,7044911360,2951655969,10.208380143372853,0.008865600285433928,28404.454375,22560.615078125,0.34528774044230287,7.506854397970417,0.004342645541989931,1888.0199877929688,1565.0499237060546,0.39957274891890543
2023-05-21,26753.826171875,1804.5313720703125,8647416921,3386768865,10.194432776558315,-0.013947366814537787,28371.3101953125,22593.586689453125,0.32689034211940393,7.498056209396008,-0.00879818857440906,1887.8334033203125,1566.4740216064454,0.36306360008542626
2023-05-22,26851.27734375,1817.5347900390625,11056770492,4534841049,10.198068672129459,0.0036358955711435215,28344.3495703125,22626.793134765627,0.3190757218018168,7.505236350924096,0.00718014152808788,1888.2699365234375,1567.9039868164064,0.36082842716494595
2023-05-23,27225.7265625,1854.380615234375,13697203143,6820047160,10.211917634772885,0.013848962643425722,28333.0596875,22657.185615234375,0.3222336190658996,7.525306019141277,0.020069668217180592,1889.1516064453126,1568.9504229736328,0.3675888782498883
2023-05-24,26334.818359375,1800.0999755859375,16299104428,7101647419,10.178647234584988,-0.033270400187896954,28296.3942578125,22682.44625,0.3419775120898656,7.495597484334044,-0.029708534807232567,1887.7335034179687,1569.811082763672,0.3803159616549704
2023-05-25,26476.20703125,1805.9537353515625,13851122697,6321689859,10.184001760790126,0.005354526205138654,28262.3587109375,22710.194853515626,0.3261424993386076,7.498844116456979,0.003246632122935189,1885.6702978515625,1570.979677734375,0.37740729004049556
2023-05-26,26719.291015625,1828.689697265625,12711619225,5451414258,10.193141093452184,0.009139332662057242,28235.86171875,22740.7772265625,0.32785257206947194,7.5113549769529895,0.012510860496010245,1884.7856396484376,1572.2801696777344,0.3803811607617244
2023-05-27,26868.353515625,1831.1182861328125,7892015141,3216737652,10.198704423797032,0.005563330344848794,28214.7116015625,22782.41263671875,0.29881239182463903,7.51268214451734,0.0013271675643506953,1884.095283203125,1574.7715832519532,0.3713044356352389
2023-05-28,28085.646484375,1910.9141845703125,14545229578,6359610561,10.243013923550633,0.044309499753600434,28217.4686328125,22843.436967773436,0.34136890253951496,7.55533703719864,0.04265489268130018,1885.323603515625,1578.8253051757813,0.40066048095552664
2023-05-29,27745.884765625,1893.078125,15181308984,5884674572,10.2308428114433,-0.01217111210733357,28205.7253125,22894.232534179686,0.34337729621872204,7.545959420827874,-0.009377616370766617,1885.9974096679687,1581.7933728027344,0.40088439327967623
2023-05-30,27702.349609375,1901.026611328125,13251081851,5363439784,10.229272512021266,-0.0015702994220330169,28166.7126953125,22947.572817382814,0.3432645615850507,7.550149340984939,0.00418992015706543,1885.7937915039063,1584.8624005126953,0.3966038766486316
2023-05-31,27219.658203125,1874.1304931640625,15656371534,5984512548,10.211694719298,-0.017577792723265873,28106.4046875,22999.675180664064,0.31837036846854344,7.535900093866098,-0.014249247118841346,1885.432607421875,1587.9567114257814,0.3902552050678783
2023-06-01,26819.97265625,1862.201416015625,14678970415,5640027197,10.196902137306813,-0.014792581991187603,28040.0230859375,23052.008217773437,0.311808863349057,7.5295146238534665,-0.006385470012631345,1884.2629931640624,1591.1586224365235,0.3840345277071664
2023-06-02,27249.58984375,1907.256591796875,14837415000,6097746022,10.21279374837261,0.01589161106579695,27977.0335546875,23105.16517089844,0.3147182550123776,7.553421149143092,0.023906525289625336,1882.1554321289063,1594.4868841552734,0.38811552181575515
2023-06-03,27075.12890625,1892.4124755859373,8385597470,3472274607,10.20637083293819,-0.006422915434420418,27908.8221484375,23156.117749023437,0.31486316063088077,7.545607736202996,-0.007813412940095965,1877.9709716796874,1597.6902655029296,0.3857741539205532
2023-06-04,27119.06640625,1890.5135498046875,9360912318,3747042696,10.20799231691349,0.0016214839753008192,27844.8335546875,23208.36588378906,0.3013966059868112,7.544603790618018,-0.001003945584978183,1873.9319067382812,1601.0648205566406,0.3184109473126456
2023-06-05,25760.09765625,1811.828369140625,21513292646,9246593033,10.156581971214598,-0.05141034569889236,27753.7283984375,23253.728784179686,0.34021630136442166,7.50209176309948,-0.042512027518538,1867.7683569335939,1604.1199194335939,0.30747416813998846
2023-06-06,27238.783203125,1884.494873046875,21929670693,8704411776,10.212397089776934,0.0558151185623359,27709.6031640625,23306.433813476564,0.3957628546830565,7.541415092112816,0.03932332901333613,1863.9333959960939,1607.4808923339845,0.33516189200296675
2023-06-07,26345.998046875,1832.39599609375,19530045082,7919894455,10.179071665656124,-0.03332542412080919,27628.5720703125,23354.606069335936,0.40139758099992034,7.513379676948941,-0.028035415163874866,1858.4905688476563,1610.5507385253907,0.34656625440607963
2023-06-08,26508.216796875,1846.3018798828125,11904824295,4536041931,10.18521003171983,0.006138366063705547,27582.2828125,23405.68799316406,0.40231980493701275,7.520939933590429,0.007560256641488294,1856.6885375976562,1614.0699145507813,0.34764998975697764
2023-06-09,26480.375,1840.2252197265625,11015551640,4610831509,10.18415917158209,-0.0010508601377399174,27546.970546875,23459.153447265624,0.4023217576079796,7.51764324513782,-0.003296688452609331,1854.6310888671876,1617.7292755126953,0.347642402798424
2023-06-10,25851.240234375,1752.384765625,19872933189,10788500406,10.160113856904617,-0.024045314677472618,27518.4571484375,23507.46080078125,0.40321925442785805,7.468732862467237,-0.048910382670582564,1852.6787866210936,1620.81533203125,0.37774437855807286
2023-06-11,25940.16796875,1753.415283203125,10732609603,4559112981,10.163547933128962,0.003434076224344551,27480.9105078125,23554.10810546875,0.4030017697031628,7.469320755440854,0.0005878929736162775,1850.26251953125,1623.6664105224609,0.3768882823912827
2023-06-12,25902.5,1742.5286865234375,11677889997,6031384958,10.162094768125908,-0.0014531650030544796,27447.1328125,23600.59828125,0.4030020306606563,7.463092605353364,-0.006228150087489226,1847.8718530273438,1626.3591381835938,0.3768200715836824
2023-06-13,25918.728515625,1739.03759765625,14143474486,6214125203,10.162721095081881,0.000626326955973866,27415.0005859375,23647.58271484375,0.4023621778413782,7.4610871343944325,-0.0020054709589318875,1845.7974560546875,1629.0596966552735,0.37662696614000274
2023-06-14,25124.67578125,1650.519287109375,14265717766,7462905534,10.131605741049261,-0.03111535403261989,27351.3421484375,23690.8846875,0.4133898087984876,7.408845236841072,-0.05224189755336006,1841.4727685546875,1631.2828033447265,0.41435231240392373
2023-06-15,25576.39453125,1665.519775390625,15837384409,7328564880,10.149425116459378,0.017819375410116578,27294.416015625,23736.543525390625,0.4192877803040396,7.417892531109102,0.009047294268029304,1837.4518798828126,1633.6347674560548,0.41591056248443103
2023-06-16,26327.462890625,1716.6688232421875,16324646965,6281023479,10.178367889724749,0.028942773265370647,27231.48953125,23787.094228515623,0.42981747246191687,7.448140961246468,0.030248430137366,1833.6095288085937,1636.3676806640624,0.43181658248082583
2023-06-17,26510.67578125,1727.2041015625,11090276850,4875187477,10.185302790517955,0.006934900793206467,27174.8978125,23837.4226953125,0.4248046762883897,7.454259253886581,0.006118292640112877,1830.3033544921875,1638.919194946289,0.4314140190635636
2023-06-18,26336.212890625,1720.5775146484375,9565695129,3820038842,10.178700187079642,-0.006602603438313537,27116.6523046875,23883.260927734376,0.42523922019847177,7.450415277781757,-0.0038439761048234544,1826.5365649414061,1641.043639526367,0.43064998460023823
2023-06-19,26851.029296875,1737.659423828125,12826986222,5210480121,10.198059434281383,0.019359247201741425,27068.2967578125,23932.68041015625,0.4297595483882821,7.4602943279509635,0.009879050169206316,1823.7512670898439,1643.3505670166016,0.43206430555158637
2023-06-20,28327.48828125,1792.1199951171875,22211859147,7171072578,10.251587929566524,0.05352849528514092,27073.01515625,23988.87455078125,0.4658136045159847,7.491154552853981,0.030860224903017652,1822.9545703125,1645.8396502685546,0.445624639895312
2023-06-21,30027.296875,1891.0072021484373,33346760979,11731457711,10.309862142773344,0.058274213206820136,27099.9503515625,24054.469853515624,0.5056524704381431,7.544864877296597,0.05371032444261559,1823.3589282226562,1649.0780120849608,0.4833241674928038
2023-06-22,29912.28125,1872.9429931640625,20653160491,8477657143,10.30602441919365,-0.0038377235796946962,27118.0698046875,24118.378828125,0.5049590803564713,7.535266265869883,-0.009598611426714143,1822.7247509765625,1652.0414440917968,0.4799056941459092
2023-06-23,30695.46875,1892.862060546875,24115570085,8290615074,10.331870324961804,0.025845905768154154,27155.0249609375,24186.982041015624,0.49328012705313656,7.545845280380444,0.010579014510561535,1823.02791015625,1655.2073706054687,0.46860630310165746
2023-06-24,30548.6953125,1876.0596923828125,12147822496,5026191704,10.32707725705931,-0.004793067902493675,27175.311171875,24254.277998046877,0.4944845938172204,7.536928948027342,-0.008916332353102518,1820.6478857421876,1658.229400024414,0.4700112393365128
2023-06-25,30480.26171875,1900.506103515625,12703464114,6937581709,10.324834596336881,-0.0022426607224286244,27206.8239453125,24322.438671875,0.4948121876951399,7.549875499955651,0.012946551928309624,1820.6535717773438,1661.5697430419923,0.4701448322377709
2023-06-26,30271.130859375,1859.432861328125,16493186997,8619702292,10.317949760398704,-0.006884835938176792,27243.1469921875,24387.626953125,0.4963433065644106,7.528026806947297,-0.021848693008354125,1820.3807006835937,1664.4613256835937,0.4770177733255525
2023-06-27,30688.1640625,1889.703369140625,16428827944,7686042202,10.331632323813947,0.013682563415242655,27303.0248046875,24455.40201171875,0.4761018412807331,7.54417514819149,0.016148341244193176,1821.1939135742186,1667.5884185791015,0.4560424496437302
2023-06-28,30086.24609375,1827.97119140625,14571500779,7135265016,10.31182340590091,-0.019808917913037405,27351.57421875,24520.189619140627,0.4798861250929321,7.5109619922653215,-0.0332131559261688,1820.7812744140624,1670.3963537597656,0.46935095042594677
2023-06-29,30445.3515625,1852.227294921875,13180860821,5677228612,10.32368860343864,0.01186519753773041,27408.0461328125,24586.89541015625,0.48066923796424776,7.5241441371149405,0.013182144849618993,1820.9777905273438,1673.3381475830079,0.47168484052249793
2023-06-30,30477.251953125,1933.18896484375,26387306197,12895131248,10.324735846717806,0.0010472432791654995,27477.575390625,24653.249482421874,0.47491766450461564,7.566926231721526,0.04278209460658555,1823.7117578125,1676.6309973144532,0.49279566452651624
2023-07-01,30590.078125,1924.56591796875,9086606733,5136809625,10.328430991080884,0.0036951443630783842,27553.2771484375,24717.29328125,0.4701782133216309,7.5624557241344865,-0.004470507587039485,1826.0426806640626,1679.651080932617,0.4924779420984256
2023-07-02,30620.76953125,1937.4383544921875,10533418042,6343966490,10.329433800550028,0.0010028094691438838,27630.0109765625,24781.318876953126,0.4684568518321207,7.569121943685039,0.00666621955055291,1828.869150390625,1682.7916290283204,0.48605798911631776
2023-07-03,31156.439453125,1955.38916015625,15271884873,7858509087,10.346776226867988,0.01734242631795979,27714.5269921875,24850.276748046876,0.46920692780592277,7.5783445115133246,0.009222567828285122,1831.9669140625,1686.236805419922,0.4860126754009726
2023-07-04,30777.58203125,1936.633544921875,12810828427,5683423776,10.334541847817544,-0.012234379050443778,27786.224765625,24920.927236328123,0.4728189787633055,7.56870645858162,-0.009638052931704166,1834.3485864257811,1690.078676147461,0.4874122344908765
2023-07-05,30514.166015625,1910.5880126953125,12481622280,6034088075,10.325946314296251,-0.008595533521292609,27855.775078125,24989.522607421874,0.43116898055465747,7.555166333711396,-0.013540124870224268,1836.0779174804688,1693.6908685302735,0.46496601270211696
2023-07-06,29909.337890625,1848.636474609375,21129219509,8905008384,10.305926014656304,-0.020020299639947226,27905.98578125,25055.2794140625,0.4001317984313648,7.522203605572612,-0.032962728138784314,1836.6134545898437,1697.0104748535157,0.4598189151334086
2023-07-07,30342.265625,1870.6025390625,13384770155,6468885150,10.320296924636603,0.014370909980298663,27976.1869140625,25124.79234375,0.3795117962327124,7.534015871351449,0.011812265778837094,1837.9909350585938,1700.525438232422,0.4508582948023875
2023-07-08,30292.541015625,1865.53955078125,7509378699,4299007854,10.318656790090897,-0.0016401345457062178,28044.23515625,25191.723525390626,0.3801120643067438,7.531305593605729,-0.002710277745720191,1839.0499365234375,1703.7646179199219,0.4503108297506623
2023-07-09,30171.234375,1863.009765625,7903327692,4392863807,10.314644245303557,-0.004012544787340033,28105.068125,25258.492021484373,0.38079111625813167,7.529948612469224,-0.0013569811365048423,1839.9005712890626,1707.011666870117,0.4501641716223495
2023-07-10,30414.470703125,1880.556396484375,14828209155,6336468234,10.322673784108723,0.008029538805166325,28178.281015625,25326.412666015625,0.36686901950311596,7.539322967614577,0.009374355145353341,1841.4210717773437,1710.323538208008,0.4142677486305302
2023-07-11,30620.951171875,1878.3360595703125,12151839152,4905225892,10.329439732474308,0.006765948365584862,28253.6744921875,25395.53265625,0.3668262453226806,7.53814158921748,-0.0011813783970975322,1842.6370971679687,1713.6144213867187,0.41440857322132146
2023-07-12,30391.646484375,1872.11376953125,14805659717,6379007000,10.32192306293534,-0.0075166695389672356,28316.992890625,25463.252109375,0.36888295569523155,7.534823429513102,-0.0033181597043778766,1842.9917602539062,1716.8692474365234,0.41377920593994166
2023-07-13,31476.048828125,2006.511474609375,23686079548,11114853969,10.356982180934805,0.03505911799946482,28419.8175,25536.422421875,0.38265490421835385,7.604152908409471,0.06932947889636942,1847.119990234375,1720.8069946289063,0.47458484136145085
2023-07-14,30334.068359375,1939.3470458984373,20917902660,10627449471,10.320026728165043,-0.036955452769761976,28496.9747265625,25603.493740234375,0.3903407873386271,7.570106621124382,-0.03404628728508907,1849.7878564453124,1724.3688580322266,0.4507176766743734
2023-07-15,30295.806640625,1931.466552734375,8011667756,4380084234,10.318764587221185,-0.0012621409438580145,28568.5050390625,25671.386904296876,0.3889132530863341,7.566034865225555,-0.004071755898826801,1851.8433935546875,1727.9622326660156,0.45169438376487986
2023-07-16,30249.1328125,1923.681884765625,8516564470,4329306566,10.317222795692699,-0.001541791528486769,28636.120625,25739.86970703125,0.38037064036357954,7.561996276996988,-0.004038588228567619,1853.6946655273437,1731.6307116699218,0.44326731067998565
2023-07-17,30145.888671875,1911.6461181640625,13240156074,6678090758,10.313803830398586,-0.0034189652941130078,28677.32546875,25807.38744140625,0.3812938492106621,7.555719991838844,-0.006276285158143935,1853.7093041992186,1735.180965576172,0.44455618802915464
2023-07-18,29856.5625,1897.5992431640625,13138897269,5814708445,10.304159943903676,-0.009643886494909992,28719.5390234375,25873.65732421875,0.3825322535619725,7.548344809964827,-0.007375181874016867,1853.7997265625,1738.6727978515626,0.4454483441443722
2023-07-19,29913.923828125,1889.0079345703125,12128602812,6018487800,10.306079330853958,0.0019193869502824867,28763.7705078125,25940.489462890626,0.3786403766325737,7.5438070679004765,-0.004537742064350425,1853.5593530273438,1742.133981323242,0.44559227127196893
2023-07-20,29792.015625,1890.9691162109373,14655207121,7366830684,10.301995704546313,-0.0040836263076453605,28815.21765625,26006.324140625,0.3336831709341752,7.544844736537219,0.0010376686367425947,1853.8961254882813,1745.584002685547,0.4339310508408099
2023-07-21,29908.744140625,1892.080078125,10972789818,4668158260,10.305906162799479,0.003910458253166382,28876.9930859375,26072.4255078125,0.2643011305512475,7.545432073306544,0.0005873367693247644,1854.4936987304689,1748.971119995117,0.3914090813229863
2023-07-22,29771.802734375,1864.912353515625,7873300598,4101305643,10.301317007580348,-0.004589155219131058,28927.43734375,26137.885234375,0.2644466961400931,7.530969335539615,-0.014462737766929301,1853.6468139648437,1752.2217877197265,0.3932766394667516
2023-07-23,30084.5390625,1889.191650390625,9220145050,4480604100,10.31176666636374,0.010449658783391769,28987.625546875,26203.99173828125,0.2504763953660488,7.543904318358704,0.012934982819089669,1853.5823974609375,1755.3851129150391,0.39416993092536473
2023-07-24,29176.916015625,1850.0020751953125,15395817395,6344373569,10.281133128198881,-0.030633538164858365,29028.7825390625,26265.69263671875,0.2711905457746674,7.522942039798937,-0.020962278559767178,1852.77216796875,1758.3829302978515,0.3997742085580172
2023-07-25,29227.390625,1857.741943359375,10266772793,4163381707,10.282861583679122,0.001728455480240143,29098.1283984375,26327.06974609375,0.27141312645995985,7.5271170202548605,0.0041749804559234605,1853.690439453125,1761.324744873047,0.3972328822028607
2023-07-26,29354.97265625,1872.159912109375,13497554655,5781548155,10.287217237012586,0.0043556533334641045,29140.4521875,26389.06921875,0.2713855859899394,7.534848076524539,0.007731056269678405,1853.443740234375,1764.3641925048828,0.39081426560039034
2023-07-27,29210.689453125,1860.357177734375,10770779217,4291339248,10.282289998428292,-0.0049272385842940025,29197.746015625,26449.666943359374,0.26640986312444753,7.528523779311634,-0.006324297212905172,1854.0029638671874,1767.229180908203,0.38713544659550736
2023-07-28,29319.24609375,1874.744873046875,11218474952,3800973336,10.285999442632827,0.0037094442045351173,29253.9666015625,26510.280400390624,0.25874759302682127,7.536227861438127,0.007704082126493539,1854.5718237304689,1769.9952105712891,0.3695562439482167
2023-07-29,29356.91796875,1881.06884765625,6481775959,2497302218,10.287283503401898,0.0012840607690716155,29311.4974609375,26569.833525390626,0.25479972190395334,7.539595430256008,0.003367568817880695,1855.3886962890624,1772.7176245117187,0.36700833379626585
2023-07-30,29275.30859375,1861.643798828125,8678454527,4003005547,10.28449972961446,-0.002783773787438548,29379.978828125,26626.5355859375,0.25472229478104447,7.529215139229645,-0.01038029102636262,1857.573876953125,1775.0861798095702,0.33543729494846375
2023-07-31,29230.111328125,1856.162353515625,11656781982,4391613314,10.282954666792017,-0.001545062822442489,29445.7776953125,26678.338203125,0.2540732244330465,7.526266384474974,-0.0029487547546711568,1859.628818359375,1777.277299194336,0.3352957764932463
2023-08-01,29675.732421875,1871.7921142578125,18272392391,7634860636,10.298084900618106,0.015130233826088357,29521.24234375,26727.168994140626,0.26053248497585985,7.534651600795066,0.008385216320092148,1862.2140869140626,1779.3781854248048,0.3358569103858334
2023-08-02,29151.958984375,1839.0897216796875,19212655598,6448512422,10.280277393101196,-0.017807507516909737,29585.906953125,26768.047294921875,0.2581472207894284,7.517026011712029,-0.01762558908303724,1864.2151293945312,1780.8200994873048,0.33846776687970487
2023-08-03,29178.6796875,1835.136474609375,12780357746,4710581074,10.28119357388037,0.0009161807791748799,29666.98703125,26809.53669921875,0.25578871671524217,7.514874130807258,-0.0021518809047709198,1867.9074731445312,1782.233384399414,0.3373591736678668
2023-08-04,29074.091796875,1827.712890625,12036639988,4861242484,10.277602740334075,-0.0035908335462959684,29736.9409765625,26849.058994140625,0.2547032894467389,7.51082067765723,-0.004053453150028474,1871.1513354492188,1783.4877813720702,0.3348152771993954
2023-08-05,29042.126953125,1834.9879150390625,6598366353,2866049749,10.276502708444154,-0.001100031889921027,29791.2342578125,26888.46203125,0.24588937975113526,7.514793174657209,0.003972496999979036,1873.5177172851563,1784.823490600586,0.315319610238727
2023-08-06,29041.85546875,1827.4620361328125,7269806994,2963395076,10.276493360449624,-9.347994529562698e-06,29841.8578515625,26930.22740234375,0.2396256695329491,7.510683417746223,-0.004109756910986029,1875.5228759765625,1786.383265991211,0.31253404603161544
2023-08-07,29180.578125,1826.9388427734373,13618163710,5837881974,10.281258634252001,0.0047652738023771235,29898.74515625,26970.696328125,0.240604707181314,7.510397081692633,-0.00028633605358940883,1877.6501025390626,1787.7551776123046,0.3124597558008024
2023-08-08,29765.4921875,1855.807373046875,17570561357,5812855406,10.301105021231054,0.01984638697905261,29957.0344140625,27006.141025390625,0.2513071751759968,7.526075121886117,0.01567804019348351,1880.0130615234375,1788.735443725586,0.3176141341936916
2023-08-09,29561.494140625,1854.297607421875,18379521213,5870081833,10.294227919813993,-0.006877101417060771,29981.71453125,27040.06037109375,0.250352763526749,7.525261255046076,-0.0008138668400405891,1881.2566137695312,1789.8713409423829,0.3157599657806848
2023-08-10,29429.591796875,1850.75341796875,11865344789,3760304518,10.289755970824665,-0.004471948989328567,29969.7604296875,27073.60625,0.24905987842152605,7.523348088123474,-0.0019131669226020165,1880.4515380859375,1790.983197631836,0.31579106881579083
2023-08-11,29397.71484375,1847.1243896484373,10195168197,3353025102,10.288672223902859,-0.0010837469218056839,29959.4691015625,27105.922666015624,0.24805507835292123,7.521385324790469,-0.0019627633330054906,1879.935166015625,1792.077564086914,0.3156738253506991
2023-08-12,29415.96484375,1848.889892578125,6194358008,2291124840,10.289292827839994,0.0006206039371345895,29933.8790234375,27139.820146484373,0.21120492088076653,7.522340679899598,0.0009553551091290302,1879.05572265625,1793.5389923095704,0.19087315503519708
2023-08-13,29282.9140625,1839.2801513671875,7329897180,3054625661,10.28475948711555,-0.00453334072444278,29908.5633984375,27170.645419921875,0.17052150271054645,7.517129551972657,-0.005211127926941117,1878.3201318359374,1794.6768377685546,0.1543232569539343
2023-08-14,29408.443359375,1844.185791015625,14013695304,4083364724,10.289037101190267,0.004277614074716496,29887.12703125,27202.52375,0.17157765808091818,7.519793153388029,0.002663601415372696,1877.1937255859375,1795.8822369384766,0.1548439941441211
2023-08-15,29170.34765625,1826.9327392578125,12640195779,4483923893,10.280907981071513,-0.00812912011875433,29865.1113671875,27232.981845703125,0.173372965747665,7.510393740844172,-0.00939941254385701,1876.5437231445312,1797.0261181640626,0.15704552713145428
2023-08-16,28701.779296875,1805.6590576171875,14949271904,4976573383,10.26471439623281,-0.016193584838703146,29825.383671875,27261.33529296875,0.18098024302522567,7.498680932997444,-0.011712807846728346,1874.8628369140624,1798.1922381591796,0.16014496799430983
2023-08-17,26664.55078125,1684.9334716796875,31120851211,14208462072,10.191090276136746,-0.07362412009606345,29756.949765625,27275.78521484375,0.30895667536789806,7.429481359324322,-0.06919957367312168,1872.0020825195313,1798.3861273193359,0.2840235007250661
2023-08-18,26049.556640625,1660.945068359375,24026236529,9645084584,10.167756027482936,-0.02333424865381062,29669.0338671875,27291.8323046875,0.31559055705634814,7.415142037639195,-0.014339321685127082,1868.1764379882814,1798.854219970703,0.2863219105716073
2023-08-19,26096.205078125,1669.471923828125,10631443812,4871231360,10.169545183433726,0.0017891559507905441,29581.4129296875,27306.6169140625,0.3163778636162918,7.420262642128269,0.005120604489073699,1862.9020971679688,1799.2689025878906,0.28762910686275595
2023-08-20,26189.583984375,1684.85205078125,9036580420,4105056995,10.173117052853833,0.003571869420106566,29493.403046875,27318.945986328126,0.31626790630073803,7.42943303524084,0.009170393112571062,1858.1078198242187,1799.48419921875,0.2909483286825674
2023-08-21,26124.140625,1667.26904296875,13371557893,5077248383,10.170615093989227,-0.0025019588646060242,29403.47046875,27332.207333984374,0.31633816573539725,7.4189422632308135,-0.010490772010026461,1852.70443359375,1799.6043365478515,0.2894536873338489
2023-08-22,26031.65625,1633.892578125,14503820706,7244623133,10.167068624469975,-0.0035464695192519713,29300.9748046875,27345.11900390625,0.31182791765474205,7.398720531597304,-0.0202217316335096,1846.274501953125,1799.4500714111327,0.2885244740375044
2023-08-23,26431.640625,1679.2744140625,16985265785,7191868448,10.182317080019136,0.015248455549160767,29214.0559765625,27360.61796875,0.3050238591979243,7.4261170827118255,0.02739655111452155,1841.1273193359375,1799.5111474609375,0.3034346842314176
2023-08-24,26162.373046875,1659.944580078125,12871532023,5104531920,10.17207751425801,-0.010239565761125391,29127.0201171875,27376.65150390625,0.3054000394024721,7.414539495298175,-0.011577587413650114,1836.1144506835938,1799.652640991211,0.30357269210650073
2023-08-25,26047.66796875,1652.93505859375,12406045118,5396997823,10.16768352182107,-0.004393992436940053,29049.78671875,27393.089296875,0.3040196524746736,7.410307810052143,-0.004231685246032235,1832.2004223632812,1799.8360809326173,0.3007315011167638
2023-08-26,26008.462890625,1646.3067626953125,6034817316,2423247747,10.166177259834624,-0.0015062619864458782,28963.1106640625,27406.81015625,0.30412028816177195,7.406289732460222,-0.004018077591920743,1827.7145068359375,1799.7075970458984,0.3006293385337667
2023-08-27,26089.693359375,1657.5130615234375,6913768611,2624065031,10.169295624875618,0.0031183650409936092,28879.0537109375,27422.561630859374,0.30394180424311984,7.413073602284436,0.006783869824213973,1823.5539770507812,1799.7415783691406,0.3001923781190914
2023-08-28,26106.150390625,1652.4573974609375,11002805166,4855588534,10.169926212700739,0.0006305878251211539,28797.75203125,27443.9971875,0.3038103077566338,7.410018790734475,-0.003054811549961123,1819.3429296875,1800.271674194336,0.29901373321200014
2023-08-29,27727.392578125,1729.7257080078125,29368391712,11304916729,10.23017610527159,0.06024989257085167,28744.01046875,27474.378232421874,0.3774014459524523,7.455718124636898,0.04569933390242298,1816.3263159179687,1801.34595703125,0.3451322817556301
2023-08-30,27297.265625,1705.1121826171875,16343655235,5023904190,10.214541815900267,-0.015634289371323717,28677.5367578125,27501.510185546875,0.3804638873586124,7.441386183809553,-0.014331940827345235,1812.8618383789062,1802.1718841552733,0.34761437542267765
2023-08-31,25931.47265625,1645.63916015625,20181001451,6593153505,10.163212670450678,-0.05132914544958922,28588.33328125,27522.226533203124,0.4115386432241184,7.405884134942,-0.035502048867552816,1808.3323461914063,1802.8249114990235,0.36315370123192586
2023-09-01,25800.724609375,1628.4912109375,17202862221,6104510092,10.158157856150005,-0.005054814300672561,28474.826796875,27542.1896484375,0.40874129140192844,7.395409227672249,-0.010474907269751199,1800.7719409179688,1803.4315380859375,0.3606975458353788
2023-09-02,25868.798828125,1637.025390625,10100387473,2943590996,10.160792843028482,0.0026349868784762975,28385.52140625,27560.429619140625,0.4090490801495957,7.4006360877120585,0.005226860039809544,1794.7255078125,1803.832289428711,0.362102782024
2023-09-03,25969.56640625,1636.11767578125,8962524523,3151878318,10.164680608570169,0.003887765541687571,28298.9966015625,27568.7382421875,0.4099770321656426,7.400081443537573,-0.0005546441744854747,1788.8185302734375,1803.6441479492187,0.3622785411017746
2023-09-04,25812.416015625,1629.6552734375,10680635106,3887968912,10.158610896066135,-0.006069712504034541,28210.262265625,27579.68294921875,0.40993705326695395,7.3961237827452715,-0.003957660792301532,1782.937998046875,1803.5920861816405,0.3612215572107479
2023-09-05,25779.982421875,1633.62939453125,11094740040,4417491902,10.157353594641705,-0.001257301424429258,28122.944140625,27585.754853515624,0.4098099328589948,7.398559440962552,0.002435658217280867,1777.3776635742188,1803.2863165283204,0.36190726915196864
2023-09-06,25753.236328125,1632.2523193359375,12752705327,4987397046,10.156315580840111,-0.0010380138015939622,28040.8776171875,27591.3146484375,0.40875134904043114,7.3977161310097905,-0.0008433099527618282,1772.0707250976564,1802.988480834961,0.361845629605268
2023-09-07,26240.1953125,1647.5982666015625,11088307100,4907290296,10.175047686342062,0.018732105501950258,27967.403046875,27600.877412109374,0.4079451913574423,7.407073910486574,0.009357779476783179,1767.2425317382813,1802.819291381836,0.3582267135334397
2023-09-08,25905.654296875,1636.1378173828125,10817356400,4598495496,10.162216536481553,-0.012831149860508262,27889.6758203125,27606.25994140625,0.4089639928741821,7.400093754068706,-0.0069801564178675335,1762.1459057617187,1802.4866046142579,0.3581893464459092
2023-09-09,25895.677734375,1635.162353515625,5481314132,2081625742,10.161831350918474,-0.0003851855630792045,27809.4144921875,27613.5565625,0.40920335784693634,7.3994973771878705,-0.0005963768808356917,1757.0075512695312,1802.3722344970704,0.3583232974121382
2023-09-10,25832.2265625,1616.828857421875,7899553047,4339499949,10.159378083013618,-0.0024532679048565598,27730.62296875,27621.7734765625,0.40909725725898144,7.388222014409765,-0.011275362778105702,1752.0458813476562,1802.240220336914,0.359086443444338
2023-09-11,25162.654296875,1551.6376953125,14600006467,7693700923,10.133116201946136,-0.02626188106748195,27632.1852734375,27627.849287109377,0.4157122005109551,7.347066229748987,-0.04115578466077796,1745.2948022460937,1801.7430395507813,0.3805270271365243
2023-09-12,25833.34375,1592.429443359375,18657279324,6813819740,10.159421329899054,0.026305127952918284,27565.313828125,27641.02537109375,0.43001087552797895,7.373016080881987,0.0259498511330003,1740.143349609375,1801.6633209228517,0.3963709931739121
2023-09-13,26228.32421875,1607.988525390625,13072077070,4979469106,10.17459518285774,0.015173852958685785,27505.3325,27656.2901171875,0.4343651752857928,7.382739313762347,0.009723232880359589,1735.14828125,1801.7286889648437,0.398802388355994
2023-09-14,26539.673828125,1626.974365234375,13811359124,5538958553,10.186396017988711,0.011800835130971521,27449.0265234375,27671.182421875,0.4374257406330473,7.394477351246342,0.011738037483995711,1730.2445703125,1801.6594750976562,0.4023789956864253
2023-09-15,26608.693359375,1641.640380859375,11479735788,4348584771,10.18899325939803,0.00259724140931894,27396.9866015625,27686.611533203126,0.4352788832590045,7.403451253150628,0.008973901904285597,1725.870234375,1801.696044921875,0.4037675717123377
2023-09-16,26568.28125,1635.2216796875,7402031417,2819575929,10.18747334904391,-0.0015199103541192471,27341.9673046875,27703.716171875,0.3516719119186643,7.399533658047415,-0.003917595103213323,1721.0797705078126,1801.8426776123047,0.3261590999580148
2023-09-17,26534.1875,1622.896728515625,6774210670,3032716258,10.186189274857261,-0.0012840741866497751,27285.5126953125,27718.15435546875,0.34161936930576925,7.391967935493583,-0.007565722553831478,1715.916328125,1801.6399926757813,0.32351696863310947
2023-09-18,26754.28125,1637.3470458984375,15615339655,5916674789,10.194449786247013,0.008260511389751812,27235.0921484375,27734.548427734375,0.3426436560981381,7.40083255606177,0.008864620568187043,1711.4303930664062,1801.590131225586,0.3246369901778888
2023-09-19,27211.1171875,1643.544677734375,13807690550,4405868861,10.211380888909446,0.016931102662432806,27194.712265625,27758.790615234375,0.3471282830521025,7.40461057724003,0.0037780211782596496,1707.1780395507812,1801.9620166015625,0.3231257643592117
2023-09-20,27132.0078125,1622.890625,13281116604,5156431986,10.208469410010053,-0.0029114788993922502,27143.8377734375,27782.68390625,0.34718730574082496,7.391964174609113,-0.012646402630917208,1702.200009765625,1802.2418499755859,0.3240233821044174
2023-09-21,26567.6328125,1584.3070068359375,13371443708,5191732312,10.187448942293356,-0.02102046771669741,27092.15125,27803.344501953125,0.3554841569410298,7.367902371041127,-0.02406180356798604,1697.10435546875,1802.3410412597657,0.3271671557722378
2023-09-22,26579.568359375,1593.268310546875,10578746709,3460791634,10.187898092834212,0.0004491505408559249,27040.1690234375,27824.0935546875,0.35157677603357795,7.373542726704467,0.005640355663340202,1692.2669921875,1802.4703894042968,0.31181844876189335
2023-09-23,26579.390625,1593.8577880859375,7404700301,2101436678,10.187891405932195,-6.6869020169946225e-06,26990.275,27845.89166015625,0.3495636307349545,7.373912638360009,0.00036991165554223215,1687.5898901367189,1802.6300128173827,0.30985895564971744
2023-09-24,26256.826171875,1580.8533935546875,8192867686,3086456944,10.17568127885688,-0.012210127075315214,26934.568984375,27868.585390625,0.35200320032508403,7.3657201027103225,-0.008192535649686583,1682.5071997070313,1802.8638385009765,0.3106289451527867
2023-09-25,26298.48046875,1588.3228759765625,11997833257,4394930984,10.177266439643097,0.0015851607862167327,26879.701484375,27898.262685546873,0.3519723961220571,7.37043394354326,0.004713840832937244,1677.7244165039062,1803.6121490478515,0.3112258073123238
2023-09-26,26217.25,1593.417236328125,9985498161,3544861160,10.174172870047572,-0.0030935695955243148,26820.434921875,27928.41271484375,0.35202874883961355,7.373636194214309,0.0032022506710491783,1673.053984375,1804.4334448242187,0.3103195139654524
2023-09-27,26352.716796875,1597.4912109375,11718380997,5533036096,10.179326652900361,0.00515378285278878,26752.1794140625,27957.014248046875,0.35245772689267707,7.3761896844759915,0.0025534902616826116,1667.8876611328126,1805.0078173828124,0.3105401797559002
2023-09-28,27021.546875,1652.8826904296875,14079002707,6658092168,10.204389859135322,0.025063206234960944,26701.38046875,27981.302236328123,0.29360212770224603,7.4102761276255595,0.03408644314956799,1663.8593627929688,1805.320765991211,0.290494957178831
2023-09-29,26911.720703125,1667.94384765625,10396435377,5529687537,10.200317184565023,-0.004072674570299029,26651.023046875,27994.873173828124,0.28901312916072813,7.419346917877361,0.009070790251801242,1660.2031713867189,1805.2589404296875,0.2889640062580431
2023-09-30,26967.916015625,1671.161865234375,5331172801,3155292192,10.202403142685709,0.0020859581206860156,26602.4270703125,28005.9823828125,0.2233007674220456,7.421274391189743,0.0019274733123824106,1656.6839208984375,1805.0972143554689,0.26036084394866577
2023-10-01,27983.75,1733.8104248046875,9503917434,5054880180,10.23937926354209,0.03697612085638191,26573.7827734375,28024.021328125,0.25421766548844615,7.458076823108059,0.036802431918316,1654.3823315429688,1805.4853637695312,0.2861913767911215
2023-10-02,27530.78515625,1663.6275634765625,19793041322,8420552922,10.223060117753576,-0.01631914578851479,26538.7401953125,28036.41130859375,0.2627396965214243,7.416755776303609,-0.041321046804450035,1650.8692797851563,1805.4174243164061,0.323404261615429
2023-10-03,27429.978515625,1656.6856689453125,11407814187,4742827302,10.219391800687632,-0.003668317065944393,26499.1708984375,28036.441552734374,0.26340483902091744,7.4125743005451,-0.004181475758509023,1647.11927734375,1804.7384271240235,0.32380557126605486
2023-10-04,27799.39453125,1647.838134765625,11143355314,5127524863,10.232769519990114,0.01337771930248266,26471.7518359375,28040.609130859375,0.26480075416844245,7.40721948644998,-0.005354814095119842,1643.5373852539062,1804.1693194580077,0.32407967118197467
2023-10-05,27415.912109375,1611.4764404296875,11877253670,5403759057,10.218878857734271,-0.013890662255843012,26446.0344921875,28037.4953125,0.2706422178686336,7.384906081495933,-0.022313404954047655,1639.6537329101564,1803.2988189697267,0.33345604153904024
2023-10-06,27946.59765625,1645.83154296875,13492391599,4941208729,10.238050741522427,0.019171883788155597,26471.6754296875,28038.392119140626,0.27684862903488433,7.4060010327242205,0.02109495122828786,1638.8716943359375,1802.851370239258,0.3418102043221328
2023-10-07,27968.83984375,1634.51123046875,6553044316,2578994988,10.238846306742609,0.0007955652201818708,26510.06109375,28037.357236328124,0.27079861392431565,7.399099097030077,-0.006901935694143546,1638.343017578125,1801.9901226806642,0.3410773331927887
2023-10-08,27935.08984375,1633.548583984375,7916875290,3315554175,10.237638878059547,-0.0012074286830614511,26546.8387890625,28040.495498046876,0.2657049829088158,7.398509972860464,-0.0005891241696129867,1637.62455078125,1801.469280395508,0.3402212697261093
2023-10-09,27583.677734375,1579.806640625,12007668568,7020801716,10.22497949033162,-0.012659387727927296,26574.7206640625,28036.7440234375,0.2707912646009655,7.3650577391807825,-0.03345223367968142,1635.523642578125,1800.2862878417968,0.3596304986581892
2023-10-10,27391.01953125,1567.7130126953125,9973350678,5254966125,10.217970484319029,-0.007009006012591357,26600.0582421875,28036.2326953125,0.2722189472749315,7.3573731565409695,-0.007684582639813087,1633.5325219726562,1799.36462890625,0.35857435724039477
2023-10-11,26873.3203125,1566.2547607421875,13648094333,5416504273,10.198889263476758,-0.019081220842270596,26616.8915234375,28033.12576171875,0.26387593460694664,7.356442545785667,-0.0009306107553026521,1632.179765625,1798.477078857422,0.3280706361893833
2023-10-12,26756.798828125,1539.6124267578125,9392909295,5003930677,10.19454388182958,-0.00434538164717857,26623.3946875,28026.93810546875,0.24991287731848355,7.339285992796745,-0.017156552988922158,1629.3865258789062,1797.2967572021485,0.320029901280763
2023-10-13,26862.375,1552.0894775390625,15165312851,4575141511,10.198481887612811,0.003938005783231446,26637.3947265625,28025.550537109375,0.24501402704399655,7.34735735213481,0.008071359338065243,1627.229423828125,1796.4799005126954,0.31937638761632964
2023-10-14,26861.70703125,1555.2568359375,5388116782,2429214718,10.198457020971082,-2.4866641728849004e-05,26653.6755078125,28023.51841796875,0.24177981542237736,7.349395978780101,0.002038626645290975,1625.275859375,1795.3922564697266,0.3162151317874472
2023-10-15,27159.65234375,1558.06982421875,7098201980,2923337883,10.209487781286953,0.01103076031587058,26676.699296875,28017.57447265625,0.24451758470934384,7.351203041998188,0.0018070632180871016,1623.5111206054687,1794.217596435547,0.3142083423713956
2023-10-16,28519.466796875,1600.5343017578125,27833876539,8846928526,10.258342178591718,0.048854397304765484,26725.294765625,28020.003994140625,0.2964271447983562,7.378092791081421,0.026889749083233383,1622.3715454101562,1793.25658203125,0.32952496965766453
2023-10-17,28415.748046875,1565.4395751953125,14872527508,5032686973,10.254698779158943,-0.0036433994327751407,26771.48671875,28019.6903125,0.29690627207751513,7.355921942254261,-0.022170848827160583,1620.6311889648437,1791.9736694335938,0.3371953861024858
2023-10-18,28328.341796875,1563.7498779296875,12724128586,4354138855,10.251618059409257,-0.003080719749686267,26783.505703125,28019.276845703123,0.29666806830703996,7.3548419837185675,-0.001079958535693315,1617.3116723632813,1790.7231158447266,0.33523737247524915
2023-10-19,28719.806640625,1567.45703125,14448058195,5035110867,10.265342290570729,0.013724231161472034,26811.9565234375,28021.8793359375,0.2948289956048224,7.35720985985065,0.002367876132082891,1614.5585693359376,1789.5818603515625,0.33499218608527526
2023-10-20,29682.94921875,1604.6668701171875,21536125230,6747486127,10.298328059553281,0.032985768982552344,26886.9860546875,28031.342978515626,0.3136017036227209,7.38067145646168,0.02346159661103009,1613.7391235351563,1788.5537091064452,0.3435462126048308
2023-10-21,29918.412109375,1629.304443359375,11541146996,4212179634,10.30622935946936,0.00790129991607813,26969.3398046875,28040.09458984375,0.30172645879175447,7.395908480863709,0.015237024402028787,1613.7553881835938,1787.3452056884767,0.33672466323912564
2023-10-22,29993.896484375,1663.429931640625,10446520040,5248406817,10.308749189424594,0.002519829955234698,27051.8417578125,28049.174150390623,0.3015096310623515,7.4166369735258035,0.02072849266209431,1614.2834790039062,1786.1167852783203,0.3434252987258421
2023-10-23,33086.234375,1765.3826904296875,38363572311,14362295879,10.406872594953755,0.09812340552916154,27194.1751171875,28074.384619140626,0.44508412220866245,7.476122767638148,0.05948579411234434,1616.868779296875,1785.5790856933593,0.39858812441777897
2023-10-24,33901.52734375,1784.4375,44934999645,15888690475,10.43121534674153,0.02434275178777412,27355.95734375,28104.262958984375,0.4431757594996729,7.4868585185006715,0.010735750862523652,1619.964423828125,1785.1730926513671,0.39712054361770044
2023-10-25,34502.8203125,1787.3975830078125,25254318008,9439066475,10.448796347866656,0.017581001125126505,27530.4141015625,28137.0380859375,0.4435384379957074,7.488515976707266,0.0016574582065942423,1623.0397875976562,1784.8625897216798,0.3971981619578645
2023-10-26,34156.6484375,1804.039306640625,19427195376,11196672635,10.438712529432724,-0.010083818433932024,27698.48234375,28166.15607421875,0.4466070176632278,7.497783488988651,0.00926751228138567,1626.47552734375,1784.5858471679687,0.397620324783881
2023-10-27,33909.80078125,1780.0452880859375,16418032871,7493399771,10.431459360176152,-0.007253169256571823,27851.874453125,28187.44017578125,0.4499722791685678,7.484394085707378,-0.01338940328127336,1629.1244677734376,1783.9300360107422,0.40228148152142734
2023-10-28,34089.57421875,1776.6181640625,10160330825,4226112731,10.436746875137551,0.005287514961398898,28015.5528515625,28206.71275390625,0.44602734655622334,7.48246692834193,-0.0019271573654480179,1631.9340747070312,1783.3521783447266,0.38727124994166856
2023-10-29,34538.48046875,1795.5460205078125,11160323986,4358528382,10.44982935735569,0.013082482218138125,28188.40890625,28228.709892578125,0.4443170376951675,7.493064444364019,0.010597516022088804,1635.141748046875,1782.7264978027345,0.3876383667996342
2023-10-30,34502.36328125,1810.088623046875,17184860315,7534051038,10.448783101579169,-0.0010462557765205105,28361.811640625,28249.226376953124,0.4450036953581434,7.501131086070545,0.00806664170652649,1639.006943359375,1781.7137677001954,0.3881239325811445
2023-10-31,34667.78125,1816.458984375,15758270810,6477922747,10.453566040380862,0.004782938801692893,28551.9141796875,28270.136787109375,0.43281462779611085,7.504644271926567,0.0035131858560220053,1644.303369140625,1780.287885131836,0.36812252902396525
2023-11-01,35437.25390625,1847.0897216796875,22446272005,10628825648,10.475518916001551,0.021952875620689483,28743.9923828125,28295.730576171874,0.4272581203588796,7.521366555998132,0.016722284071565063,1649.3965747070313,1779.0609997558595,0.33743483165787147
2023-11-02,34938.2421875,1800.6209716796875,20998158544,9004197724,10.461337272963412,-0.014181643038138958,28918.1907421875,28318.845009765624,0.43254151244071026,7.49588686865736,-0.02547968734077255,1653.2492236328126,1777.4640753173828,0.35141503608109115
2023-11-03,34732.32421875,1832.795166015625,17158456701,7622864055,10.455426066008267,-0.005911206955145687,29082.04375,28345.28140625,0.4347864586255502,7.513597493649789,0.01771062499242948,1657.3656396484375,1776.2468365478517,0.35389812878969157
2023-11-04,35082.1953125,1857.6986083984373,9561294264,4845080427,10.46544902470195,0.010022958693683748,29251.5137890625,28368.704619140626,0.4279807626989208,7.527093693297889,0.013496199648099783,1661.6868041992188,1775.0126428222657,0.34283460397180265
2023-11-05,35049.35546875,1894.15771484375,12412743996,8867152645,10.464512503384956,-0.0009365213169942876,29421.1352734375,28399.837998046874,0.42725051663734853,7.54652954105204,0.01943584775415097,1666.8655249023439,1774.8014141845704,0.3418859406520803
2023-11-06,35037.37109375,1899.83740234375,12693436420,8104122602,10.464170516372448,-0.00034198701250787167,29591.1989453125,28433.794912109373,0.42749517452813096,7.5495235837787344,0.002994042726694346,1672.4043383789062,1774.585112915039,0.33939842363243555
2023-11-07,35443.5625,1888.124267578125,18834737789,9203228152,10.475696921676048,0.011526405303600384,29764.9845703125,28474.628173828125,0.426533000762495,7.543339164231228,-0.006184419547506259,1677.4198828125,1774.7757348632813,0.34111786909964154
2023-11-08,35655.27734375,1889.3223876953125,17295394918,6751627017,10.481652446969523,0.0059555252934746505,29933.8677734375,28513.817060546877,0.42011432016968975,7.543973518739289,0.0006343545080609303,1682.3354370117188,1774.8512036132813,0.3124933088190797
2023-11-09,36693.125,2120.56103515625,37762672382,24709695029,10.510344686793989,0.02869223982446556,30125.0901171875,28559.32576171875,0.4219189128137186,7.659435971879922,0.11546245314063253,1692.2888452148438,1776.1436987304687,0.48974788701096955
2023-11-10,37313.96875,2078.289794921875,22711265155,14740624457,10.527123032844324,0.016778346050335458,30340.0168359375,28608.26890625,0.4094379599228104,7.639300620512185,-0.020135351367736476,1702.1685009765624,1777.321360473633,0.4996576332081999
2023-11-11,37138.05078125,2052.7138671875,13924272142,10228351203,10.522397350525916,-0.004725682318408531,30551.186484375,28652.421171875,0.40961877608401903,7.626918034284423,-0.012382586227762005,1711.357412109375,1778.2511614990235,0.4967295437064497
2023-11-12,37054.51953125,2045.18701171875,11545715999,7951011698,10.520145607933834,-0.002251742592081385,30760.6890625,28695.580263671876,0.4115129042099043,7.623244512568991,-0.0036735217154317823,1720.3839965820312,1779.1442755126952,0.49886556162402074
2023-11-13,36502.35546875,2055.265380859375,19057712790,14322027970,10.505132070878805,-0.015013537055029502,30965.5996484375,28730.72310546875,0.41967974345070846,7.628160257696917,0.00491574512792603,1729.872236328125,1779.8766705322266,0.49844676638848556
2023-11-14,35537.640625,1979.0526123046875,23857403554,13087862495,10.47834771303901,-0.02678435783979438,31150.3828515625,28761.71,0.43904422999146536,7.590373530547155,-0.03778672714976228,1737.6868310546874,1780.309369506836,0.5243878711703525
2023-11-15,37880.58203125,2060.408447265625,27365821679,12626326991,10.542193912315287,0.0638461992762771,31383.6494921875,28804.87046875,0.45885611242049307,7.630659517501326,0.04028598695417074,1747.0266552734374,1781.0668267822266,0.5324897206408993
2023-11-16,36154.76953125,1960.881591796875,26007385366,14651619483,10.495564156124622,-0.046629756190665006,31579.690546875,28839.300283203123,0.4972036721311469,7.581149442831683,-0.049510074669642634,1754.294462890625,1781.4866131591798,0.5600810287050388
2023-11-17,36596.68359375,1961.28076171875,22445028430,11881648738,10.507712903091303,0.012148746966680335,31771.19328125,28881.825859375,0.4957563891622352,7.581352988675672,0.0002035458439886284,1760.4624243164062,1782.1332427978516,0.5598511836374327
2023-11-18,36585.703125,1963.2850341796875,11886022717,8064677046,10.507412818075638,-0.0003000850156649193,31964.6729296875,28921.351689453124,0.4963224251603056,7.582374387087328,0.0010213984116562713,1766.369248046875,1782.595721435547,0.5600277331016749
2023-11-19,37386.546875,2013.2044677734373,12915986553,7716048818,10.529066209467143,0.021653391391504684,32173.045546875,28963.252880859374,0.49070417994683624,7.607482994139478,0.025108607052150234,1773.2101000976563,1783.1384844970703,0.5606474772771176
2023-11-20,37476.95703125,2022.2391357421875,20888209068,12866464824,10.531481543922137,0.0024153344549944222,32362.9096875,29006.399111328126,0.491047608833739,7.611960659522245,0.004477665382766283,1778.9786743164063,1783.8611596679686,0.560049033287084
2023-11-21,35813.8125,1937.0667724609373,25172163756,13653500841,10.486088922000189,-0.04539262192194826,32528.570234375,29037.79625,0.5244751410463842,7.568930134914518,-0.04303052460772694,1784.4474584960938,1783.5711889648437,0.5842987174460158
2023-11-22,37432.33984375,2064.42529296875,24397247860,13372200584,10.530290311468026,0.044201389467836805,32728.6174609375,29080.434833984375,0.43044855357053513,7.632607158170429,0.06367702325591118,1792.6022509765626,1784.3922064208984,0.5893717716888202
2023-11-23,37289.62109375,2062.210693359375,14214948217,7828437946,10.526470312052592,-0.0038199994154339834,32918.4219921875,29124.608046875,0.42496485007595186,7.6315338384837315,-0.0010733196866974382,1800.8897021484374,1785.3378778076171,0.5894192092552525
2023-11-24,37720.28125,2081.152099609375,22922957823,12141148820,10.537953192976223,0.01148288092363181,33124.509375,29174.7380859375,0.4228903016851621,7.640676913395648,0.009143074911916571,1810.2832153320312,1786.4984246826173,0.5894916137439373
2023-11-25,37796.79296875,2084.4130859375,9099571165,5362623390,10.539979535911824,0.002026342935600667,33321.51328125,29225.428173828124,0.4202863218966349,7.642242601050999,0.0015656876553507004,1819.0548461914063,1787.6774743652343,0.5894138389872683
2023-11-26,37479.12109375,2063.2861328125,13744796068,8054814154,10.531539286070732,-0.00844024984109204,33511.71890625,29274.715,0.4206843730024286,7.632055200890637,-0.010187400160361904,1827.6303442382812,1788.7818975830078,0.5882738119285181
2023-11-27,37254.16796875,2027.4173583984373,19002925720,10574810069,10.525519109326812,-0.0060201767439203024,33698.10046875,29325.98189453125,0.42187146788841334,7.614518024812819,-0.017537176077818017,1835.5077197265625,1789.9365313720702,0.5930616302717431
2023-11-28,37831.0859375,2049.338134765625,21696137014,9910633038,10.540886422938044,0.015367313611232447,33903.0486328125,29381.112373046875,0.42263612709140563,7.6252721589116526,0.010754134098833745,1844.898349609375,1791.1431231689453,0.5930824752535192
2023-11-29,37858.4921875,2029.92919921875,20728546658,8945151861,10.541610597966539,0.0007241750284947557,34112.3980859375,29436.484443359375,0.4224660171186842,7.615756194195465,-0.00951596471618732,1854.1426733398437,1792.3121948242188,0.5948851526589646
2023-11-30,37712.74609375,2052.55615234375,18115982627,8107789163,10.537753408968067,-0.003857188998471983,34329.1866015625,29490.39498046875,0.42310580412597526,7.626841198976111,0.011085004780645669,1863.868701171875,1793.572470703125,0.5954219100535095
2023-12-01,38688.75,2087.139892578125,23512784002,10866891430,10.563304139082696,0.02555073011462916,34567.825625,29547.875263671875,0.4253352329012332,7.643549935294643,0.01670873631853187,1874.8192504882813,1794.9204205322267,0.5954182895265672
2023-12-02,39476.33203125,2165.7041015625,15534035612,9130124831,10.583456582221416,0.02015244313871989,34820.104765625,29610.073671875,0.42481370184655254,7.680500807685237,0.03695087239059447,1887.09154296875,1796.6283337402344,0.5962389683771883
2023-12-03,39978.390625,2193.691650390625,15769696322,8278465782,10.596094352741906,0.012637770520489866,35082.4384375,29672.971611328125,0.424254698449167,7.693341088747904,0.012840281062667103,1899.8602392578125,1798.4874938964845,0.5952920764572989
2023-12-04,41980.09765625,2243.2158203125,39856129827,16149367134,10.644950919628469,0.04885656688656326,35378.84734375,29748.7110546875,0.4511697804697662,7.715665749379819,0.02232466063191474,1913.5631591796875,1800.6949304199218,0.5974853593480445
2023-12-05,44080.6484375,2293.841796875,36312154535,15383072559,10.6937761541882,0.048825234559730646,35690.0709765625,29834.66365234375,0.47435599778426724,7.737983331438051,0.022317582058231977,1927.4293090820313,1803.1011920166015,0.5983675319702059
2023-12-06,43746.4453125,2231.661376953125,29909761586,12790612571,10.6861656384848,-0.007610515703399656,35996.684921875,29917.74794921875,0.4765681690161099,7.710501599157024,-0.027481732281026794,1940.7537451171875,1805.1571087646485,0.6098710370009954
2023-12-07,43292.6640625,2357.57958984375,27635760671,14766891042,10.675738478447814,-0.010427160036986294,36295.9713671875,30000.442138671875,0.48031303666072644,7.765390774210812,0.05488917505378765,1956.6303393554688,1807.9223498535157,0.6321131139484711
2023-12-08,44166.6015625,2358.73193359375,24421116687,12543458699,10.695724161682614,0.019985683234800433,36604.907265625,30087.018759765626,0.48253903428549644,7.765879437339702,0.0004886631288902876,1972.4558374023438,1810.628335571289,0.6321329494160053
2023-12-09,43725.984375,2341.17529296875,17368210171,10613312823,10.685697812497887,-0.010026349184727223,36885.76796875,30169.520048828126,0.47965974806362,7.758408344212889,-0.007471093126813599,1987.186005859375,1813.062308959961,0.4990491690538307
2023-12-10,43779.69921875,2352.462646484375,13000481418,7369608905,10.686925500764309,0.0012276882664217226,37162.9937109375,30256.744453125,0.4782633814380421,7.763217993112168,0.00480964889927904,2001.649169921875,1815.8241223144532,0.49183913359532117
2023-12-11,41243.83203125,2224.578857421875,40632672038,17989249470,10.627256854067472,-0.0596686466968368,37387.992421875,30330.582578125,0.5285515309065693,7.70732289912188,-0.055895093990288025,2012.8721484375,1817.9172479248048,0.5320041963224622
2023-12-12,41450.22265625,2202.0380859375,24779520132,11391132228,10.632248532231763,0.004991678164291358,37555.2721875,30404.237236328125,0.5281639750534728,7.697138613199126,-0.010184285922753666,2021.6052563476562,1819.783989868164,0.533465581137809
2023-12-13,42890.7421875,2260.648681640625,26797884674,12576395493,10.666411281802802,0.034162749571038376,37735.056484375,30484.3491796875,0.5340123495435558,7.723407078356496,0.026268465157370358,2031.1294799804687,1821.931641845703,0.5398620709835252
2023-12-14,43023.97265625,2316.5791015625,25578530178,12608711052,10.669512742962004,0.003101461159202401,37905.47953125,30559.040810546874,0.521384537890309,7.74784685128968,0.024439772933183335,2041.7131103515626,1823.959966430664,0.5238321642922258
2023-12-15,41929.7578125,2219.33740234375,19639442462,10259157898,10.64375106415242,-0.0257616788095838,38060.94171875,30629.96017578125,0.4897896047222817,7.704963962903337,-0.0428828883863428,2050.019072265625,1825.5912628173828,0.5340466946850527
2023-12-16,42240.1171875,2226.926513671875,14386729590,6866555430,10.651125692701578,0.0073746285491580466,38227.548046875,30702.649013671875,0.45539674873736774,7.708377668810758,0.003413705907421516,2058.956696777344,1827.2207623291015,0.5000258733551364
2023-12-17,41364.6640625,2196.481201171875,16678702876,7410453853,10.630182270293107,-0.02094342240847169,38373.04984375,30773.37404296875,0.46358307252166875,7.694611904841479,-0.013765763969279199,2067.3539575195314,1828.8325158691407,0.5038053311027071
2023-12-18,42623.5390625,2217.2734375,25224642008,10366536490,10.660161939804896,0.029979669511789098,38534.751015625,30852.391875,0.4719365543687148,7.704033538727248,0.009421633885768443,2075.788505859375,1830.6078759765626,0.5040793750032098
2023-12-19,42270.52734375,2177.87255859375,23171001281,10619179629,10.651845369086281,-0.008316570718614358,38690.114296875,30927.4965625,0.4702741091089987,7.6861037887385955,-0.017929749988652155,2083.1441845703125,1831.960955810547,0.5038091135122775
2023-12-20,43652.25,2201.911376953125,27868908174,12652290807,10.684010106331032,0.03216473724475044,38869.803671875,31010.38216796875,0.4802806394102721,7.697081069857416,0.010977281118820237,2090.853232421875,1833.5084503173828,0.504620079726701
2023-12-21,43869.15234375,2239.54248046875,22452766169,12616530536,10.68896667197108,0.004956565640048538,39038.441640625,31094.13259765625,0.4444519333451461,7.71402687419652,0.01694580433910442,2098.7022875976563,1835.253594970703,0.4787043973146318
2023-12-22,43997.90234375,2326.52490234375,21028503216,16137246310,10.691897237758274,0.0029305657871940838,39219.63484375,31185.32162109375,0.42351637459334507,7.752130975007238,0.03810410081071769,2109.2203662109373,1837.8270776367187,0.4463598175939578
2023-12-23,43739.54296875,2309.04638671875,13507796558,7995772945,10.686007845359297,-0.005889392398977122,39399.77921875,31267.825419921875,0.424143636134159,7.744589898680096,-0.007541076327141738,2118.745390625,1839.9498352050782,0.4478497955376075
2023-12-24,43016.1171875,2265.692138671875,18830554085,9450799236,10.669330142762817,-0.01667770259648016,39558.45765625,31351.176015625,0.4303208789013272,7.725635571224662,-0.01895432745543424,2126.9052612304686,1842.1163159179687,0.45428326361902627
2023-12-25,43613.140625,2272.561767578125,21115795370,8036302656,10.68311377440979,0.013783631646973049,39729.733359375,31436.700634765624,0.4314644185327811,7.728663006134672,0.0030274349100105624,2134.4733422851564,1844.2476153564453,0.45426059368033234
2023-12-26,42520.40234375,2231.46533203125,30026850982,10668581464,10.657739294869959,-0.025374479539831185,39879.393984375,31516.900771484376,0.44190751102814907,7.710413748224355,-0.018249257910317063,2141.105900878906,1846.2038159179688,0.45803431231952774
2023-12-27,43442.85546875,2378.739990234375,25260941032,14161342927,10.679201686074299,0.02146239120433968,40039.37984375,31604.85884765625,0.444293452502007,7.774326210607549,0.06391246238319326,2150.918215332031,1849.3355920410156,0.49919755043668235
2023-12-28,42627.85546875,2347.566162109375,22992093014,15660799060,10.660263202811265,-0.01893848326303349,40178.83140625,31688.29728515625,0.4504094604455736,7.761134394757406,-0.013191815850142952,2160.0830908203125,1852.3063464355469,0.5028948942425272
2023-12-29,42099.40234375,2300.690673828125,26000021055,12536968996,10.647788823459257,-0.012474379352008569,40286.956953125,31769.281796875,0.45394888937755407,7.740964649807082,-0.020169744950323754,2163.68568359375,1855.0971563720702,0.5079869650120674
2023-12-30,42156.90234375,2292.0654296875,16013925945,6888195427,10.64915370669594,0.0013648832366826014,40383.815625,31850.472666015627,0.4532428692761909,7.737208624411248,-0.003756025395833973,2167.9611962890626,1857.8622955322267,0.5080832133768651
2023-12-31,42265.1875,2281.47119140625,16397498810,6871481744,10.651719035647995,0.0025653289520555234,40486.358359375,31936.175224609375,0.4463429492295837,7.732575773246864,-0.004632851164384277,2172.5363427734374,1861.017055053711,0.5066459819230351
2024-01-01,44167.33203125,2352.327880859375,18426978443,6906765990,10.69574070048532,0.0440216648373255,40628.614609375,32029.129912109376,0.4652865614030161,7.763160704429811,0.030584931182947805,2178.67916015625,1864.4510955810547,0.5017345005700098
2024-01-02,44957.96875,2355.83642578125,39335274536,12910543630,10.713483304498926,0.0177426040136055,40797.726875,32122.28244140625,0.4668529225297452,7.76465111357564,0.0014904091458287638,2184.6905810546873,1867.64693359375,0.5004233273131807
2024-01-03,42848.17578125,2210.761962890625,46342323118,19332933581,10.66541835092017,-0.04806495357875562,40943.937578125,32203.96994140625,0.4717961048369235,7.701092514677493,-0.06355859889814752,2189.3247680664062,1870.0647229003907,0.5450132244834893
2024-01-04,44179.921875,2269.0380859375,30448091210,11044564896,10.696025708638457,0.03060735771828682,41069.924375,32293.188486328127,0.45227400904932114,7.727111269979428,0.026018755301935315,2193.4973608398436,1872.8070257568359,0.5471111524050662
2024-01-05,44162.69140625,2268.647216796875,32336029347,10860953290,10.695635625793305,-0.0003900828451524063,41230.0828125,32379.746796875,0.4514301722401989,7.726938993095724,-0.00017227688370358152,2199.6526733398437,1875.4619647216796,0.538295035102981
2024-01-06,43989.1953125,2241.624755859375,16092503468,5970741680,10.691699321665794,-0.003936304127510226,41377.933046875,32458.05533203125,0.45005168695249176,7.7149562193562415,-0.011982773739482866,2205.2595532226565,1877.7094885253907,0.5026877332726182
2024-01-07,43943.09765625,2222.865966796875,19330573863,6490053615,10.690650840865018,-0.0010484808007760194,41525.0809375,32527.6343359375,0.44455501165641514,7.706552618307887,-0.008403601048354581,2210.451171875,1879.3687823486327,0.5031613194703356
2024-01-08,46970.50390625,2333.03271484375,42746192015,13830287095,10.757275107220892,0.06662426635587337,41716.760078125,32612.92544921875,0.5000928171063554,7.754924294573671,0.0483716762657842,2216.8477368164063,1881.6692309570312,0.5323436711036258
2024-01-09,46139.73046875,2344.8271484375,39821290992,14891130716,10.739429690114454,-0.017845417106437722,41890.015546875,32690.1467578125,0.5050494404316569,7.759966967475981,0.00504267290230942,2223.2994970703126,1883.9290563964844,0.5323714289519571
2024-01-10,46627.77734375,2582.103515625,50114613298,29042100476,10.749951722866403,0.010522032751948629,42106.29484375,32770.54216796875,0.4544203978269165,7.856359661859733,0.09639269438375209,2236.200231933594,1887.4592755126953,0.5930663968460445
2024-01-11,46368.5859375,2619.619140625,45833734549,22575246883,10.74437748171888,-0.005574241147522585,42285.019765625,32849.9837890625,0.4556493209232391,7.870784220014792,0.014424558155059053,2247.304108886719,1891.0548406982423,0.5913624922083964
2024-01-12,42853.16796875,2524.460205078125,43332698900,23623839263,10.665534852885886,-0.07884262883299442,42396.290703125,32912.893974609375,0.5257750630831829,7.833782538688144,-0.037001681326647606,2256.5490991210936,1894.3799774169922,0.6048106748520506
2024-01-13,42842.3828125,2576.597900390625,20601860469,12250316867,10.6652831442217,-0.00025170866418555704,42498.732734375,32973.665068359376,0.5256538440693173,7.854225164481141,0.02044262579299705,2266.4580151367186,1897.8144500732421,0.6032424517962509
2024-01-14,41796.26953125,2472.2412109375,17521429522,9405587417,10.640562368866341,-0.02472077535535888,42578.722265625,33032.21518554688,0.5250274577619312,7.8128803910573215,-0.0413447734238197,2274.214577636719,1901.0358001708985,0.6017745465859518
2024-01-15,42511.96875,2511.36376953125,22320220558,9700630000,10.657540932912761,0.016978564046420175,42679.37921875,33092.548271484375,0.5278111164543605,7.8285812190477,0.015700827990378308,2283.1761303710937,1904.3314825439454,0.6032517625976208
2024-01-16,43154.9453125,2587.691162109375,24062872740,11063317095,10.672552297418568,0.015011364505806313,42797.394765625,33155.93673828125,0.5245609727168882,7.858521313920787,0.02994009487308702,2294.3816064453126,1907.6039935302733,0.6063006213263962
2024-01-17,42742.65234375,2528.369384765625,20851232595,10441017520,10.662952584592706,-0.009599712825862028,42895.62609375,33216.699609375,0.5155208536678665,7.835329861984107,-0.02319145193667982,2303.9622314453127,1910.6230108642578,0.614240802126334
2024-01-18,41262.05859375,2467.018798828125,25218357242,11900028080,10.627698678588326,-0.03525390600437994,42963.697421875,33269.9060546875,0.5294265624180415,7.810765736617116,-0.024564125366991263,2312.7040234375,1913.2709130859375,0.6176993617424625
2024-01-19,41618.40625,2489.49853515625,25752407154,11405278376,10.6362978063264,0.008599127738074586,43041.810625,33322.215888671875,0.5171957135425455,7.8198365776732475,0.009070841056131762,2321.44287109375,1915.9414599609374,0.6174701137018186
2024-01-20,41665.5859375,2469.589111328125,11586690904,5297826161,10.637430789779946,0.001132983453546288,43101.34734375,33376.65590820312,0.5167583009519745,7.811807064095028,-0.008029513578219571,2329.09185546875,1918.6062377929688,0.6170716007447787
2024-01-21,41545.78515625,2453.9130859375,9344043642,4578471955,10.63455135485539,-0.0028794349245568895,43142.73640625,33431.81400390625,0.5164978220188239,7.805439207340267,-0.006367856754760481,2334.85603515625,1921.3228631591796,0.6048408906182873
2024-01-22,39507.3671875,2310.826416015625,31338708143,13923771728,10.584242444574134,-0.05030891028125595,43133.3159375,33479.80415039063,0.5433450150687247,7.745360495387394,-0.0600787119528734,2337.19873046875,1923.633812866211,0.6416681731044794
2024-01-23,39845.55078125,2240.68603515625,29244553045,16182147521,10.592766028832056,0.008523584257922323,43090.625,33527.32057617188,0.5426996237644145,7.714537363654076,-0.0308231317333183,2337.148134765625,1925.4842303466796,0.6473967377860448
2024-01-24,40077.07421875,2233.561767578125,22359526178,10134722960,10.598559734560043,0.005793705727986875,43010.553515625,33576.2432421875,0.5403832391622152,7.711352795470503,-0.0031845681835731554,2335.9425341796873,1927.3243414306642,0.6473490434449357
2024-01-25,39933.80859375,2217.710205078125,18491782013,9302247037,10.594978577270549,-0.0035811572894939303,42934.30078125,33625.05611328125,0.5342458009418116,7.704230503412909,-0.00712229205759396,2335.6635107421876,1929.0978436279297,0.6446838487766178
2024-01-26,41816.87109375,2267.19970703125,25598119893,9975117607,10.641055151765366,0.04607657449481728,42904.784921875,33682.068115234375,0.5544223358390485,7.726300739715893,0.022070236302984547,2333.8559130859376,1931.031060180664,0.6077698305779483
2024-01-27,42120.0546875,2267.885986328125,11422941934,5144367230,10.648279264620763,0.007224112855396925,42863.853984375,33739.5636328125,0.5514317472165933,7.726603393005607,0.0003026532897134615,2332.038994140625,1932.9788098144531,0.6063517204745962
2024-01-28,42035.59375,2257.208740234375,16858971687,7296214994,10.646272008603455,-0.002007256017307668,42830.046171875,33797.78336914063,0.5497530610550683,7.721884258245194,-0.004719134760412302,2330.3596630859374,1934.9042846679688,0.6026358109996626
2024-01-29,43288.24609375,2317.064208984375,20668476578,8948195551,10.67563642434037,0.029364415736914395,42820.217109375,33856.84435546875,0.5592534339791199,7.74805623616941,0.026171977924215994,2329.6516943359375,1936.4570483398438,0.6096859301550158
2024-01-30,42952.609375,2344.49365234375,23842814518,10173440062,10.667852679350434,-0.007783744989936281,42854.39265625,33919.93706054687,0.5600260397748843,7.759824731059032,0.011768494889621728,2332.049990234375,1938.4827813720703,0.6106781526943933
2024-01-31,42582.60546875,2282.54443359375,24673628793,10807883277,10.659201126541387,-0.008651552809046947,42877.0403125,33981.3710546875,0.5382651721580732,7.733046079352479,-0.026778651706552914,2333.6601171875,1940.2381707763673,0.6083672777669312
2024-02-01,43075.7734375,2303.82470703125,21423953779,8895583113,10.670716016835627,0.011514890294240132,42880.7409375,34045.5042578125,0.5359373897191237,7.742325936903712,0.00927985755123295,2334.5236376953126,1942.1388848876952,0.6093751143466668
2024-02-02,43185.859375,2308.0380859375,18603843039,7186143091,10.673268391365871,0.0025523745302447054,42883.978671875,34110.70411132812,0.5088960868602401,7.744153129197861,0.0018271922941490715,2334.3528173828126,1944.1208447265626,0.5656560735133938
2024-02-03,42992.25,2296.038330078125,11169245236,4647754021,10.66877514587372,-0.004493245492151132,42905.228515625,34176.38254882812,0.4971445968665264,7.738940451585007,-0.005212677612854044,2335.8868359375,1946.1130401611329,0.5590236516110461
2024-02-04,42583.58203125,2289.546142578125,14802225490,5438100035,10.659224059644975,-0.00955108622874512,42912.0978125,34239.73083984375,0.49805050955122254,7.736108885891932,-0.0028315656930750777,2337.139228515625,1948.115731201172,0.5591345195649852
2024-02-05,42658.66796875,2298.888916015625,18715487317,7277068110,10.660985767176623,0.001761707531647616,42937.977890625,34304.0641015625,0.4980550386808652,7.740181205203303,0.0040723193113709755,2339.1873828125,1950.1553302001953,0.5574955141920828
2024-02-06,43084.671875,2372.201904296875,16798476726,9520885493,10.670922571885322,0.009936804708699398,42947.200546875,34369.943740234376,0.49951999287748566,7.7715738763504705,0.031392671147167484,2342.2859521484374,1952.5559393310548,0.56640033961848
2024-02-07,44318.22265625,2423.7451171875,21126587775,9660628536,10.699151218095603,0.028228646210280317,42988.154453125,34442.67583984375,0.4499199664218383,7.793069191985467,0.02149531563499618,2347.2034033203126,1955.350103149414,0.5462038165287584
2024-02-08,45301.56640625,2419.906494140625,26154524080,9941841732,10.721096889377717,0.021945671282114887,43021.14078125,34518.7609765625,0.453605363676387,7.79148417961937,-0.0015850123660969828,2351.5633056640627,1958.003677368164,0.5461170947577787
2024-02-09,47147.19921875,2487.515625,39316770844,13634203177,10.76102988478613,0.039932995408412,43086.70171875,34608.61239257813,0.4738400610801945,7.819039750420055,0.02755557080068538,2356.5227685546874,1961.1912451171875,0.4366780688917747
2024-02-10,47771.27734375,2501.228271484375,16398681570,6474444159,10.774179845481193,0.013149960695063356,43162.16921875,34701.331826171874,0.4753825921191168,7.824537198797492,0.005497448377436598,2360.0168359375,1964.4086767578126,0.4337468712977682
2024-02-11,48293.91796875,2507.570556640625,19315867136,7347245813,10.785060909739776,0.010881064258583706,43253.25671875,34796.02655273437,0.3789720080908506,7.827069657681744,0.002532458884251909,2363.9873193359376,1967.5857299804688,0.41456409201453465
2024-02-12,49958.22265625,2658.115966796875,34511985805,13022696866,10.818942388271429,0.033881478531652576,43392.098828125,34899.76421875,0.39262615671932133,7.885372867665655,0.058303209983911586,2371.8357958984375,1971.5745239257812,0.45716443281875035
2024-02-13,49742.44140625,2642.185302734375,35593051468,18271237044,10.814613799511312,-0.0043285887601172135,43514.68484375,35001.8801953125,0.3793360039760311,7.879361619918138,-0.0060112477475167125,2379.2282666015626,1975.4117260742187,0.43184736585442435
2024-02-14,51826.6953125,2777.90234375,39105608050,21448973822,10.85566064902172,0.04104684951040838,43700.810703125,35114.22908203125,0.39713386937132983,7.9294513692586674,0.05008974934052901,2390.1570068359374,1979.8958935546875,0.46103530990565816
2024-02-15,51938.5546875,2824.37890625,38564360533,23734481937,10.857816658250828,0.002156009229107525,43870.7246875,35227.5453125,0.3962390017977289,7.946043763213935,0.01659239395526768,2399.06978515625,1984.7095690917968,0.45364217305839355
2024-02-16,52160.203125,2803.69140625,28180567298,17057114638,10.86207509086059,0.004258432609761442,44061.371640625,35342.195771484374,0.3922229827970327,7.938692187265621,-0.0073515759483138154,2408.1922900390623,1989.4472143554688,0.4454587794265226
2024-02-17,51662.99609375,2786.672607421875,20009091006,17932379943,10.852497061362802,-0.009578029497786744,44252.643515625,35452.13208984375,0.36712993948676476,7.93260354925832,-0.006088638007301306,2417.9119287109374,1994.0216168212892,0.4353849677953314
2024-02-18,52122.546875,2878.998046875,17595377311,23355830478,10.861352895643515,0.008855834280712571,44451.95640625,35566.98502929688,0.3671407633818083,7.965197612207986,0.03259406294966638,2429.6505810546873,1999.2211584472657,0.4463840856036227
2024-02-19,51779.14453125,2943.57470703125,21362184346,15163110589,10.85474273194947,-0.006610163694045212,44642.235546875,35679.98735351562,0.3698150693141582,7.987380008486397,0.0221823962784109,2442.8926513671877,2004.763349609375,0.447853278331572
2024-02-20,52284.875,3013.503662109375,33353758256,20341598470,10.86446241128679,0.00971967933731932,44804.58640625,35796.04126953125,0.368081418359707,8.01085868815693,0.023478679670532188,2456.1161669921876,2010.6923034667968,0.4496994552419898
2024-02-21,51839.1796875,2970.35546875,28624907020,18897136867,10.85590150697156,-0.008560904315229934,44942.210625,35910.02653320313,0.30946059256402225,7.996436911082705,-0.014421777074224096,2468.4065478515627,2016.3691412353517,0.38816739672302375
2024-02-22,51304.97265625,2971.00732421875,25413900611,18058908246,10.845542959331544,-0.010358547640015203,45111.3465625,36021.34211914062,0.3167908298454831,7.996656340696442,0.00021942961373699887,2483.611455078125,2022.0868676757811,0.3630050802541647
2024-02-23,50731.94921875,2921.658203125,21427078270,12822717059,10.834311153216031,-0.011231806115512555,45242.387109375,36129.09897460938,0.32405438565913275,7.979906611863292,-0.01674972883315018,2496.663857421875,2027.560464477539,0.37190065841271536
2024-02-24,51571.1015625,2992.385986328125,15174077879,10701688842,10.85071674734625,0.016405594130217693,45390.5553125,36238.127021484375,0.3226702116064267,8.003826336899504,0.02391972503621176,2511.1386328125,2033.2433575439454,0.37077439480585084
2024-02-25,51733.23828125,3112.697265625,15413239245,14620450464,10.853855760714486,0.003139013368237187,45545.436171875,36348.9857421875,0.2931879951381026,8.043244917278686,0.039418580379182444,2528.5600830078124,2039.535355834961,0.3826386611726952
2024-02-26,54522.40234375,3178.99365234375,34074411896,17504464351,10.906366948371431,0.05251118765694507,45757.022265625,36474.44979492188,0.33325832867512295,8.064319964162584,0.021075046883897386,2547.68263671875,2046.176557006836,0.38248683408063283
2024-02-27,57085.37109375,3244.519287109375,49756832031,21090315368,10.952303164811905,0.04593621644047374,45959.319609375,36612.888076171876,0.3552776421099706,8.084722478598763,0.020402514436179686,2565.9123681640626,2053.1635314941404,0.37930399503595713
2024-02-28,62504.7890625,3385.703857421875,83239156760,32885894265,11.042998457788947,0.09069529297704193,46286.62078125,36778.33219726563,0.4489678621251238,8.1273170979768,0.042594619378036214,2586.72990234375,2060.8476013183595,0.3911169379827408
2024-02-29,61198.3828125,3341.919677734375,65496611844,28469171094,11.021876043518928,-0.021122414270019263,46578.032890625,36937.90954101562,0.4587613236596055,8.114300674675722,-0.013016423301078106,2601.9262255859376,2068.360798950195,0.401237263596005
2024-03-01,62440.6328125,3435.053955078125,40186368423,16880101987,11.041971509307352,0.02009546578842425,46899.473828125,37103.07048828125,0.4535597186260649,8.141787911979414,0.02748723730369207,2618.234921875,2076.315139770508,0.37960418694960274
2024-03-02,62029.84765625,3422.0498046875,23888473685,12024340617,11.03537096199526,-0.006600547312091365,47283.007421875,37267.36798828125,0.45855912766663876,8.137995008609085,-0.0037929033703285597,2636.1867138671873,2084.2907250976564,0.3841983417153971
2024-03-03,63167.37109375,3490.99365234375,26253811450,13643324467,11.053543166654274,0.018172204659013147,47689.5071875,37439.69594726562,0.45767802657182804,8.157941688811704,0.019946680202618694,2654.47462890625,2092.717398071289,0.3826495015249534
2024-03-04,68330.4140625,3630.433837890625,70670471105,26772963830,11.132110247503281,0.0785670808490071,48220.190078125,37648.02526367187,0.5074540722483946,8.19710743468802,0.03916574587631594,2677.6384814453127,2102.444899902344,0.386200463197124
2024-03-05,63801.19921875,3554.964599609375,102802940877,47706899137,11.06352726568836,-0.06858298181492017,48645.9746875,37836.7834765625,0.5805604488436834,8.176100384271972,-0.021007050416047335,2698.510498046875,2111.9149975585938,0.4018120201210581
2024-03-06,66106.8046875,3819.226318359375,68750229073,34938642613,11.099026965889227,0.0354997002008659,49105.011875,38036.83647460937,0.5839091998416871,8.24780314662685,0.07170276235487805,2723.141201171875,2122.66376953125,0.44616832248650334
2024-03-07,66925.484375,3874.34765625,46989543159,22457177587,11.111335105941743,0.012308140052516237,49588.668515625,38240.5159765625,0.5837293303570007,8.262132580841346,0.014329434214495507,2750.0607666015626,2133.6112475585937,0.44316195386452917
2024-03-08,68300.09375,3892.06103515625,59202881172,26135487051,11.13166641817873,0.02033131223698703,50129.42921875,38451.3957421875,0.5820699449953661,8.266694125391629,0.004561544550282903,2778.561611328125,2144.7352075195313,0.4446222132767705
2024-03-09,68498.8828125,3915.4189453125,21609650379,11926623780,11.13457271481075,0.0029062966320196892,50667.03875,38663.731875,0.5827586548958931,8.272677612996645,0.005983487605016435,2807.08001953125,2156.142839355469,0.44167417875773546
2024-03-10,69019.7890625,3881.193115234375,35683977532,15783924355,11.142148540467955,0.007575825657205826,51214.1228125,38876.6726171875,0.575366159739651,8.263897889274062,-0.008779723722582844,2835.312099609375,2167.152432861328,0.44789092724003604
2024-03-11,72123.90625,4066.445068359375,65716656765,28806262507,11.186140839050703,0.043992298582747225,51825.685234375,39106.48028320313,0.5856330123002246,8.31052444918149,0.04662655990742692,2867.5627392578126,2179.184935302734,0.4599203615445853
2024-03-12,71481.2890625,3980.273193359375,62554434520,26917010932,11.177191003001354,-0.008949836049348292,52465.163671875,39333.64838867188,0.5909094044515969,8.289105737470342,-0.02141871171114751,2900.9516748046876,2190.8216259765627,0.4761788276174015
2024-03-13,73083.5,4006.45703125,48212536929,22028114691,11.19935790206543,0.022166899064075096,53129.92265625,39569.02357421875,0.5871174425649024,8.295662596400849,0.006556858930506948,2936.2670947265624,2202.622377319336,0.45104484708130654
2024-03-14,71396.59375,3883.140380859375,59594605698,25434810823,11.176005440607048,-0.023352461458381768,53756.313046875,39795.558076171874,0.5977084307838225,8.26439948175893,-0.03126311464191822,2969.2586669921875,2213.7505139160157,0.47298417041919044
2024-03-15,69403.7734375,3735.22021484375,78320453976,33505075433,11.147696517315048,-0.028308923292000188,54345.71234375,40012.04619140625,0.6042757904645047,8.22556205562638,-0.03883742613255059,2999.6088671875,2224.16432800293,0.4863460152635008
2024-03-16,65315.1171875,3522.860107421875,46842198371,20199855932,11.08697879210875,-0.060717725206297146,54815.677265625,40199.98481445313,0.6521041014453401,8.167028469185503,-0.05853358644087692,3024.7220751953123,2233.13,0.5408215908054664
2024-03-17,68390.625,3642.4130859375,44716864318,19938757095,11.13299103281336,0.0460122407046093,55341.088671875,40405.45161132813,0.6655058515767538,8.2004016766831,0.03337320749759698,3052.2126171875,2242.8165045166015,0.5455077947246767
2024-03-18,67548.59375,3517.985107421875,49261579492,21162220224,11.120602525258992,-0.012388507554367933,55851.348671875,40613.537216796874,0.6665662992175253,8.165643692037229,-0.03475798464587143,3077.42814453125,2252.1782342529295,0.5641529953407258
2024-03-19,61912.7734375,3157.6181640625,74215844794,34166976701,11.033481793401984,-0.08712073185700753,56223.83921875,40794.0974609375,0.7460426424877059,8.057573276822115,-0.10807041521511351,3094.2392236328124,2259.823869018555,0.6863662211296971
2024-03-20,67913.671875,3513.39306640625,66792634382,36605316331,11.125992646370758,0.0925108529687737,56723.06046875,41004.32182617187,0.80331044036863,8.164337535106124,0.10676425828400937,3117.6172119140624,2269.205707397461,0.7738302395603964
2024-03-21,65491.390625,3492.9912109375,44480350565,22213647922,11.089673972144544,-0.03631867422621404,57181.236171875,41201.930947265624,0.8187243301524568,8.158513728610567,-0.005823806495557804,3141.8261474609376,2278.490075073242,0.7721998731107962
2024-03-22,63778.76171875,3333.68798828125,41401116964,20574952329,11.063175525492385,-0.026498446652158947,57595.2959375,41391.76267578125,0.8255176582067091,8.111834474132744,-0.04667925447782295,3162.4234130859377,2287.010238647461,0.790354092431142
2024-03-23,64062.203125,3336.593994140625,24738964812,13242137554,11.067609814157786,0.004434288665400743,58012.8228125,41583.17377929688,0.8232325435173343,8.112705803426135,0.0008713292933908434,3182.99453125,2295.525061645508,0.7903197079076749
2024-03-24,67234.171875,3454.636474609375,27206630673,12156660941,11.115936907308464,0.048327093150678735,58497.66125,41790.57845703125,0.8324261333131754,8.147472513476293,0.03476671005015852,3206.166494140625,2304.636982421875,0.7938246333096167
2024-03-25,69958.8125,3590.8837890625,42700139523,18603921705,11.155661955003344,0.039725047694879834,59045.165859375,42009.17154296875,0.8388498783352384,8.186153631982158,0.038681118505865086,3232.1932470703123,2314.35341003418,0.7997632575790651
2024-03-26,69987.8359375,3587.5048828125,36010437368,18505553577,11.156076733609908,0.00041477860656335963,59591.74921875,42229.582451171875,0.8391908083379194,8.185212221129667,-0.000941410852490776,3257.96556640625,2324.110245361328,0.7909278286146918
2024-03-27,69455.34375,3500.115234375,40827113309,18753082145,11.148439289066957,-0.007637444542950789,60119.16265625,42447.38078125,0.827045930404122,8.16055117104266,-0.024661050087006586,3280.5238330078123,2333.435009765625,0.7951111091212405
2024-03-28,70744.953125,3561.2939453125,34374900617,16419674157,11.166836479038837,0.018397189971880223,60647.697265625,42671.9444140625,0.8166895040128894,8.177879225592072,0.01732805454941122,3303.2748095703123,2343.157335205078,0.7943462378664765
2024-03-29,69892.828125,3511.80615234375,25230851763,12712701619,11.154718321026634,-0.012118158012203395,61139.5225,42895.595283203125,0.7611656829100647,8.16388575742977,-0.013993468162302847,3325.112802734375,2352.9581774902344,0.7833869884451388
2024-03-30,69645.3046875,3507.9443359375,17130241883,9389066783,11.151170563977951,-0.0035477570486825982,61589.484609375,43114.65508789063,0.7563987916900078,8.162785485617462,-0.0011002718123069855,3345.521376953125,2362.535751953125,0.7817625953731107
2024-03-31,71333.6484375,3647.8564453125,20050941373,10499881424,11.175123422674254,0.023952858696302926,62060.73203125,43340.181708984375,0.7575308247708585,8.20189499880603,0.039109513188567036,3368.4539404296875,2372.7350915527345,0.7876325649215833
2024-04-01,69702.1484375,3505.030029296875,34873527352,16002098681,11.151986420340995,-0.023137002333259105,62488.896640625,43555.99408203125,0.762741815304639,8.161954366991726,-0.03994063181430363,3388.4031298828127,2382.125369873047,0.8009601063387566
2024-04-02,65446.97265625,3277.234619140625,50705240709,22076539151,11.08899551597111,-0.06299090436988486,62798.671640625,43750.185478515625,0.7954477151518271,8.094755241845645,-0.06719912514608062,3400.7855029296875,2390.303341064453,0.8318239270024764
2024-04-03,65980.8125,3311.44189453125,34488018367,16010734587,11.09711925904443,0.008123743073319645,63123.4390625,43947.24813476563,0.7455798868121796,8.105138991200429,0.010383749354783589,3414.170634765625,2398.684442138672,0.8198218759768875
2024-04-04,68508.84375,3330.04052734375,34439527442,14476330517,11.134718121756292,0.03759886271186197,63457.08203125,44157.12141601562,0.7161485523848503,8.11073975327393,0.005600762073500576,3425.2133984375,2407.2201611328123,0.8177436923162384
2024-04-05,67837.640625,3318.88525390625,33748230056,15214447092,11.124872491338003,-0.009845630418288565,63775.06375,44362.53821289063,0.7071586458614634,8.107384238632502,-0.0033555146414272485,3435.103525390625,2415.6278521728514,0.7730829054267017
2024-04-06,68896.109375,3354.183837890625,19967785809,8956926798,11.140354987700567,0.015482496362563936,64109.781875,44570.963173828124,0.7078916615740984,8.117963752416724,0.010579513784222172,3446.1133740234377,2424.1810479736328,0.7720322653190805
2024-04-07,69362.5546875,3453.49462890625,21204930369,9931108526,11.147102443064194,0.006747455363626642,64463.773046875,44782.11590820312,0.7047938148655138,8.147141933266852,0.02917818085012769,3459.449814453125,2433.334067993164,0.7805197139769794
2024-04-08,71631.359375,3695.292724609375,37261432669,19055143129,11.179288237161215,0.03218579409702116,64853.949296875,45007.434541015624,0.7133915368000622,8.214815052060219,0.06767311879336724,3475.7757080078127,2443.8889965820313,0.819141359792354
2024-04-09,69139.015625,3505.163330078125,36426900409,18279773833,11.143874475957427,-0.03541376120378814,65201.14671875,45220.23177734375,0.7244498123911665,8.161992397549353,-0.052822654510865874,3487.00748046875,2453.4484716796874,0.8379669840610909
2024-04-10,70587.8828125,3543.737060546875,38318601774,16872482726,11.164613777199962,0.020739301242535646,65567.206875,45440.27423828125,0.7111185231862284,8.172937116124599,0.010944718575245815,3497.6121484375,2463.197868041992,0.8202123266092809
2024-04-11,70060.609375,3505.247802734375,30153382941,14076734489,11.15711599461545,-0.007497782584511725,65931.63546875,45659.29315429687,0.7109249634462244,8.162016496751141,-0.010920619373457896,3508.3099951171876,2472.8198400878905,0.8183159300852428
2024-04-12,67195.8671875,3243.034912109375,44129299406,22104869556,11.115367024434015,-0.04174897018143575,66249.453359375,45863.78008789063,0.7199838252643931,8.084264871623832,-0.07775162512730915,3513.750546875,2481.093400268555,0.8562796757864957
2024-04-13,63821.47265625,3004.900390625,52869738185,29930408174,11.06384497471878,-0.051522049715234886,66511.243828125,46051.801201171875,0.7366173810887282,8.007999698541369,-0.07626517308246328,3515.415390625,2488.150816040039,0.8861644137100618
2024-04-14,65738.7265625,3156.94189453125,49084320047,25486284994,11.09344347621374,0.02959850149495935,66794.596328125,46248.73125,0.7399918834889507,8.057359083108679,0.04935938456731037,3518.7065087890624,2495.948069458008,0.9014868862482033
2024-04-15,63426.2109375,3101.600341796875,43595917654,21925843181,11.057632476717231,-0.035810999496508344,67028.45578125,46430.7545703125,0.7198622144479284,8.039673496556892,-0.01768558655178687,3518.4845703125,2503.1916577148436,0.8823592173459752
2024-04-16,63811.86328125,3084.920166015625,42847528078,19441391169,11.06369439689446,0.006061920177229396,67214.245,46615.25528320312,0.7002600877651755,8.034281057889773,-0.005392438667119137,3516.6031005859377,2510.2765393066406,0.8718558424773304
2024-04-17,61276.69140625,2984.7275390625,41915247049,17711869375,11.023154811544515,-0.040539585349945284,67298.07140625,46786.79916015625,0.7121433053300095,8.001263744964751,-0.03301731292502197,3511.407265625,2516.844367675781,0.8711424203866593
2024-04-18,63512.75390625,3066.027587890625,36006307335,15183777035,11.058996013630662,0.035841202086146495,67318.230703125,46964.4441796875,0.6568846979284634,8.028138057398657,0.0268743124339057,3505.013740234375,2523.505453491211,0.7949559860768045
2024-04-19,63843.5703125,3059.278564453125,49920425401,20399982867,11.064191156507574,0.005195142876912584,67371.134453125,47146.00810546875,0.5681477848265586,8.02593440389929,-0.0022036534993663537,3499.36091796875,2530.4837084960936,0.6934536368325758
2024-04-20,64994.44140625,3157.627197265625,23097485495,9918642130,11.082057028394079,0.01786587188650479,67422.210625,47333.83041992188,0.5583776169748504,8.057576137582897,0.03164173368360679,3493.8123828125,2537.9884161376954,0.7048506187954631
2024-04-21,64926.64453125,3147.28857421875,20506644853,9394387894,11.081013365917512,-0.0010436624765670643,67480.1465625,47519.46666992187,0.5503203546237996,8.054296591055094,-0.0032795465278034897,3488.317158203125,2545.485668334961,0.6873212665022349
2024-04-22,66837.6796875,3201.652099609375,28282686673,12063858733,11.110022267676788,0.029008901759276284,67553.552734375,47716.5755078125,0.5590843653657588,8.0714222366885,0.01712564563340635,3482.5303271484377,2553.4365466308595,0.690482617402592
2024-04-23,66407.2734375,3219.91162109375,24310975583,11054442653,11.103561869186873,-0.00646039848991542,67515.089921875,47908.87888671875,0.5332877981196782,8.077109191296486,0.005686954607986294,3474.3198828125,2561.3069470214846,0.6786736645417419
2024-04-24,64276.8984375,3139.80517578125,30276655120,14000234760,11.070955567870602,-0.03260630131627096,67524.60390625,48090.4191796875,0.5243749670572686,8.051916031047833,-0.025193160248653257,3466.0166943359377,2568.833416748047,0.6665370522804143
2024-04-25,64481.70703125,3156.509521484375,32155786816,13989030260,11.074136850639793,0.0031812827691908296,67492.101953125,48273.152265625,0.5246787015088943,8.057222114272124,0.005306083224290603,3452.7623583984373,2576.4482214355467,0.6673096467163889
2024-04-26,63755.3203125,3130.164794921875,24139372950,10622333862,11.062807915420777,-0.01132893521901579,67428.698671875,48454.01047851562,0.5252708165906106,8.048840932283014,-0.008381181989109976,3437.878701171875,2584.2000122070312,0.663452273952186
2024-04-27,63419.140625,3252.168212890625,19530783039,11820785577,11.05752099746442,-0.005286917956356163,67331.079609375,48634.151083984376,0.519677084733218,8.087077195311085,0.038236263028071704,3425.0808447265626,2592.622288208008,0.6756976794607971
2024-04-28,63113.23046875,3262.774658203125,17334827993,11379192678,11.052685701174266,-0.004835296290155,67223.3665625,48815.35063476562,0.5188024883904312,8.090333234509885,0.003256039198799243,3412.027958984375,2601.1048876953123,0.6748522849151702
2024-04-29,63841.12109375,3215.428955078125,26635912073,15032246816,11.064152792961822,0.011467091787556782,67119.793203125,49000.77224609375,0.5213861421079664,8.075716050813066,-0.01461718369681897,3398.71267578125,2609.483970336914,0.6761573007200611
2024-04-30,60636.85546875,3012.286865234375,37840840057,18266894653,11.01265816324528,-0.05149462971654195,66890.0521875,49169.6446484375,0.5386094700066879,8.010454825166335,-0.06526122564673109,3377.62951171875,2616.7849572753908,0.6923489816192387
2024-05-01,58254.01171875,2969.78466796875,48439780271,20005057445,10.972568239764623,-0.04008992348065732,66625.506640625,49326.606171875,0.5487799699802783,7.996244726800898,-0.014210098365436963,3357.4197412109374,2623.857596435547,0.6823971265536577
2024-05-02,59123.43359375,2988.16845703125,32711813559,13163903903,10.98738263231432,0.014814392549697075,66346.3053125,49486.425078125,0.5129863682947429,8.002415922518708,0.006171195717810107,3337.0539697265626,2631.0080895996093,0.6459508976944295
2024-05-03,62889.8359375,3103.5419921875,33172023048,12862183229,11.049139838812568,0.061757206498247896,66176.17015625,49658.276923828125,0.5600835797848456,8.040299316352632,0.03788339383392447,3321.462001953125,2638.523128051758,0.6601302975620879
2024-05-04,63891.47265625,3117.576416015625,20620477992,8283229638,11.064941183201617,0.015801344389048566,66065.924140625,49835.655546875,0.545863076193514,8.044811189207467,0.004511872854834564,3309.1091259765626,2646.283812255859,0.65998005805055
2024-05-05,64031.1328125,3137.2490234375,18296164805,8783447639,11.067124694258581,0.002183511056964349,66040.244453125,50014.169501953125,0.5453897905194296,8.051101587710585,0.006290398503118411,3301.396904296875,2654.1513079833985,0.6606243699954624
2024-05-06,63161.94921875,3062.728759765625,28697928697,13008587255,11.053457329494858,-0.0136673647637231,65935.6709375,50186.38021484375,0.5431529523059659,8.027061549129622,-0.024040038580963596,3289.8032177734376,2661.6276666259764,0.6634394780001341
2024-05-07,62334.81640625,3006.5771484375,25930730982,11743187337,11.04027539949921,-0.013181929995647934,65831.395390625,50349.63955078125,0.5431476378624855,8.008557550698377,-0.018503998431244284,3279.57505859375,2668.637218017578,0.6550993628996964
2024-05-08,61187.94140625,2973.6572265625,26088172222,11791662158,11.021705413240717,-0.018569986258492932,65816.89875,50505.987197265626,0.5297932622176501,7.997547863673602,-0.011009687024775339,3275.89583984375,2675.358981933594,0.6010769334812525
2024-05-09,63049.9609375,3036.0205078125,25453338161,10861947179,11.051682721844896,0.029977308604179242,65719.62453125,50671.26751953125,0.5320328215773873,8.01830289337166,0.020755029698057648,3266.348388671875,2682.221934814453,0.585439243545486
2024-05-10,60792.77734375,2909.791259765625,27804954694,12278653601,11.015226267209407,-0.03645645463548952,65625.652265625,50809.800234375,0.5371931061869863,7.975836625553368,-0.042466267818291215,3254.6843896484374,2687.943977661133,0.5969026442638506
2024-05-11,60793.7109375,2911.60205078125,13842272968,6795916454,11.015241624076165,1.535686675779857e-05,65565.95125,50944.26115234375,0.5373890182146935,7.976458741592409,0.000622116039040499,3246.2426708984376,2693.5798004150392,0.5972015444289883
2024-05-12,61448.39453125,2928.701904296875,13800459405,5908941395,11.025952988228958,0.010711364152793834,65513.675078125,51078.9890234375,0.522861385872128,7.982314567765482,0.005855826173073453,3238.0848291015627,2699.2863220214845,0.539516929666425
2024-05-13,62901.44921875,2949.359619140625,27889181179,13352264795,11.049324482466835,0.023371494237876433,65427.020625,51222.71302734375,0.5001142921282958,7.989343347511555,0.007028779746073077,3227.9792919921874,2705.0129235839845,0.47192035652604425
2024-05-14,61552.7890625,2881.157958984375,28186271527,12444516140,11.027650444355254,-0.02167403811158053,65258.90015625,51360.92796875,0.493226946782886,7.965947561413671,-0.023395786097884397,3213.784775390625,2710.5184869384766,0.44223746196716046
2024-05-15,66267.4921875,3037.056640625,39815167074,14666902956,11.101454742016754,0.07380429766149987,65184.49328125,51521.81755859375,0.5447020450272984,8.018644115061168,0.05269655364749681,3202.775810546875,2716.820679321289,0.4794876482226399
2024-05-16,65231.58203125,2945.131103515625,31573077994,13035465176,11.085699017619602,-0.01575572439715245,65100.018046875,51675.28306640625,0.5476904129465996,7.9879086124176135,-0.03073550264355429,3191.6761279296875,2722.5686047363283,0.49062775988405893
2024-05-17,67051.875,3094.11865234375,28031279310,14449438097,11.11322185252465,0.02752283490504759,65026.156484375,51838.030625,0.5344284997470874,8.037258379571504,0.049349767153890944,3182.3326220703125,2728.9887548828124,0.5079428068330808
2024-05-18,66940.8046875,3122.948974609375,16712277406,9407051320,11.111563995719358,-0.0016578568052914022,64967.116015625,51999.3957421875,0.5212717743274253,8.04653301856791,0.009274638996405571,3174.555478515625,2735.5212048339845,0.500399868020411
2024-05-19,66278.3671875,3071.843017578125,19249094538,8747800800,11.10161883616614,-0.00994515955321873,64899.777265625,52153.60130859375,0.5226863977740658,8.030032991913073,-0.016500026654837185,3165.8334521484376,2741.6449713134766,0.5038853324092275
2024-05-20,71448.1953125,3663.85546875,43850655717,31228143948,11.176727924991438,0.07510908882529854,64902.068203125,52336.15107421875,0.5805297109964445,8.206271278714139,0.17623828680106612,3166.1534326171877,2750.9611437988283,0.7892761171308184
2024-05-21,70136.53125,3789.312744140625,46932005990,37643853967,11.158199067809143,-0.0185288571822948,64910.755859375,52513.172109375,0.5853057407138983,8.239939947633639,0.03366866891949982,3171.8390869140626,2760.743731689453,0.7949252878925791
2024-05-22,69122.3359375,3737.2177734375,32802561717,25155809461,11.143633198298957,-0.014565869510185792,64984.263125,52683.3728125,0.5802475092541808,8.226096702724012,-0.013843244909626407,3181.03875,2770.1413275146483,0.796899267266527
2024-05-23,67929.5625,3776.92724609375,41895680979,45623656317,11.126226601711199,-0.017406596587758116,65023.238125,52847.77384765625,0.5832956310384427,8.236666060174208,0.010569357450195938,3190.34845703125,2779.5551751708986,0.7971221659312082
2024-05-24,68526.1015625,3726.9345703125,29197308153,22257061429,11.134969996379247,0.00874339466804841,65023.58328125,53015.2175,0.5712363640005885,8.2233413437342,-0.013324716440008544,3198.286337890625,2788.690661010742,0.7924657351172487
2024-05-25,69265.9453125,3749.236572265625,15473071741,10000027764,11.145708654764677,0.010738658385429645,65052.149375,53184.3294140625,0.5720184763848072,8.22930751750992,0.005966173775719952,3206.8933642578127,2797.9962225341797,0.7924648015350743
2024-05-26,68518.09375,3825.8974609375,15628433737,14650794791,11.134853131706638,-0.01085552305803894,65044.5890625,53348.64349609375,0.5718779830384276,8.249548349049707,0.020240831539787507,3216.32763671875,2807.679097900391,0.7923359667331485
2024-05-27,69394.5546875,3892.0068359375,25870990717,18949181813,11.147563680700397,0.012710548993759119,65045.2290625,53512.15064453125,0.572278041137996,8.266680199711727,0.017131850662019943,3225.097880859375,2816.536326904297,0.7851474270222277
2024-05-28,68296.21875,3840.25634765625,32722265965,19846044324,11.13160968165444,-0.015953999045956735,64978.52625,53667.06189453125,0.5754994736007241,8.253294400555758,-0.01338579915596938,3227.9971533203125,2825.3461596679685,0.7880164931314618
2024-05-29,67578.09375,3763.196533203125,26707072906,17411416736,11.121039152560593,-0.01057052909384737,64947.3078125,53819.262109375,0.5763736824818008,8.233024017027414,-0.020270383528343316,3233.1578173828125,2833.898572998047,0.7900708336737066
2024-05-30,68364.9921875,3746.849609375,29509712534,15065849797,11.132616162466865,0.011577009906272195,64902.85,53975.81447265625,0.5439110361032395,8.228670661712519,-0.004353355314895779,3237.220068359375,2842.4068859863282,0.7491659208408633
2024-05-31,67491.4140625,3760.026611328125,27387283769,15290700646,11.119755669696058,-0.012860492770807141,64851.46609375,54130.759765625,0.5240615164790334,8.23218131383978,0.0035106521272609825,3242.31564453125,2850.930692138672,0.7453098531887906
2024-06-01,67706.9375,3813.198974609375,11641495604,8661024535,11.122943927800915,0.003188258104856345,64861.6875,54291.60625,0.5228626094538514,8.246223741713841,0.014042427874061403,3253.71892578125,2860.101423950195,0.7455904107479766
2024-06-02,67751.6015625,3780.89599609375,17110588415,11126903059,11.123603377761437,0.0006594499605228066,64940.290078125,54440.96134765625,0.4803864542752815,8.237716296528676,-0.008507445185164997,3269.238837890625,2868.703861694336,0.7398245562193376
2024-06-03,68804.78125,3766.38916015625,32401285324,14082454300,11.139028516419566,0.015425138658129,65001.611171875,54604.21140625,0.4802569460716962,8.233872039023437,-0.0038442575052393124,3281.427783203125,2877.731399536133,0.7406922759003797
2024-06-04,70567.765625,3812.515869140625,33149696545,13331489271,11.164328741668491,0.025300225248924946,65144.442265625,54774.06681640625,0.48680789278101,8.246044583304545,0.0121725442811087,3295.64609375,2886.987575073242,0.740975227554785
2024-06-05,71082.8203125,3864.260986328125,32810771409,15480034434,11.171600959485094,0.007272217816602478,65289.86140625,54946.55240234375,0.4831197111004232,8.25952573609706,0.01348115279251516,3311.23291015625,2896.4924548339845,0.7330278068362815
2024-06-06,70757.1640625,3811.60595703125,25223152007,13606583873,11.167009069213076,-0.0045918902720174515,65479.470859375,55113.40548828125,0.48020882469762427,8.245805890341751,-0.013719845755309379,3327.770478515625,2905.4844622802734,0.7310585799459982
2024-06-07,69342.5859375,3678.629150390625,36188381096,18220286186,11.146814512133185,-0.020194557079891595,65596.0675,55272.7336328125,0.4812117935703642,8.210295448281785,-0.0355104420599659,3340.022509765625,2913.7664123535155,0.7439204690912883
2024-06-08,69305.7734375,3680.949951171875,14262185861,9096091805,11.14628349249428,-0.0005310196389043398,65705.3115625,55440.1934375,0.47230292471592855,8.210926136756262,0.0006306884744766705,3352.4559375,2922.4858282470705,0.742578903947786
2024-06-09,69647.9921875,3705.90380859375,13534028500,7910768788,11.151209151620868,0.0049256591265880445,65798.382578125,55601.27169921875,0.45016015222588435,8.21768245092123,0.0067563141649671365,3363.4214697265625,2930.693220825195,0.7213376747870748
2024-06-10,69512.28125,3666.717529296875,20597699541,10377300126,11.149258724574846,-0.0019504270460224404,65890.0953125,55762.385,0.45046055937761,8.207052134642609,-0.0106303162786201,3373.810048828125,2938.715755004883,0.7238617068204934
2024-06-11,67332.03125,3498.33056640625,37116136345,19184721538,11.117391349656966,-0.03186737491787994,65899.98234375,55910.44375,0.4672041801698473,8.160041152659083,-0.047010981983525824,3379.7436181640624,2945.801647338867,0.7486097396658286
2024-06-12,68241.1875,3559.61767578125,34497940694,17142905351,11.130803583831266,0.013412234174300153,65936.660625,56062.66572265625,0.46302422602443993,8.177408423635411,0.01736727097632773,3386.5377392578125,2953.177670288086,0.7496695440250327
2024-06-13,66756.3984375,3469.28125,28955204146,14472382154,11.108805428410106,-0.021998155421160348,65986.250625,56209.052109375,0.46324044035878953,8.15170271892115,-0.02570570471426059,3393.1272607421874,2960.2076458740235,0.7508623236414127
2024-06-14,66011.09375,3480.27197265625,27403884779,15793876596,11.097578094004717,-0.01122733440538859,66016.838359375,56352.83673828125,0.3877848275594353,8.154865722776869,0.003163003855718216,3399.602509765625,2967.4719189453126,0.731888157651705
2024-06-15,66191.0,3565.549560546875,14121265576,12733651076,11.100299781021203,0.0027216870164856743,66065.551953125,56494.63630859375,0.3837482721866856,8.179073475398924,0.024207752622055878,3408.310205078125,2975.052976074219,0.7236018269835183
2024-06-16,66639.046875,3620.5634765625,13281140541,9878388158,11.107045974142403,0.0067461931212005055,66129.950078125,56638.53908203125,0.37198770499803285,8.194384949215577,0.01531147381665221,3415.6781103515623,2983.0061474609374,0.7077228555342726
2024-06-17,66490.296875,3511.37890625,30006354476,17838856988,11.10481130434367,-0.002234669798733435,66197.49140625,56782.4268359375,0.3720214823234671,8.163764090097722,-0.03062085911785495,3420.6501953125,2990.3002612304685,0.718458360503262
2024-06-18,65140.74609375,3483.681396484375,39481285950,21022514455,11.084305532460517,-0.020505771883152946,66223.48390625,56914.68681640625,0.3772808436045922,8.155844886168639,-0.007919203929082741,3426.015244140625,2997.28296875,0.7160099048661565
2024-06-19,64960.296875,3559.347412109375,21103423504,15275373778,11.081531544945191,-0.002773987515325871,66309.952734375,57042.106640625,0.26030348980733214,8.177332495837291,0.02148760966865204,3436.956455078125,3004.2511853027345,0.36584710598182735
2024-06-20,64828.65625,3511.0869140625,25641109124,16115123753,11.079503010667478,-0.002028534277712879,66441.445625,57166.35796875,0.2543470053196194,8.163680930650559,-0.013651565186732384,3447.7825,3010.8381616210936,0.3461702014470251
2024-06-21,64096.19921875,3516.07568359375,26188171739,15933353456,11.068140346591488,-0.011362664075990736,66540.9009375,57276.9384765625,0.2526940232784691,8.165100784055124,0.0014198534045650746,3458.34064453125,3017.2024609375,0.34398565165606787
2024-06-22,64252.578125,3494.8134765625,9858198793,7423703673,11.070577128411566,0.0024367818200783375,66568.15578125,57377.798125,0.24740106637060738,8.159035284592107,-0.006065499463016266,3466.16607421875,3023.2073193359374,0.34119742433544953
2024-06-23,63180.796875,3418.61181640625,11170471802,9418141333,11.053755687049565,-0.016821441362001366,66553.942265625,57474.9698828125,0.24967696215056176,8.136989846020684,-0.02204543857142305,3472.1867822265626,3029.1420715332033,0.34597395627847694
2024-06-24,60277.4140625,3350.25634765625,43152133651,23137744903,11.006712753056153,-0.04704293399341175,66478.867890625,57559.8936328125,0.2887951497368111,8.116792143579909,-0.020197702440775345,3476.4469287109373,3034.1054553222657,0.3495733907954622
2024-06-25,61804.640625,3395.029052734375,29201215431,13235546063,11.03173373164601,0.025020978589857634,66451.72171875,57648.083828125,0.30568491645710966,8.130067597462624,0.013275453882714672,3483.0929345703125,3039.286940917969,0.3443621760874723
2024-06-26,60811.27734375,3369.477294921875,22506003064,11694054195,11.01553053338195,-0.016203198264060248,66421.2509375,57733.51029296875,0.3030870835547556,8.122512905951897,-0.007554691510726741,3490.3509375,3044.4284509277345,0.33597468316593887
2024-06-27,61604.80078125,3444.800537109375,21231745045,11771834016,11.028495081245408,0.01296454786345791,66429.588125,57822.63580078125,0.3059846791485931,8.144621282528972,0.02210837657707465,3499.7738037109375,3049.8901403808595,0.3471898501418873
2024-06-28,60320.13671875,3373.635986328125,24952866877,12861158844,11.007421269236795,-0.02107381200861269,66374.991640625,57918.01732421875,0.31121512220199893,8.123746369416045,-0.020874913112926663,3506.52611328125,3055.6354260253906,0.347560898299566
2024-06-29,60887.37890625,3372.9677734375,12652903396,6584792001,11.016781189301488,0.009359920064692773,66376.883671875,58015.20310546875,0.309930935794499,8.123548280743105,-0.00019808867294024424,3515.7896435546877,3061.490074462891,0.34775610094722964
2024-06-30,62678.29296875,3432.88916015625,17333226409,8396416013,11.045770462033213,0.02898927273172447,66414.5753125,58114.140859375,0.3284592704781298,8.141157506352213,0.017609225609108492,3526.2153857421877,3067.3512768554688,0.3547423929367177
2024-07-01,62851.98046875,3440.341552734375,25468379421,12281551839,11.048537724560118,0.0027672625269055118,66442.64703125,58213.2808984375,0.32837132343123776,8.143326034024232,0.002168527672019138,3536.4481787109376,3072.970089111328,0.3499334871792639
2024-07-02,62029.015625,3416.354736328125,20151616992,9421757718,11.035357548503827,-0.013180176056291515,66425.198359375,58313.7771875,0.33024882744494793,8.136329395046197,-0.0069966389780358185,3545.7880810546876,3078.95517578125,0.3496971760050439
2024-07-03,60173.921875,3292.916748046875,29756701685,16121324440,11.00499434599721,-0.03036320250661717,66397.621015625,58403.4462109375,0.33675377798924,8.099529000564791,-0.03680039448140526,3554.0232568359374,3084.285126953125,0.36862978694056897
2024-07-04,56977.703125,3054.52197265625,41149609230,20252514386,10.950415297042861,-0.05457904895434851,66211.825234375,58481.51140625,0.3621860662082291,8.024378385600125,-0.07515061496466657,3554.3725634765624,3088.575330810547,0.43824930892212666
2024-07-05,56662.375,2981.5986328125,55417544033,31131942647,10.944865689202109,-0.005549607840752202,66040.44109375,58551.7055859375,0.35851134680621355,8.000214889623388,-0.024163495976736726,3555.1019140625,3092.3969567871095,0.43534756497331467
2024-07-06,58303.5390625,3069.3779296875,20610320577,11586293705,10.973418074827197,0.02855238562508866,65865.474375,58631.87064453125,0.3799612479663816,8.029230191282974,0.029015301659585546,3554.607099609375,3096.854483642578,0.45418800648017804
2024-07-07,55849.109375,2929.38720703125,20553359505,10857947538,10.930408857637877,-0.04300921718932038,65643.64046875,58692.85494140625,0.3982400834743064,7.982548535779447,-0.04668165550352654,3550.7358642578124,3100.4918627929687,0.4645005683997561
2024-07-08,56705.09765625,3018.73193359375,39766159899,22627377457,10.945619391428531,0.015210533790654068,65452.175078125,58757.03466796875,0.40528753052671146,8.012592132652125,0.030043596872678435,3549.673642578125,3104.387810058594,0.48205196829707525
2024-07-09,58009.2265625,3064.032958984375,27849512607,15269945822,10.96835735554068,0.022737964112149456,65183.395703125,58827.0912890625,0.4163242466390437,8.027487287651313,0.01489515499918781,3537.6771923828123,3108.075350341797,0.4857146025070546
2024-07-10,57742.49609375,3102.21875,26175260526,14578679176,10.963748682170834,-0.004608673369846272,64935.515,58897.1060546875,0.4160943587681551,8.039872860270123,0.012385572618809348,3523.9353125,3112.041212158203,0.48977339939897313
2024-07-11,57344.9140625,3100.330810546875,28707803842,15230095766,10.956839436192565,-0.006909245978269141,64699.9665625,58968.7500390625,0.4056812541183233,8.039264097859439,-0.0006087624106836387,3511.1975732421874,3116.214405517578,0.46655389800836333
2024-07-12,57899.46484375,3134.15869140625,25604805221,12751638331,10.966463420750669,0.00962398455810387,64499.364609375,59040.18166015625,0.4036862167682167,8.050116057054026,0.01085195919458748,3498.3422021484375,3120.522390136719,0.46333615736795447
2024-07-13,59231.953125,3177.19873046875,17080061806,8565105946,10.989216423993252,0.022753003242582892,64313.481640625,59123.7394140625,0.41075354240625406,8.063755185183407,0.013639128129380396,3487.3474853515627,3125.2510571289063,0.46071456292773455
2024-07-14,60787.79296875,3244.0791015625,22223416061,10517709666,11.015144274256256,0.02592785026300426,64143.91859375,59210.4641015625,0.4227791557359675,8.084586798896867,0.020831613713459873,3477.2443359375,3129.577752685547,0.46772506277134346
2024-07-15,64870.15234375,3489.552734375,38094526099,18305490390,11.080142894651237,0.06499862039498083,64070.959765625,59321.6755859375,0.4842560325515631,8.157528850644207,0.07294205174734003,3470.51744140625,3135.287685546875,0.5293712334391812
2024-07-16,65097.1484375,3443.513427734375,41617346768,20446664416,11.083636024433911,0.0034931297826741314,63985.011640625,59436.66431640625,0.4837615211911554,8.144247574420849,-0.013281276223358063,3461.5475732421874,3141.001799316406,0.5278668424429694
2024-07-17,64118.79296875,3388.75244140625,32525071311,16739123962,11.068492781979087,-0.015143242454824346,63901.463125,59546.47376953125,0.4863384919719046,8.128217121257101,-0.016030453163747183,3452.5174951171875,3146.485234375,0.5201931873463622
2024-07-18,63974.06640625,3426.258544921875,27239305337,15035622003,11.066233067818734,-0.002259714160352644,63829.382578125,59655.0181640625,0.48136620782608136,8.139224141571383,0.011007020314281135,3445.7787353515623,3152.2091711425783,0.5212971579776274
2024-07-19,66710.15625,3505.73486328125,37003855410,17705629736,11.10811248792837,0.041879420109635745,63796.285859375,59767.73228515625,0.5035195607055958,8.16215543891399,0.022931297342607238,3440.9564404296875,3157.9762060546873,0.5220891709447046
2024-07-20,67163.6484375,3519.29541015625,19029581250,10360198325,11.114887434276701,0.006774946348331312,63789.730546875,59878.76068359375,0.5038144482122198,8.166016080986694,0.003860642072703868,3436.14181640625,3163.7935009765624,0.5201090398622039
2024-07-21,68154.5234375,3536.60546875,26652190004,13845913681,11.129532809646845,0.014645375370143654,63798.682265625,60005.292421875,0.503832905057627,8.17092263894949,0.004906557962796043,3430.6099462890625,3170.4227185058594,0.5203644029392331
2024-07-22,67585.25,3440.419921875,42649109453,18723199034,11.121145042956734,-0.00838776669011132,63795.355234375,60122.3190625,0.5051403843103092,8.14334881322997,-0.027573825719519718,3423.8004248046873,3176.279627685547,0.5289579757137423
2024-07-23,65927.671875,3481.995849609375,35605668666,24468405650,11.096313539410449,-0.024831503546284495,63737.813046875,60231.14396484375,0.5095871435013231,8.155360928371472,0.012012115141502022,3418.11255859375,3182.3463708496092,0.5248403019269188
2024-07-24,65372.1328125,3336.33935546875,27470942309,16040945448,11.087851342852872,-0.008462196557577073,63633.900390625,60338.05865234375,0.48033781676277354,8.11262948356539,-0.0427314448060816,3408.5890283203125,3187.8199438476563,0.541700355417971
2024-07-25,65777.2265625,3174.42724609375,38315761670,25293745810,11.094028956532817,0.006177613679945182,63527.788515625,60447.229296875,0.4737711269727262,8.062882500122567,-0.04974698344282302,3394.792353515625,3192.5777502441406,0.566111751914801
2024-07-26,67912.0625,3275.951416015625,30488630457,15993893521,11.125968948726015,0.03193999219319821,63470.886484375,60551.93708984375,0.4801101552303673,8.09436361458693,0.03148111446436275,3384.0792626953125,3197.29234375,0.5777535562902032
2024-07-27,67813.3359375,3247.60791015625,34691905492,15198233287,11.124514149829876,-0.0014547988961393088,63440.301484375,60660.3051171875,0.4792346809871115,8.08567397667822,-0.008689637908709358,3375.458837890625,3201.806247558594,0.572251944537978
2024-07-28,68255.8671875,3271.464599609375,18043166945,8959236446,11.131018675469548,0.006504525639671854,63419.303359375,60768.44556640625,0.47124067278356974,8.092993053407406,0.007319076729185525,3367.269130859375,3205.253052978516,0.5689665643945726
2024-07-29,66819.9140625,3320.539306640625,40780682628,18334852719,11.109756429805461,-0.02126224566408652,63362.741796875,60870.70220703125,0.4789963339974202,8.107882490477525,0.014889437070118916,3359.5618408203127,3208.7576538085937,0.5716699971760821
2024-07-30,66201.015625,3278.667724609375,31380492109,14045773047,11.100451083574788,-0.009305346230673806,63296.516484375,60987.4414453125,0.47151077311068035,8.095192437342599,-0.012690053134926771,3351.8008447265624,3212.52869140625,0.5693392727103285
2024-07-31,64619.25,3231.295654296875,31292785994,16135380637,11.0762676329973,-0.024183450577487164,63242.260859375,61096.32578125,0.4801236754725865,8.080638467146288,-0.014553970196310217,3346.460146484375,3215.8021801757814,0.5709568508728362
2024-08-01,65357.5,3201.564453125,40975554494,20217639556,11.087627479108344,0.011359846111043126,63184.587109375,61214.13193359375,0.4786782485398439,8.071394860920817,-0.009243606225471268,3339.29908203125,3219.4487963867186,0.5712536250365868
2024-08-02,61415.06640625,2986.01318359375,43060875727,21400241741,11.025410465243473,-0.06221701386487055,63077.76046875,61308.647421875,0.5169345945647084,8.001694393224604,-0.06970046769621341,3329.633720703125,3221.822043457031,0.6067822125183209
2024-08-03,60680.09375,2903.3857421875,31753030589,17844091431,11.013370978451388,-0.012039486792085441,62971.14046875,61396.2731640625,0.4796510066742759,7.973632832285609,-0.028061560938994923,3318.09599609375,3223.400516357422,0.5567305812459199
2024-08-04,58116.9765625,2686.39892578125,31758917219,21139601426,10.970213095727178,-0.04315788272420917,62809.66,61473.14478515625,0.5044936307544909,7.895956886450225,-0.07767594583538351,3300.5129833984374,3224.1906640625,0.6124212507897038
2024-08-05,53991.45703125,2417.206298828125,108991085584,67668132244,10.896581109905977,-0.07363198582120134,62556.708203125,61536.79177734375,0.5570313558656698,7.790367730320565,-0.10558915612966047,3276.44583984375,3223.9416015625,0.6967147349289476
2024-08-06,56034.31640625,2458.723876953125,49300484106,26041995921,10.933719575005094,0.03713846509911711,62347.58859375,61608.871328125,0.5539260890729645,7.807397745123442,0.017030014802877247,3255.3927392578125,3223.7877282714844,0.6875322039232081
2024-08-07,55027.4609375,2336.58935546875,41637562185,24264218606,10.91558762938367,-0.018131945621423284,62145.322890625,61675.680703125,0.5546947904958737,7.756447604708497,-0.05095014041494483,3232.4508984375,3223.1227294921873,0.6923563191645067
2024-08-08,61710.13671875,2683.352783203125,45298472567,23468291180,11.030203486816628,0.11461585743295721,62080.3196875,61776.5024609375,0.6821254561902009,7.89482233011691,0.1383747254084131,3214.931005859375,3224.2699279785156,0.8588959041194815
2024-08-09,60880.11328125,2599.5986328125,33425553115,17907141655,11.016661853263962,-0.013541633552666354,62001.348828125,61883.36619140625,0.6839341360267364,7.863112340097798,-0.03170999001911223,3196.701240234375,3225.7137890625,0.861802075456899
2024-08-10,60945.8125,2610.02294921875,15745822278,9361014219,11.01774042869358,0.0010785754296183114,61938.34109375,61988.8675,0.6832263845274337,7.867114293082201,0.00400195298440309,3178.580185546875,3227.5604736328123,0.8623077491734785
2024-08-11,58719.484375,2553.252197265625,22759754812,13595441987,10.980526882170142,-0.03721354652343756,61827.67921875,62082.07955078125,0.6960859121688828,7.8451231970338196,-0.021991096048381564,3159.7489599609376,3229.15892578125,0.861964379333852
2024-08-12,59354.515625,2724.431884765625,37078637820,21653090666,10.99128348181075,0.010756599640608044,61751.15359375,62179.1830859375,0.6925006807767694,7.910015202706998,0.06489200567317877,3145.865361328125,3231.6925341796873,0.8951843979366342
2024-08-13,60609.56640625,2703.671875,30327698167,16383053029,11.012208021087867,0.02092453927711624,61757.796640625,62273.1465625,0.6903658063280546,7.9023660817966315,-0.007649120910366847,3132.933671875,3233.8748950195313,0.8902894584332522
2024-08-14,58737.26953125,2662.914794921875,29961696180,15825365408,10.980829719696201,-0.03137830139166553,61696.44921875,62356.23263671875,0.657030043714092,7.887176589403395,-0.015189492393236748,3118.29138671875,3235.8500390625,0.8436942581226925
2024-08-15,57560.09765625,2570.087646484375,35682112440,16345801912,10.960584857599066,-0.02024486209713494,61631.425625,62433.85515625,0.6591501186029698,7.851695280998166,-0.03548130840522834,3102.30359375,3237.41443359375,0.8486472621258745
2024-08-16,58894.10546875,2593.1865234375,29350938673,13275561555,10.983496287700408,0.02291143010134178,61577.21171875,62511.884453125,0.6644705703179795,7.860642716402214,0.008947435404047965,3085.2713134765627,3238.795045166016,0.8507908876683012
2024-08-17,59478.97265625,2614.546875,13589684021,6676568717,10.993378128337671,0.00988184063726294,61560.3884375,62594.51626953125,0.6659504466629323,7.8688460823257556,0.008203365923541206,3070.08953125,3240.145311279297,0.8500202857112181
2024-08-18,58483.96484375,2613.357177734375,17740625837,9207267415,10.976507890411199,-0.016870237926472242,61512.32015625,62674.02306640625,0.6480415395764554,7.868390948767771,-0.00045513355798476596,3054.8973193359375,3241.799375,0.8428425682683203
2024-08-19,59493.453125,2637.306396484375,25911207712,11968963282,10.993621553967206,0.017113663556006742,61448.623359375,62756.11146484375,0.6512781092855258,7.877513370913563,0.009122422145792619,3038.9856640625,3243.4667834472657,0.8441141988950982
2024-08-20,59012.79296875,2573.10693359375,31613400008,13249483464,10.985509529362448,-0.008112024604757906,61371.839609375,62835.2461328125,0.647888065624124,7.852869371306904,-0.024643999606658973,3021.6409716796875,3244.792127685547,0.8440082042812337
2024-08-21,61175.19140625,2631.3955078125,32731154072,12766015263,11.0214970171372,0.03598748777475258,61354.763125,62926.16083984375,0.6631065627924725,7.875269595782945,0.02240022447604062,3005.941787109375,3246.4689135742187,0.8493436669096625
2024-08-22,60381.9140625,2622.951416015625,27625734377,10723280428,11.008444903031656,-0.013052114105544632,61358.92296875,63015.1525,0.659560811730774,7.8720554573985835,-0.0032141383843615756,2992.54248046875,3248.1359399414064,0.8462720329442553
2024-08-23,64094.35546875,2764.447021484375,42530509233,16857181970,11.068111580821581,0.059666677789925515,61501.256015625,63122.3309375,0.6942645338865353,7.92459590172544,0.05254044432685667,2986.7409814453126,3250.46373046875,0.8641632055363853
2024-08-24,64178.9921875,2769.3896484375,21430585163,11765811307,11.069431211634667,0.001319630813085837,61651.588359375,63227.8025390625,0.6938692020380797,7.926382231377815,0.0017863296523747962,2982.4968017578126,3252.4496691894533,0.8501099079069884
2024-08-25,64333.54296875,2749.15771484375,18827683555,9375535539,11.07183643779521,0.0024052261605422842,61772.1884375,63327.879140625,0.6838945459130221,7.919049858234266,-0.007332373143548843,2976.0923974609377,3254.0767321777344,0.8401263713636203
2024-08-26,62880.66015625,2681.340576171875,27682040631,12282035835,11.048993925716076,-0.02284251207913357,61912.819453125,63415.774609375,0.6878146354493228,7.894072163428595,-0.02497769480567147,2971.13146484375,3255.3839025878906,0.8427377829017111
2024-08-27,59504.1328125,2458.7265625,39103882198,18028996056,10.993801048155168,-0.055192877560907405,61968.80015625,63477.55927734375,0.7109083080788815,7.807398837375173,-0.08667332605342182,2959.931357421875,3255.2399572753907,0.8861524215784499
2024-08-28,59027.625,2528.41552734375,40289564698,20359545410,10.9857608336459,-0.008040214509268395,61989.168125,63533.841015625,0.7084936431239373,7.835348111753053,0.027949274377879973,2949.2190087890626,3255.3758935546875,0.8918327949836424
2024-08-29,59388.1796875,2528.792724609375,32224990582,13946434277,10.99185049038864,0.006089656742739535,62022.081796875,63589.31232421875,0.7091138504496318,7.83549728388421,0.00014917213115683836,2937.75048828125,3255.482004394531,0.8923037913597174
2024-08-30,59119.4765625,2525.822021484375,32292756405,15526218255,10.987315701768612,-0.004534788620027541,62057.573046875,63635.11859375,0.7052438419657634,7.834321841791679,-0.0011754420925305098,2926.2603125,3254.820534667969,0.8924111264870547
2024-08-31,58969.8984375,2513.393798828125,12403470760,6646876013,10.984782396719028,-0.0025333050495834897,62078.98171875,63681.25587890625,0.7033544733775915,7.82938922993368,-0.004932611857999092,2913.8450146484374,3254.1765771484374,0.8924750009451203
2024-09-01,57325.48828125,2427.90234375,24592449997,11800443265,10.956500625461308,-0.028281771257720578,62040.852421875,63708.74984375,0.6771257982107427,7.794782930509718,-0.034606299423962206,2898.8590869140626,3252.4265771484374,0.8700854350330457
2024-09-02,59112.48046875,2538.187255859375,27036454524,12520444224,10.987197356543957,0.030696731082649364,62007.346171875,63744.61947265625,0.685740212042091,7.8392054264271165,0.04442249591739866,2884.74125,3250.9956188964843,0.8845082485880735
2024-09-03,57431.0234375,2420.603759765625,26666961053,11406800197,10.958339914307253,-0.0288574422367045,61858.56359375,63770.97357421875,0.6763918895798819,7.791772275540356,-0.0474331508867607,2863.3622705078124,3249.0801806640625,0.8589299048765048
2024-09-04,57971.5390625,2448.97705078125,35627680312,16709600747,10.96770746327409,0.009367548966837447,61716.05140625,63802.5162890625,0.6231443615712432,7.803425686055362,0.011653410515005902,2843.47154296875,3247.391702880859,0.7769347774339527
2024-09-05,56160.48828125,2367.737548828125,31030280656,13632325040,10.935968733128599,-0.031738730145491445,61556.8853125,63822.70599609375,0.6210862782703137,7.769690157440975,-0.033735528614387,2823.0512451171876,3244.835400390625,0.783438938902272
2024-09-06,53948.75390625,2223.87646484375,49361693566,25825618367,10.895789873223059,-0.04017885990553971,61356.3790625,63833.55404296875,0.633850408252718,7.707007107444509,-0.06268304999646546,2799.003603515625,3241.2369091796877,0.7938061006165841
2024-09-07,54139.6875,2274.107177734375,19061486526,11124608320,10.899322791079229,0.003532917856169604,61104.9696875,63842.82810546875,0.4791229854462199,7.729342805009124,0.022335697564614954,2774.3710498046876,3237.5399267578123,0.6204425877779098
2024-09-08,54841.56640625,2297.29296875,18268287531,10718443487,10.912203696474931,0.012880905395702413,60858.528046875,63857.8400390625,0.48160970688190546,7.739486738635278,0.010143933626153512,2749.9310009765627,3234.1746142578127,0.6153575426287977
2024-09-09,57019.53515625,2358.482177734375,34618096173,15887712451,10.951149210140377,0.038945513665446185,60635.82828125,63886.4128515625,0.5037269560091947,7.7657735460853665,0.026286807450088823,2726.36853515625,3231.1119885253906,0.623909969288918
2024-09-10,57648.7109375,2389.5810546875,28857630507,12795818970,10.962123165299772,0.010973955159395032,60437.0975,63920.99666015625,0.4894332418981538,7.7788733386345745,0.013099792549208011,2705.3517578125,3228.4516027832033,0.6227390959735806
2024-09-11,57343.171875,2339.841552734375,37049062672,15355180967,10.956809054876391,-0.005314110423380924,60265.4075,63949.85701171875,0.4879421370242583,7.757838493552475,-0.02103484508209963,2682.508671875,3225.188880615234,0.5766268606851741
2024-09-12,58127.01171875,2361.78173828125,33835707949,12162634681,10.970385752505791,0.013576697629400059,60120.505078125,63981.82587890625,0.48441883066903413,7.767171587018248,0.009333093465772713,2663.01751953125,3221.4343029785155,0.5787105593762075
2024-09-13,60571.30078125,2441.607177734375,32490528356,13759640866,11.011576475413042,0.04119072290725079,60016.3865625,64012.07037109375,0.49392424888246944,7.800411780852517,0.03324019383426968,2648.3611181640626,3217.747370605469,0.5919615352399933
2024-09-14,60005.12109375,2418.595703125,16428405496,8170291680,11.0021851891245,-0.009391286288542133,59858.247734375,64026.66912109375,0.4894724444574737,7.790942362753633,-0.009469418098884574,2631.21400390625,3213.6177526855467,0.5807855546109989
2024-09-15,59182.8359375,2320.897216796875,18120960867,10155470375,10.988386845345081,-0.013798343779418687,59685.637734375,64010.05935546875,0.4858896060767447,7.749709121277014,-0.04123324147661833,2612.6797900390625,3208.2937194824217,0.595053432298768
2024-09-16,58192.5078125,2295.28369140625,32032822113,16819033263,10.9715118936889,-0.016874951656181025,59484.370546875,63995.02998046875,0.48811186592486805,7.738611727668392,-0.011097393608622497,2593.156171875,3203.0605395507814,0.5940023316179929
2024-09-17,60308.5390625,2341.707763671875,38075570118,15356783863,11.00722898234961,0.035717088660708995,59354.143046875,63984.36951171875,0.5005318093672172,7.758635755702341,0.02002402803394876,2573.579541015625,3197.59380859375,0.5999539145554362
2024-09-18,61649.6796875,2369.72900390625,40990702891,18159056422,11.029223312918003,0.021994330568393394,59263.116328125,63982.468671875,0.5027908664728702,7.77053088324801,0.011895127545669126,2555.4007666015623,3192.332204589844,0.6007747409372688
2024-09-19,62940.45703125,2464.752197265625,42710252573,18437147349,11.04994443197192,0.020721119053916937,59229.54046875,63981.3341015625,0.5061268465657742,7.809846552930816,0.03931566968280631,2540.0698974609377,3187.200997314453,0.6138129320829125
2024-09-20,63192.9765625,2561.072021484375,35177164222,19112788620,11.053948443619324,0.004004011647404937,59186.25,63955.6469140625,0.49128997136789543,7.848181208211116,0.03833465528030011,2527.260048828125,3181.854188232422,0.6240317653224052
2024-09-21,63394.83984375,2615.857177734375,14408616220,10797825021,11.057137746635803,0.003189303016478462,59225.84546875,63953.6151171875,0.48866838475739605,7.869347115419404,0.021165907208287926,2519.8569287109376,3177.158651123047,0.6286723779618905
2024-09-22,63648.7109375,2582.862548828125,20183348802,13180663011,11.061134351423833,0.003996604788030211,59285.2178125,63941.3246484375,0.44177349302560176,7.856653577908403,-0.012693537511001551,2513.44646484375,3170.9768322753907,0.6004824167750192
2024-09-23,63329.80078125,2648.54638671875,31400285425,19912841456,11.056111283780753,-0.005023067643080026,59389.474296875,63923.34623046875,0.44204689267737785,7.881766235167152,0.02511265725874967,2512.6894140625,3164.8478259277344,0.6079292222081809
2024-09-24,64301.96875,2654.35498046875,29938335243,16658812503,11.07134552795294,0.015234244172185996,59595.68453125,63903.35560546875,0.4453403318246612,7.883956958950561,0.002190723783408899,2517.4323876953126,3158.659295654297,0.60768423177983
2024-09-25,63143.14453125,2579.388671875,25078377700,14119729962,11.05315956339405,-0.018185964558888656,59737.86109375,63876.5769140625,0.4426242470885537,7.8553077009531815,-0.028649257997379607,2519.84568359375,3151.979144287109,0.6096265381467437
2024-09-26,65181.01953125,2632.199951171875,36873129847,17336033595,11.084923594049675,0.03176403065562461,59940.932265625,63857.38306640625,0.4084091669608747,7.8755752588499135,0.020267557896731958,2525.7578955078125,3145.734178466797,0.5300415805369579
2024-09-27,65790.6640625,2695.900634765625,32058813449,17023020294,11.094233223698353,0.009309629648678097,60022.5428125,63825.71685546875,0.40696732688262677,7.899487614812038,0.02391235596212482,2526.0088525390624,3138.881456298828,0.5277623621595486
2024-09-28,65887.6484375,2677.5390625,15243637984,10252590559,11.095706274054114,0.001473050355761174,60122.693515625,63797.74865234375,0.4069326947608315,7.892653391384484,-0.006834223427554242,2527.5676611328126,3132.367785644531,0.5286549570751038
2024-09-29,65635.3046875,2659.346923828125,14788214575,11126215671,11.0918690113765,-0.003837262677613751,60216.483359375,63760.50767578125,0.4067674141647059,7.8858358542735765,-0.006817537110907601,2528.554140625,3125.632235107422,0.5294345069783802
2024-09-30,63329.5,2603.062744140625,37112957475,17826446789,11.056106534326933,-0.03576247704956792,60308.683671875,63720.17220703125,0.42886833391001644,7.864444009252893,-0.021391845020683142,2529.5503515625,3119.231846923828,0.5351187139227424
2024-10-01,60837.0078125,2448.921142578125,50220923500,25482371785,11.015953563909683,-0.040152970417249634,60338.333515625,63677.33837890625,0.4413665610792592,7.803402856588141,-0.061041152664752296,2524.04013671875,3112.8003515625,0.5644995207298887
2024-10-02,60632.78515625,2365.231689453125,40762722398,20148256472,11.012591034943744,-0.0033625289659386937,60338.797890625,63653.92671875,0.42930093546188797,7.768631262069809,-0.03477159451833245,2517.2713330078127,3107.012209472656,0.5540592980829299
2024-10-03,60759.40234375,2349.791259765625,36106447279,18051447791,11.01467712031752,0.002086085373775859,60379.240546875,63615.77060546875,0.41570643705876664,7.762081777561326,-0.006549484508482806,2511.0088623046877,3100.549100341797,0.5300222822096391
2024-10-04,62067.4765625,2414.7939453125,29585472513,14879264082,11.035977403876908,0.021300283559387623,60469.388125,63588.36501953125,0.4204687409277206,7.789369239594505,0.02728746203317911,2507.90298828125,3095.03314453125,0.5374691516542396
2024-10-05,62089.94921875,2415.6318359375,13305410749,8152969183,11.036339406493408,0.0003620026164998791,60533.305,63589.2508984375,0.40230058180535655,7.789716161655353,0.0003469220608485202,2504.35189453125,3091.323212890625,0.5238941313283467
2024-10-06,62818.953125,2439.957763671875,14776233667,8458690205,11.048012108276925,0.011672701783517425,60600.104609375,63563.7773046875,0.37114332377910375,7.799736008166885,0.01001984651153176,2500.8601123046874,3085.9560363769533,0.4720552672630545
2024-10-07,62236.66015625,2421.796630859375,34253562610,17414044416,11.038699496683854,-0.00931261159307084,60675.158515625,63547.50365234375,0.3745040683050948,7.792264953147185,-0.007471055019700579,2497.0289013671877,3080.6000634765624,0.46819449248894396
2024-10-08,62131.96875,2439.8408203125,28134475157,14067361080,11.037015930146234,-0.0016835665376202513,60727.928828125,63539.2696875,0.37391842959258054,7.79968807858234,0.007423125435155775,2493.07958984375,3076.1308276367185,0.46770188044120964
2024-10-09,60582.1015625,2368.283447265625,27670982363,14954047093,11.01175477467777,-0.025261155468463414,60759.315,63521.8691796875,0.3657199219636854,7.769920687854741,-0.029767390727599263,2488.9831201171874,3071.2892749023435,0.4719257537303627
2024-10-10,60274.5,2383.85791015625,30452813570,15327769940,11.006664407701818,-0.005090366975952776,60741.301171875,63487.0708203125,0.3650617971185367,7.776475424964477,0.006554737109736308,2484.0323681640625,3065.935382080078,0.47021232521260037
2024-10-11,62445.08984375,2436.513427734375,30327141594,13489061564,11.042042887062264,0.035378479360446136,60782.5646875,63449.50220703125,0.38269112956206347,7.798323373343432,0.021847948378954207,2480.3036083984375,3060.1635302734376,0.46995027783357496
2024-10-12,63193.0234375,2476.523193359375,16744110886,9372169184,11.053949185394522,0.011906298332258203,60764.538046875,63415.52814453125,0.38214531193959533,7.814610917362743,0.01628754401931154,2474.5451318359374,3054.6086218261717,0.4720585853272148
2024-10-13,62851.375,2467.677001953125,18177529690,9189490605,11.048528091265164,-0.00542109412935865,60737.985703125,63382.50830078125,0.3569411034182593,7.811032502049262,-0.0035784153134814645,2468.51087890625,3049.4464306640625,0.45824741154226145
2024-10-14,66046.125,2628.89990234375,43706958056,21434687898,11.098108640553454,0.04958054928829014,60772.23734375,63359.01416015625,0.39236364202567875,7.874320749582723,0.0632882475334613,2466.10572265625,3044.784460449219,0.5063650929312397
2024-10-15,67041.109375,2606.02197265625,48863870879,22003780898,11.113061282975492,0.01495264242203831,60855.446328125,63344.75556640625,0.38949458792347574,7.865580189213424,-0.008740560369298933,2464.5993505859374,3040.255539550781,0.48296187739466373
2024-10-16,67612.71875,2611.10205078125,38195189534,17012396419,11.121551391522942,0.008490108547450248,61017.618046875,63334.59263671875,0.3822378324545236,7.867527652876447,0.001947463663023008,2467.6468603515623,3035.771328125,0.480010635960277
2024-10-17,67399.8359375,2604.2734375,32790898511,15150712321,11.118397862735716,-0.0031535287872266338,61185.062265625,63314.92357421875,0.3666528366788501,7.86490900453607,-0.00261864834037695,2469.1640185546876,3030.5534130859373,0.4771625657407376
2024-10-18,68418.7890625,2641.55224609375,36857165014,17043738652,11.13340275978538,0.015004897049664123,61365.674453125,63308.50677734375,0.3630577640822296,7.879121995357757,0.014212990821686589,2471.419208984375,3026.236024169922,0.4777413809135315
2024-10-19,68362.734375,2648.656982421875,14443497908,8557834553,11.132583136063852,-0.0008196237215276625,61550.539609375,63323.0855859375,0.3579156826568609,7.88180799142812,0.002685996070363572,2473.875908203125,3023.093135986328,0.4600516482340947
2024-10-20,69001.703125,2746.364013671875,18975847518,14559296242,11.141886466245792,0.009303330181939629,61751.175703125,63338.1900390625,0.3586251160493198,7.918033138966999,0.036225147538878844,2478.5353125,3020.267746582031,0.4580321082252566
2024-10-21,67367.8515625,2665.712158203125,37498611780,17328615363,11.117923203324489,-0.023963262921302686,61952.02296875,63332.485078125,0.3706826495501502,7.888226527243981,-0.029806611723017795,2483.2915087890624,3016.946104736328,0.46608409506299564
2024-10-22,67361.40625,2620.197509765625,31808472566,15541911074,11.117827525331311,-9.567799317800052e-05,62117.001484375,63330.10390625,0.3706836935875588,7.871004979320532,-0.017221547923448988,2484.9317138671877,3013.452666015625,0.46797690821338395
2024-10-23,66432.1953125,2509.098876953125,32263980353,17876984551,11.103937087117613,-0.013890438213698175,62297.024921875,63317.7843359375,0.3740402458054615,7.827678954499088,-0.04332602482144399,2486.7016162109376,3009.2272412109373,0.4832702678084064
2024-10-24,68161.0546875,2534.49853515625,31414428647,16128627601,11.129628635085066,0.025691547967452877,62500.815234375,63311.7768359375,0.3805616118614352,7.837751079950608,0.010072125451519476,2488.4120458984376,3004.6322607421876,0.48486927606644264
2024-10-25,66642.4140625,2435.93408203125,41469984306,22560233078,11.10709650161227,-0.02253213347279548,62710.45375,63286.832109375,0.38374355254823517,7.798085568542171,-0.03966551140843677,2489.7759765625,2998.3354675292967,0.4940569120894708
2024-10-26,67014.6953125,2479.603271484375,19588098156,13597102184,11.11266720734552,0.005570705733250136,62971.772578125,63276.2105078125,0.3685761789745049,7.815853855186619,0.01776828664444796,2494.8905126953123,2993.2076672363282,0.49272014693086574
2024-10-27,67929.296875,2505.940673828125,16721307878,9801434566,11.126222691403088,0.013555484057567568,63247.564765625,63262.917578125,0.3700863280358437,7.826419461523803,0.01056560633718373,2499.5271826171875,2988.0186853027344,0.4860430119147208
2024-10-28,69907.7578125,2565.34814453125,38799856657,18971841402,11.154931906505643,0.02870921510255542,63548.88859375,63262.1533203125,0.38245010965849824,7.849849477256627,0.023430015732824216,2504.8882861328125,2983.319187011719,0.49399451488465745
2024-10-29,72720.4921875,2637.95751953125,58541874402,22185845095,11.194378497083406,0.039446590577762564,63862.907734375,63289.7764453125,0.403398463033065,7.877760229861494,0.02791075260486675,2510.47779296875,2980.293800048828,0.5039758741784304
2024-10-30,72339.5390625,2657.37255859375,40646637831,22382690746,11.18912613366522,-0.00525236341818669,64156.724296875,63332.36677734375,0.37942789342344707,7.8850931536922655,0.007332923830771776,2515.833623046875,2978.556160888672,0.49875580327461105
2024-10-31,70215.1875,2515.79931640625,40627912076,19760409505,11.159319912768295,-0.02980622089692453,64414.164609375,63354.74908203125,0.3655888947572194,7.830345851684507,-0.054747302007758236,2519.3527783203126,2975.350447998047,0.48934590923820365
2024-11-01,69482.46875,2511.885498046875,49989795365,20215438328,11.148829751531515,-0.010490161236779372,64641.27375,63385.03037109375,0.3684210550203398,7.82878894456149,-0.0015569071230174814,2522.354853515625,2972.4018737792967,0.4722908652221313
2024-11-02,69289.2734375,2491.068603515625,18184612091,9639457439,11.146045388745986,-0.002784362785529737,64815.633203125,63412.417421875,0.36922038535793056,7.820467055435184,-0.008321889126305493,2523.34408203125,2969.4326159667967,0.4727351877322719
2024-11-03,68741.1171875,2456.42529296875,34868307655,15667779706,11.138102802635737,-0.007942586110248229,64990.353125,63449.73955078125,0.36643134774029296,7.806462439165281,-0.014004616269903458,2524.100673828125,2966.791104736328,0.4667792701415963
2024-11-04,67811.5078125,2397.0263671875,41184819348,17110200696,11.124487191273472,-0.013615611362265412,65162.9265625,63471.2333203125,0.37110560512855556,7.781984234452107,-0.024478204713173746,2525.6232568359374,2963.4460986328127,0.4748897831789109
2024-11-05,69359.5625,2422.650634765625,46046889204,17894057485,11.147059303764403,0.022572112490930607,65386.26765625,63498.81328125,0.37624613780702804,7.792617523365528,0.010633288913420635,2528.170595703125,2960.262958984375,0.47506166882547984
2024-11-06,75639.078125,2724.169189453125,118592653963,41887574364,11.233728335032866,0.08666903126846393,65692.8784375,63552.03646484375,0.4724079561172034,7.909918776006227,0.1173012526406989,2535.81982421875,2958.0956689453124,0.6263991099098994
2024-11-07,75904.859375,2895.58544921875,63467654989,35352318438,11.237235984720346,0.0035076496874797414,65977.98203125,63606.9275390625,0.47162234507131084,7.970942597271241,0.06102382126501471,2546.336953125,2956.8371533203126,0.6573091369902746
2024-11-08,76545.4765625,2962.296630859375,55176858003,32303261101,11.245640308059663,0.008404323339316733,66250.082421875,63655.4665234375,0.4573332819571517,7.9937201352758365,0.022777538004595144,2556.287841796875,2955.6403759765626,0.6470886896494391
2024-11-09,76778.8671875,3131.14453125,29009480361,29210133088,11.248684714440998,0.003044406381334852,66521.800234375,63707.3244921875,0.45532411637326053,8.049153881631172,0.0554337463553356,2567.6892919921875,2955.1965405273436,0.6683397642977048
2024-11-10,80474.1875,3191.331298828125,82570594495,47418730187,11.295691759812842,0.04700704537184386,66863.3871875,63788.3109375,0.4657893957580242,8.068193443774677,0.01903956214350444,2579.1987744140624,2955.454171142578,0.6677365049614714
2024-11-11,88701.484375,3374.81298828125,117966845037,55417771668,11.393031902937803,0.09734014312496164,67364.44265625,63909.40982421875,0.5596301582568799,8.124095190891762,0.055901747117085065,2595.037783203125,2956.5456884765626,0.687194556013349
2024-11-12,87955.8125,3246.25732421875,133673285375,56686078066,11.384589836668697,-0.008442066269106263,67856.962890625,64030.41228515625,0.5608642601511175,8.0852580191835,-0.038837171708260954,2606.992001953125,2957.126151123047,0.7068902321649256
2024-11-13,90584.1640625,3192.595947265625,123559027869,52010205682,11.414034687156459,0.029444850487761798,68382.606796875,64166.23740234375,0.54776725726188,8.068589641414558,-0.016668377768942477,2617.7568212890624,2956.828289794922,0.6844658646319076
2024-11-14,87250.4296875,3058.94873046875,87616705248,35743352141,11.376537764837646,-0.03749692231881241,68864.7525,64286.9233984375,0.5724342350843671,8.025826583784477,-0.042763057630081036,2627.3480224609375,2955.80916015625,0.7039945897724428
2024-11-15,91066.0078125,3103.04052734375,78243109518,32701369872,11.419339883129073,0.04280211829142644,69382.452265625,64423.04783203125,0.5845958901497338,8.040137725060399,0.014311141275921813,2636.764833984375,2955.2472180175782,0.7045650195456613
2024-11-16,90558.4765625,3133.27392578125,44333192814,26650658846,11.413751070884954,-0.005588812244118557,69877.808515625,64572.6559375,0.5853429154097126,8.049833719553197,0.009695994492798121,2645.5122998046877,2955.8521533203125,0.7040323986056333
2024-11-17,89845.8515625,3075.66162109375,46350159305,28348163224,11.405850720444636,-0.007900350440317894,70356.972578125,64730.61513671875,0.5882470068074508,8.03127531842804,-0.01855840112515672,2653.4747509765625,2956.3815380859373,0.7085819761804398
2024-11-18,90542.640625,3207.8564453125,75535775084,35445557613,11.413576185850712,0.007725465406075216,70855.119296875,64887.711171875,0.5871909189275938,8.073358219017715,0.042082900589674566,2664.44494140625,2957.479978027344,0.7201433748968723
2024-11-19,92343.7890625,3111.384033203125,74521048295,29823634432,11.433273729034363,0.01969754318365169,71435.405078125,65034.9809375,0.5882951186582567,8.04282293293166,-0.030535286086054825,2674.6113671875,2957.519188232422,0.7229701118992357
2024-11-20,94339.4921875,3072.18798828125,71730956426,29785491216,11.454655174032796,0.02138144499843264,72105.454765625,65187.22103515625,0.576774098915298,8.03014528649725,-0.01267764643441005,2687.0767041015624,2957.29224609375,0.7152691882433585
2024-11-21,98504.7265625,3361.053955078125,106024505582,51619069348,11.497859811415008,0.04320463738221214,72862.89359375,65359.58900390625,0.5857826146867675,8.120009880877456,0.08986459438020589,2706.9931494140624,2958.411270751953,0.7693867103061952
2024-11-22,98997.6640625,3331.600830078125,78473580551,36775716442,11.50285153351007,0.0049917220950614904,73627.658828125,65538.767578125,0.5786672350313804,8.111208197214152,-0.008801683663303805,2726.6293408203123,2959.7556311035155,0.7493940350554722
2024-11-23,97777.28125,3396.223388671875,44414644677,38835184688,11.490447530980276,-0.012404002529793345,74341.854921875,65715.97990234375,0.5836327638904746,8.130419325206548,0.01921112799239566,2746.2579296875,2961.7038623046874,0.7501669764787564
2024-11-24,98013.8203125,3363.659912109375,51712020623,27901454185,11.492863771306755,0.0024162403264789134,75060.33234375,65900.109296875,0.5713985486045094,8.120784919700867,-0.009634405505680732,2765.2184912109374,2963.653875732422,0.7323681097978696
2024-11-25,93102.296875,3413.5439453125,80909462490,51544793988,11.441454134013465,-0.051409637293289734,75665.99921875,66050.3709765625,0.6135570475608367,8.135506310750126,0.014721391049258514,2784.69021484375,2965.541492919922,0.7320780159810271
2024-11-26,91985.3203125,3326.517333984375,91656519855,39902959158,11.429384281479184,-0.012069852534281722,76260.972421875,66206.33369140625,0.6186817323264897,8.109681190045977,-0.02582512070414822,2802.78462890625,2967.625123291016,0.7430560673300068
2024-11-27,95962.53125,3657.249267578125,71133452438,43383987191,11.47171309478414,0.04232881330495708,76937.583671875,66382.17779296875,0.6256213115029492,8.204466577592436,0.09478538754645882,2827.1327978515624,2971.353359375,0.7995029544537368
2024-11-28,95652.46875,3579.8115234375,52260008261,32362724276,11.468476784781007,-0.0032363100031336245,77638.991015625,66553.1981640625,0.6184903259396795,8.183065430924342,-0.021401146668093673,2851.363359375,2974.6089074707033,0.8054920708411122
2024-11-29,97461.5234375,3593.494384765625,54968682476,27622629486,11.487212947688215,0.018736162907208254,78382.731484375,66725.99853515625,0.6171246354653669,8.186880374298573,0.003814943374230495,2875.5560888671876,2977.829581298828,0.805741831567009
2024-11-30,96449.0546875,3705.705322265625,31634227866,30670867436,11.476770217223118,-0.010442730465097583,79062.81078125,66900.47986328125,0.6050067349708177,8.217628889994131,0.030748515695558254,2900.9399267578124,2981.9523181152344,0.7737437273420494
2024-12-01,97279.7890625,3711.1650390625,36590695296,28018113530,11.485346528843408,0.008576311620290156,79744.54609375,67055.54134765625,0.6002855085389577,8.219101133006898,0.0014722430127669384,2925.632763671875,2985.322860107422,0.7731027878471866
2024-12-02,95865.3046875,3644.198486328125,72680784305,47284967570,11.470699409045046,-0.01464711979836153,80404.8246875,67208.7099609375,0.6051742885973508,8.200891726251037,-0.01820940675586158,2949.163193359375,2988.8181970214846,0.7772945534058286
2024-12-03,96002.1640625,3620.711669921875,67067810961,36839829742,11.472126012513607,0.0014266034685608275,81003.94546875,67353.46140625,0.6023939254577126,8.194425879398839,-0.006465846852197643,2968.9994287109375,2991.451162109375,0.7744767406681146
2024-12-04,98768.53125,3841.3310546875,77199817112,56799745752,11.500534323385613,0.028408310872006126,81638.49390625,67512.6000390625,0.5984843913963603,8.25357421434475,0.05914833494591143,2993.7056103515624,2995.043072509766,0.7785555735347162
2024-12-05,96593.5703125,3811.00830078125,149218945580,60568296606,11.478267458073391,-0.022266865312221995,82218.1109375,67664.1760546875,0.6093570487818355,8.245649078982549,-0.00792513536220163,3017.7037353515625,2998.738898925781,0.7827613420211917
2024-12-06,99920.7109375,4005.810546875,94534772658,52853668566,11.5121322598412,0.03386480176780893,82868.5284375,67806.5386328125,0.5520087592131183,8.29550122276471,0.04985214378216085,3045.7344775390625,3000.448674316406,0.7032388090243534
2024-12-07,99923.3359375,4002.692626953125,44177510897,22574636761,11.512158530326024,2.6270484823953666e-05,83498.619375,67955.47265625,0.5526002171715458,8.294722570371938,-0.0007786523927713063,3072.95728515625,3001.5155737304685,0.6826971393163124
2024-12-08,101236.015625,4005.70458984375,44125751925,20943378971,11.525209858145764,0.013051327819740166,84156.085,68116.0410546875,0.5527575063519325,8.29547477158052,0.000752201208582548,3100.0982373046877,3002.8580078125,0.6821530903972919
2024-12-09,97432.71875,3718.6904296875,110676473908,57029832059,11.486917354679552,-0.038292503466212935,84724.7053125,68263.5568359375,0.5769398094809448,8.221126850258074,-0.07434792132244716,3119.544765625,3002.566823730469,0.7225110282738698
2024-12-10,96675.4296875,3631.833740234375,104823780634,58416417599,11.479114561125563,-0.007802793553988607,85310.856875,68404.3034765625,0.5617032210258949,8.197492962306226,-0.0236338879518474,3138.867197265625,3002.091319580078,0.7279309955932933
2024-12-11,101173.03125,3832.822021484375,85391409936,35968053196,11.524587510696326,0.04547294957076353,85987.089375,68563.83890625,0.47868002465114773,8.25135663108684,0.05386366878061288,3163.1196875,3002.509246826172,0.7261454685204565
2024-12-12,100043.0,3883.1015625,72073983533,42971675764,11.513355372546723,-0.011232138149603443,86659.30546875,68721.4634375,0.47971884672292325,8.264389485068213,0.013032853981373549,3190.5997412109373,3002.795267333984,0.7097699520872548
2024-12-13,101459.2578125,3911.205322265625,56894751583,34895127659,11.527412596019019,0.014057223472295988,87325.26953125,68881.786953125,0.4725127054356088,8.271600872039135,0.007211386970922717,3218.133876953125,3002.891259765625,0.705054982090424
2024-12-14,101372.96875,3868.4052734375,40422968793,28756190559,11.526561754225602,-0.0008508417934169898,88019.880625,69047.170703125,0.44892231643800956,8.260597627050828,-0.011003244988307515,3246.78330078125,3003.032004394531,0.6854027908621783
2024-12-15,104298.6953125,3951.941162109375,51145914137,25069616984,11.555014131922132,0.02845237769652975,88765.560625,69230.7737109375,0.4363279089519707,8.281962170626711,0.021364543575883133,3276.23005859375,3003.9757275390625,0.6866831734150466
2024-12-16,106029.71875,3987.48095703125,91020417816,46536359669,11.571474699365162,0.016460567443029817,89527.5690625,69419.09734375,0.4366749884592556,8.290914971415551,0.00895280078884042,3305.8608642578124,3005.178884277344,0.6866657919563062
2024-12-17,106140.6015625,3886.76611328125,68589364868,35418700472,11.572519923998197,0.0010452246330352466,90252.2259375,69612.34328125,0.4343912585000373,8.265332757516568,-0.025582213898983852,3332.2892236328125,3005.8125817871096,0.6905158978130008
2024-12-18,100041.5390625,3618.791259765625,93865656139,48946681636,11.513340769344428,-0.05917915465376922,90798.646875,69774.0162890625,0.48938964922030914,8.193895342918657,-0.07143741459791109,3351.9058984375,3004.8405432128907,0.7318754588167216
2024-12-19,97490.953125,3417.927978515625,97221662392,58879190250,11.487514864219284,-0.025825905125143933,91301.67515625,69922.713046875,0.4959384274401413,8.136789792217614,-0.05710555070104206,3367.1170068359374,3003.025703125,0.7532208003199534
2024-12-20,97755.9296875,3472.553466796875,105634083408,66383827229,11.490229137772468,0.002714273553184654,91852.49,70067.4687890625,0.4909145141944425,8.152645471715687,0.015855679498072206,3386.25208984375,3001.556524658203,0.7522576611917836
2024-12-21,97224.7265625,3337.222412109375,51765334294,31579389836,11.484780346600347,-0.005448791172121048,92407.33515625,70200.75359375,0.4672643465902546,8.112894126847804,-0.039751344867882565,3402.758828125,2999.180057373047,0.7002947142668022
2024-12-22,95104.9375,3277.53515625,43147981314,24780768375,11.462736166218333,-0.02204418038201439,92923.6484375,70320.8641796875,0.4727950937079392,8.09484694212495,-0.018047184722854936,3418.4881591796875,2996.246428222656,0.7024570538941923
2024-12-23,94686.2421875,3415.785400390625,65239002919,34496081389,11.458323990769212,-0.004412175449120426,93442.5509375,70440.5095703125,0.4712599331699242,8.136162731035382,0.04131578891043297,3437.675361328125,2994.267325439453,0.714411510288157
2024-12-24,98676.09375,3492.0498046875,47114953674,23083678195,11.499597984837491,0.0412739940682787,94059.84265625,70587.177109375,0.4938294136423398,8.158244179368523,0.022081448333141296,3459.575830078125,2993.3344287109376,0.7174800256581612
2024-12-25,99299.1953125,3493.2353515625,33700394629,17651873225,11.505892746400228,0.006294761562736895,94658.6353125,70737.14421875,0.4575788836632215,8.158583620596723,0.00033944122819917766,3480.9875244140626,2992.395855712891,0.7158328217684438
2024-12-26,95795.515625,3331.225830078125,47054980873,22247726776,11.469971153103424,-0.03592159329680378,95061.7640625,70867.8818359375,0.47416935099225144,8.111095632376577,-0.047487988220145994,3493.1286572265626,2990.5224658203124,0.7298138695007045
2024-12-27,94164.859375,3328.9169921875,52419934565,24091627403,11.45280234823847,-0.01716880486495498,95426.9640625,70991.1447265625,0.4544629683811415,8.110402302505213,-0.0006933298713640568,3501.7952880859375,2988.8334631347657,0.6448605800983988
2024-12-28,95163.9296875,3397.90234375,24107436185,14305648523,11.463356259145382,0.010553910906912378,95799.333125,71130.30421875,0.4560106519926257,8.130913562486935,0.02051125998172232,3510.50740234375,2988.3313220214845,0.6464880449960192
2024-12-29,93530.2265625,3349.513427734375,29635885267,13440907792,11.44603994177678,-0.01731631736860173,96134.3603125,71256.7494140625,0.45453407874758217,8.116570368817545,-0.014343193669390075,3514.8747802734374,2987.28080078125,0.6476264489899334
2024-12-30,92643.2109375,3356.392578125,56188003691,26981583962,11.436510952585051,-0.009528989191728954,96377.74078125,71386.1834765625,0.4543157056588363,8.118622038732893,0.002051669915347887,3518.176005859375,2986.716357421875,0.6368159967290011
2024-12-31,93429.203125,3332.53173828125,43625106843,20845452085,11.444959242637923,0.008448290052871954,96472.29515625,71523.2740234375,0.45428074692240045,8.111487575872854,-0.007134462860038937,3517.330380859375,2985.97765625,0.6367117878917675
2025-01-01,94419.7578125,3353.504150390625,24519888919,14195410493,11.45550562909487,0.010546386456946166,96601.5740625,71664.4178125,0.45349549865222316,8.117761093168555,0.0062735172957015806,3519.4753173828126,2984.9174291992185,0.6353606323608408
2025-01-02,96886.875,3451.392578125,46009564411,22243574698,11.481299339788416,0.025793710693546856,96727.62828125,71815.656953125,0.46267472109110763,8.146533074415675,0.028771981247119882,3524.65125,2984.0715747070312,0.6446030945669396
2025-01-03,98107.4296875,3605.009765625,35611391163,21877299255,11.493818378541908,0.01251903875349214,96944.76828125,71973.7426171875,0.4537613862225702,8.190079758626615,0.043546684210939546,3535.572470703125,2984.5397290039064,0.6281865109144904
2025-01-04,98236.2265625,3657.706787109375,22342608078,16060610759,11.495130332245266,0.0013119537033574602,97088.17265625,72139.22001953125,0.44674408169982116,8.204591669125024,0.01451191049840972,3546.6657958984374,2985.409855957031,0.6304463118888862
2025-01-05,98314.9609375,3634.103759765625,20525254825,12830306908,11.495931491273739,0.0008011590284731085,97243.30234375,72305.99333984376,0.430306127412489,8.19811780104317,-0.0064738680818550165,3556.682392578125,2985.7836376953123,0.6028589019214892
2025-01-06,102078.0859375,3688.611328125,51823432705,23973574043,11.533493347790557,0.03756185651681854,97487.94703125,72492.24048828126,0.4503779493105316,8.213005332361758,0.014887531318588998,3568.94138671875,2986.671259765625,0.6061336236564737
2025-01-07,96922.703125,3381.577392578125,58685738547,32235312545,11.481669064811861,-0.051824282978696345,97615.54828125,72656.3730078125,0.4836274210497354,8.126097563808576,-0.08690776855318205,3572.4158056640626,2985.998768310547,0.673215788059997
2025-01-08,95043.5234375,3326.329345703125,63875859171,34337730882,11.462090207115295,-0.01957885769656542,97669.54296875,72810.327734375,0.4698952917187677,8.109624676408927,-0.01647288739964914,3576.7147119140627,2985.15634765625,0.6276011153012148
2025-01-09,92484.0390625,3219.4306640625,62777261693,28815726276,11.43479135793626,-0.02729884917903469,97632.43390625,72956.8439453125,0.4783819270038595,8.076959810502348,-0.03266486590657891,3579.6595654296875,2984.1604418945312,0.6319835847332053
2025-01-10,94701.453125,3267.489990234375,62058693684,26503845190,11.45848462356542,0.0236932656291593,97556.3684375,73128.964140625,0.4570340931793759,8.091777382061206,0.014817571558857878,3577.7882861328126,2983.746610107422,0.6008841417736414
2025-01-11,94566.59375,3282.2177734375,18860894100,11772144561,11.457059561067556,-0.0014250624978640047,97467.74703125,73292.77390625,0.4558743684293366,8.096274623329732,0.004497241268525798,3576.800625,2983.1825537109376,0.5983351844839956
2025-01-12,94488.4375,3265.951171875,20885130965,11647743556,11.456232751498558,-0.0008268095689984989,97401.97015625,73461.15970703126,0.45226864179401755,8.091306322982337,-0.004968300347394816,3574.1951806640627,2982.664923095703,0.5965574660129516
2025-01-13,94516.5234375,3135.499755859375,72978998252,39911742769,11.456529949387622,0.0002971978890649041,97332.02421875,73625.7183203125,0.4523349852907969,8.050543852119693,-0.04076247086264395,3569.6319775390625,2981.118419189453,0.6086019915071635
2025-01-14,96534.046875,3223.6845703125,53769675818,22847737224,11.477651042459183,0.021121093071560182,97400.65921875,73806.78787109375,0.44674298002277785,8.07828026084767,0.02773640872797678,3565.8347900390627,2980.368662109375,0.6127317387915034
2025-01-15,100504.4921875,3450.53759765625,57805923627,25991614661,11.51795770386541,0.04030666140622685,97571.04265625,74004.8734375,0.4668257930363847,8.146285323293496,0.06800506244582571,3568.3151953125,2980.7565112304687,0.6642800625464783
2025-01-16,99756.90625,3308.34521484375,54103781805,26395516475,11.51049156794441,-0.007466135920999761,97646.93015625,74190.26650390626,0.467120508955548,8.104203408269372,-0.04208191502412362,3561.3371142578126,2980.133791503906,0.6732036601085795
2025-01-17,104462.0390625,3474.107177734375,71888972663,28200207229,11.556579021831368,0.04608745388695823,97823.1215625,74398.316796875,0.44909477615707744,8.153092797716743,0.0488893894473712,3559.22302734375,2980.302619628906,0.655171002516357
2025-01-18,104408.0703125,3305.78955078125,50445655726,32420094038,11.556062253286912,-0.0005167685444558145,97962.0525,74610.2120703125,0.43830103976868756,8.10343061960381,-0.04966217811293383,3553.4689306640626,2979.7497937011717,0.647671386465153
2025-01-19,101089.609375,3208.96435546875,76789928525,57242875399,11.523762624009665,-0.03229962927724728,98054.86359375,74814.7905078125,0.45458264299823037,8.073703533372488,-0.02972708623132192,3543.534111328125,2979.3300317382814,0.6521417195072092
2025-01-20,102016.6640625,3278.035400390625,126279678351,52383187336,11.53289145208423,0.009128828074565831,98149.60109375,75039.9853125,0.45477604512795106,8.094999558632473,0.02129602525998564,3534.8715185546876,2980.447598876953,0.6431086597657604
2025-01-21,106146.265625,3327.40625,88733878242,32804001146,11.572573286342994,0.03968183425876326,98355.2203125,75287.404765625,0.4652242118794473,8.10994837556733,0.014948816934856168,3528.535673828125,2982.176636962891,0.6421375856754719
2025-01-22,103653.0703125,3240.224609375,53878181052,22171220981,11.548804739349952,-0.02376854699304154,98508.2384375,75514.152421875,0.4742634125533617,8.08339793026476,-0.026550445302570225,3520.9259326171873,2983.030870361328,0.6313921648397869
2025-01-23,103960.171875,3334.714111328125,104104515428,32419520084,11.551763142034167,0.002958402684214434,98612.07125,75754.707734375,0.453748635922733,8.112142230935541,0.028744300670782152,3510.79359375,2985.0575048828123,0.63497612609536
2025-01-24,104819.484375,3309.554931640625,52388229265,25578325671,11.559994953196949,0.00823181116278171,98776.58953125,75995.27966796875,0.4540436363126622,8.104568997590325,-0.0075732333452158684,3500.7645263671875,2986.511619873047,0.6352816246376997
2025-01-25,104714.6484375,3317.26953125,23888996502,13744316078,11.558994295739945,-0.0010006574570038396,98872.46828125,76228.80677734375,0.43339426127175174,8.106897293182769,0.002328295592443297,3486.9937060546877,2987.777802734375,0.6135832056871064
2025-01-26,102682.5,3236.13427734375,22543395879,14471528757,11.53939698217602,-0.019597313563924246,98927.6515625,76453.506796875,0.43489458233358097,8.082134772170322,-0.02476252101244647,3471.6625390625,2988.447380371094,0.6195709007199244
2025-01-27,102087.6875,3178.92041015625,89006608428,39412486482,11.533587404324573,-0.005809577851447756,98944.685,76677.2206640625,0.43500898080382117,8.064296924471646,-0.0178378476986758,3455.12685546875,2988.8403283691405,0.6172933944844214
2025-01-28,101332.4765625,3077.112548828125,47180685494,20718206194,11.526162236709176,-0.007425167615396688,99022.68015625,76894.38572265625,0.43073050512600464,8.031746952107808,-0.03254997236383872,3442.2952978515623,2988.55509765625,0.6250121066821144
2025-01-29,103703.2109375,3112.9990234375,47432049818,22727786058,11.549288357455707,0.023126120746530532,99163.23578125,77116.74201171874,0.4341364896904546,8.043341856736934,0.011594904629125935,3431.918603515625,2988.2340991210935,0.6268335380002492
2025-01-30,104735.3046875,3247.780029296875,41915744521,19958405782,11.559191538563434,0.009903181107727477,99234.48125,77336.4795703125,0.43436387091038586,8.085726974017955,0.04238511728102168,3420.217763671875,2988.2526037597654,0.6457475554423491
2025-01-31,102405.0234375,3298.26513671875,45732764360,30128115902,11.536691047391125,-0.022500491172309012,99281.72171875,77524.15392578125,0.44311789494992887,8.101151893071554,0.015424919053598884,3408.52103515625,2987.2961657714845,0.6478053999748782
2025-02-01,100655.90625,3118.32861328125,27757944848,19917507079,11.519463110419297,-0.017227936971828228,99265.6546875,77701.94771484374,0.44030608661097764,8.045052436393156,-0.056099456678397885,3392.6635009765623,2985.670241699219,0.6668121787096282
2025-02-02,97688.9765625,2868.69287109375,63091816853,42060930305,11.489544002212748,-0.029919108206549083,99191.97484375,77869.7986328125,0.4514053890303813,7.961611759394878,-0.08344067699827828,3372.6692529296874,2983.0699438476563,0.7005870215404876
2025-02-03,101405.421875,2884.566650390625,115400897748,92453553253,11.526881838877394,0.03733783666464596,99134.109375,78056.95541015625,0.46997496914662984,7.967129959823001,0.005518200428123343,3351.3217626953124,2980.361484375,0.6977082309948761
2025-02-04,97871.8203125,2735.05126953125,73002130211,48795275985,11.491413945536776,-0.03546789334061806,98970.95140625,78212.76373046875,0.48694546201599637,7.913905460395648,-0.053224499427353855,3326.2731689453126,2976.50806640625,0.7153265569289284
2025-02-05,96615.4453125,2787.779052734375,49125911241,31960764447,11.478493896783021,-0.012920048753754187,98780.44828125,78360.02271484376,0.4692531888281016,7.9330005193621025,0.019095058966454914,3304.293427734375,2972.850484619141,0.7172779546054802
2025-02-06,96593.296875,2688.40087890625,45302471947,29500645692,11.478264627265025,-0.00022926951799639994,98711.4834375,78502.21658203125,0.4331973609980449,7.896701827021159,-0.036298692340943184,3285.6856201171877,2968.609461669922,0.6684489040934127
2025-02-07,96529.0859375,2622.211181640625,55741290456,29526663418,11.477599650591364,-0.0006649766736614993,98692.24609375,78646.93576171875,0.4274865759111415,7.871773203277331,-0.024928623743828204,3269.7712841796874,2964.51841796875,0.670501715465436
2025-02-08,96482.453125,2632.308349609375,22447526395,17059263074,11.477116437891917,-0.00048321269944651135,98666.7765625,78799.70966796875,0.4155929209235962,7.8756164396901065,0.003843236412775397,3252.9663818359377,2960.26998046875,0.6656245439996973
2025-02-09,96500.09375,2628.72119140625,27732901800,17517088276,11.477299258829197,0.00018282093727961524,98652.28390625,78955.34947265625,0.4077443113257958,7.874252767910258,-0.0013636717798481968,3238.796357421875,2956.7318896484376,0.6614169971769962
2025-02-10,97437.5546875,2661.166748046875,40078962391,19414208113,11.48696698705719,0.009667728227993777,98698.93625,79113.65111328124,0.4088758815503581,7.886519932692297,0.012267164782038265,3226.4689892578126,2954.165587158203,0.6637053136513186
2025-02-11,95747.4296875,2602.781982421875,37488783272,21156550492,11.469469062687807,-0.017497924369383355,98720.16,79252.82794921874,0.4139157523473327,7.864336145214002,-0.022183787478294192,3210.2089208984376,2950.7997399902342,0.6657579968922814
2025-02-12,97885.859375,2736.902099609375,49340445530,26919387954,11.491557378607155,0.02208831591934768,98704.3553125,79403.19056640625,0.42074295025020214,7.91458193916798,0.05024579395397755,3195.105966796875,2948.2462109375,0.6840714218261754
2025-02-13,96623.8671875,2675.902587890625,37147280860,19481004625,11.478581062017636,-0.012976316589519143,98650.84875,79545.03056640625,0.4171853564949245,7.892042018451997,-0.022539920715982653,3178.7593115234376,2945.268400878906,0.676660390428157
2025-02-14,97508.96875,2726.091552734375,32697987277,17732289901,11.487699639934865,0.009118577917229587,98685.1178125,79698.47583984376,0.39275756784883803,7.9106241967014554,0.01858217824945818,3166.6566259765623,2942.296162109375,0.6286970216836972
2025-02-15,97580.3515625,2693.559814453125,17047266288,10803019357,11.488431436176414,0.0007317962415491763,98753.42765625,79855.37251953124,0.3921015089304826,7.898618948836381,-0.012005247865074509,3153.949482421875,2939.370622558594,0.616727644865494
2025-02-16,96175.03125,2663.31591796875,16536755396,10593602117,11.473925052548958,-0.014506383627455932,98773.6496875,80013.15142578125,0.3563655471541752,7.887327211135443,-0.01129173770093761,3139.25775390625,2936.5307238769533,0.5830726632779706
2025-02-17,95773.3828125,2743.19970703125,27336550690,24170425078,11.469740084148297,-0.004184968400661404,98818.5128125,80165.23083984375,0.3563052473729218,7.916880294350531,0.029553083215088094,3127.1314794921873,2934.2389001464844,0.5787545503486842
2025-02-18,95539.546875,2669.3388671875,37325720482,23004152928,11.467295544154812,-0.002444539993485151,98876.43953125,80335.8532421875,0.34012699586656603,7.8895861054469885,-0.02729418890354296,3113.3904052734374,2932.655528564453,0.5775717478646415
2025-02-19,96635.609375,2715.77099609375,28990872862,15272401903,11.478702579344736,0.01140703518992403,98940.56765625,80515.6308203125,0.34114657155452033,7.906831168516138,0.017245063069149857,3101.0551904296876,2931.7174548339844,0.5753184711056794
2025-02-20,98333.9375,2740.386474609375,31668022771,15917259320,11.496124490702769,0.01742191135803317,99018.85125,80716.715625,0.31490050000742464,7.915854238563132,0.009023070046993986,3088.7928369140627,2931.987392578125,0.5729337806086434
2025-02-21,96125.546875,2659.655517578125,49608706470,31441524621,11.473410395998524,-0.022714094704245014,99003.6246875,80927.38607421875,0.31402643381591583,7.885951888719413,-0.0299023498437192,3072.958095703125,2933.199638671875,0.5745294834400757
2025-02-22,96577.7578125,2764.029296875,18353824477,16403164397,11.47810374330072,0.004693347302195505,98973.03125,81130.10328125,0.3144649117022556,7.92444478427965,0.03849289556023727,3056.138486328125,2934.7261657714844,0.5830173192978892
2025-02-23,96273.921875,2821.310302734375,16999478976,20493767269,11.474952760230378,-0.00315098307034134,98933.78515625,81336.3355859375,0.31209354995740846,7.944956702377174,0.020511918097523285,3039.410556640625,2937.1497705078127,0.590402516338475
2025-02-24,91418.171875,2513.8212890625,44046480529,29127380459,11.423199554693888,-0.051753205536490654,98795.849375,81484.87576171875,0.35552550301896774,7.829559300331677,-0.11539740204549709,3017.0049072265624,2936.3021130371094,0.7032287113412097
2025-02-25,88736.171875,2493.592529296875,92139104128,40044790246,11.39342288533889,-0.02977666935499812,98529.01109375,81624.1560546875,0.3626579881055559,7.821479732497755,-0.008079567833921608,2993.10453125,2935.772082519531,0.7009993610932309
2025-02-26,84347.0234375,2331.45263671875,64597492134,28815111323,11.34269479911792,-0.05072808622096936,98277.4975,81741.162109375,0.3964042086507486,7.754246801531525,-0.06723293096623006,2972.1020361328124,2934.3792309570313,0.7296995810343663
2025-02-27,84704.2265625,2305.484375,52659591954,24286213447,11.34692077977887,0.004225980660949702,98070.7115625,81871.0858203125,0.39809096641776165,7.743046074352053,-0.011200727179471848,2951.68513671875,2933.140391845703,0.7253056842229493
2025-02-28,84373.0078125,2237.9052734375,83610570576,35737904667,11.343002816784972,-0.003917962993897461,97908.4909375,81996.17828125,0.38414070011389095,7.713295561540648,-0.02975051281140484,2932.05462890625,2930.7077587890626,0.7244193244284661
2025-03-01,86031.9140625,2216.643310546875,29190628396,16135258239,11.36247360014739,0.01947078336241681,97735.10015625,82123.29001953125,0.3907927054188977,7.7037493083308854,-0.009546253209762767,2911.0376953125,2928.272615966797,0.6984312235079733
2025-03-02,94248.3515625,2519.694580078125,58398341092,34854193845,11.453688615104253,0.09121501495686424,97728.7353125,82300.8454296875,0.5142094423141159,7.831892974778655,0.12814366644776953,2895.7872314453125,2927.556514892578,0.8498730188662874
2025-03-03,86065.671875,2145.573974609375,70072228536,31473561910,11.362865910274797,-0.09082270482945631,97560.28,82443.37330078126,0.5975772069047769,7.671162382797518,-0.16073059198113704,2873.3796875,2925.433946533203,0.9897460909630738
2025-03-04,87222.1953125,2170.01513671875,68095241474,33935738380,11.37621411090917,0.013348200634373697,97414.3934375,82585.01375,0.5941163991700817,7.682489421956605,0.011327039159087171,2854.0699951171873,2923.3180895996093,0.958929433092143
2025-03-05,90623.5625,2241.977294921875,50498988027,22105432727,11.414469529962206,0.03825541905303531,97296.18375,82740.73669921875,0.5949237057553258,7.7151134764273355,0.03262405447073036,2834.435849609375,2921.4552416992187,0.9688128682549852
2025-03-06,89961.7265625,2202.476806640625,47749810486,18509069102,11.40713959844688,-0.007329931515325683,97085.3284375,82898.1255078125,0.5840370231329722,7.697337827285252,-0.017775649142083516,2809.4746337890624,2919.40083984375,0.9559756099797746
2025-03-07,86742.671875,2138.987548828125,65945677657,22425792863,11.37070122017757,-0.036438378269309624,96825.04375,83034.3716015625,0.5948231328135783,7.668087888040744,-0.029249939244508028,2786.08748046875,2916.9092456054686,0.9540978481446146
2025-03-08,86154.59375,2201.51025390625,18206118081,10533204814,11.36389856322745,-0.0068026569501213885,96458.89484375,83170.08060546876,0.5947971665654722,7.6968988828757405,0.028810994834996606,2760.6355419921874,2915.0512622070314,0.9575285312213206
2025-03-09,80601.0390625,2015.5091552734373,30899345977,16103964994,11.297266820005916,-0.06663174322153331,95982.75421875,83267.20984375,0.6336420183861886,7.608627124979767,-0.0882717578959733,2734.8299340820313,2911.971830444336,0.9974001211898625
2025-03-10,78532.0,1861.1513671875,54061099422,35005066442,11.27126146401864,-0.0260053559872766,95531.60203125,83357.9602734375,0.6370839182771225,7.528950589813662,-0.07967653516610529,2707.8736743164063,2908.1628302001955,1.026233402232593
2025-03-11,82862.2109375,1919.844970703125,54702837196,30898385863,11.324934398083764,0.05367293406512452,95148.51296875,83451.79955078124,0.6709489863261473,7.559999717336365,0.031049127522702946,2680.709865722656,2903.939819946289,1.0364616684436774
2025-03-12,83722.359375,1908.982666015625,40353484454,22898872951,11.33526135789958,0.010326959815815329,94700.03484375,83549.51638671875,0.6711352626145299,7.554325743546034,-0.005673973790330855,2652.3413940429687,2899.6377850341796,1.0333915755899161
2025-03-13,81066.703125,1862.9696044921875,31412940153,17977225564,11.303027590138669,-0.03223376776091058,94248.3075,83633.1821875,0.6765200090176327,7.529927055112714,-0.024398688433319826,2624.7962939453123,2895.2068444824217,1.033720128036259
2025-03-14,83969.1015625,1909.467529296875,29588112414,12122715282,11.338204171614592,0.035176581475923285,93848.48609375,83738.62439453125,0.6847398569172867,7.554579701701336,0.02465264658862143,2596.2913623046875,2891.347479248047,1.018329430009772
2025-03-15,84343.109375,1937.3946533203125,13650491277,6456484591,11.342648393765865,0.004444222151272825,93438.95859375,83862.81927734375,0.6849176716929833,7.569099387269427,0.014519685568091134,2568.8481567382814,2888.7408197021487,1.0217006873223615
2025-03-16,82579.6875,1887.43505859375,21330270174,9292997638,11.32151901522367,-0.0211293785421951,92996.259375,83980.57958984375,0.6854567271273793,7.542974074488232,-0.02612531278119512,2540.251467285156,2885.5359173583984,1.0174299156699118
2025-03-17,84075.6875,1927.0029296875,25092785558,10436892087,11.339472713797754,0.017953698574084243,92624.123125,84104.01712890626,0.6900566161567226,7.563721188749225,0.020747114260993627,2514.0688403320314,2882.526968383789,1.0239242839244025
2025-03-18,82718.5,1932.54345703125,24095774594,10170844746,11.32319855611556,-0.016274157682193646,92236.739375,84222.01224609376,0.6903917185687855,7.566592267676397,0.002871078927171311,2489.141301269531,2879.5605755615234,1.025092966638401
2025-03-19,86854.2265625,2057.7490234375,34931960257,20065206266,11.37198643556862,0.04878787945306051,91947.174375,84361.43388671875,0.7154725589845051,7.629367957274825,0.06277568959842839,2468.7540307617187,2877.28235168457,1.0478074426267652
2025-03-20,84167.1953125,1982.099853515625,29028988961,13217865782,11.34056051995031,-0.03142591561831054,91556.4540625,84495.642421875,0.7221677330134462,7.591912093800322,-0.037455863474503026,2446.1360473632812,2875.053339233398,1.0505650791576029
2025-03-21,84043.2421875,1964.8475341796875,19030452299,9708125480,11.339086733314021,-0.001473786636289276,91142.6128125,84620.29623046875,0.7200531114408684,7.583169930544793,-0.0087421632555289,2420.4773974609375,2872.186640625,1.0460074704422786
2025-03-22,83832.484375,1980.037841796875,9863214091,6117036512,11.336575853062984,-0.002510880251037406,90771.16203125,84752.30353515624,0.715705131160855,7.590871235524572,0.007701304979779167,2394.1128515625,2869.983811035156,1.0457024941803685
2025-03-23,86054.375,2005.2991943359373,12594615537,7522339707,11.362734642880659,0.026158789817674943,90479.13140625,84892.71771484375,0.7210363855496117,7.6035485527155595,0.012677317190987303,2371.8522631835935,2867.76542175293,1.0464763761399258
2025-03-24,87498.9140625,2077.47900390625,34582604933,14044912402,11.379381661554406,0.016647018673747738,90275.33015625,85049.40984375,0.7239850113098181,7.638910420255549,0.035361867539989156,2356.027985839844,2866.31412902832,1.044727866968727
2025-03-25,87471.703125,2067.76416015625,30005840049,11735658914,11.379070627185817,-0.0003110343685897021,89996.65578125,85217.02458984376,0.7240596765704979,7.634223186647347,-0.00468723360820178,2339.6919360351562,2865.5335675048827,1.039294738297444
2025-03-26,86900.8828125,2009.1893310546875,26704046038,13178523590,11.372523470148947,-0.006547157036870033,89777.23703125,85380.83056640625,0.7027593394072561,7.605486601815349,-0.028736584831998258,2325.174697265625,2864.2089782714843,0.9707556193145239
2025-03-27,87177.1015625,2002.357421875,24413471941,11593274543,11.375696978652183,0.0031735085032362775,89588.47015625,85542.5082421875,0.6955454478093496,7.602080476345248,-0.0034061254701009958,2309.4662646484376,2862.7343005371094,0.9708554926650927
2025-03-28,84353.1484375,1895.5029296875,34198619509,18160526498,11.342767413151854,-0.03292956550032855,89343.6671875,85679.17630859376,0.6820371319836415,7.54723948055662,-0.054840995788628,2293.6083056640623,2860.419404296875,0.9621526277272814
2025-03-29,82597.5859375,1827.3203125,16969396135,12194771785,11.321735733143727,-0.02103168000812694,89065.0371875,85803.92068359375,0.6857485278833749,7.5106058625763845,-0.03663361798023512,2277.71048828125,2857.6081005859373,0.9676573092128482
2025-03-30,82334.5234375,1806.2186279296875,14763760943,9854857162,11.318545781544014,-0.0031899515997135808,88782.07859375,85928.87744140625,0.6857120945072956,7.498990783089664,-0.011615079486720248,2261.1886938476564,2854.939985961914,0.964529828062213
2025-03-31,82548.9140625,1823.47998046875,29004228247,15765030938,11.32114629435563,0.00260051281161644,88503.055,86050.986953125,0.6819450217640419,7.508502031558773,0.009511248469109113,2245.083869628906,2852.2484771728514,0.9662214656974275
2025-04-01,85169.171875,1905.491455078125,28175650319,15001220420,11.352394814887198,0.03124852053156779,88257.68734375,86173.97630859374,0.6074795965268128,7.55249523595756,0.04399320439878629,2229.970363769531,2849.5678985595705,0.85703594293024
2025-04-02,82485.7109375,1795.313232421875,47584398470,22593742104,11.320380356564213,-0.032014458322985107,87992.45296875,86286.3792578125,0.5307147291668711,7.492934788440539,-0.05956044751702105,2213.820988769531,2846.4514862060546,0.6880605015624716
2025-04-03,83102.828125,1815.63720703125,36852112080,16450974373,11.327834013056254,0.007453656492041105,87696.79234375,86405.97921875,0.5290464293034849,7.504191763339533,0.011256974898994798,2195.3956909179688,2843.9251861572266,0.6880384133677706
2025-04-04,83843.8046875,1815.335205078125,45157640207,18061720814,11.33671087886276,0.008876865806506373,87441.19109375,86534.235703125,0.5107911070346266,7.50402541564005,-0.00016634769948353778,2178.184343261719,2841.525443725586,0.6742733902538529
2025-04-05,83504.796875,1805.9732666015625,14380803631,6374712479,11.332659356793688,-0.004051522069072888,87161.10765625,86650.2169921875,0.5105363044843507,7.498854931321172,-0.00517048431887801,2159.7819775390626,2838.8467712402344,0.6731791271316672
2025-04-06,78214.484375,1576.72802734375,36294853736,22154445576,11.267210131568591,-0.06544922522509644,86773.7903125,86733.041015625,0.5437684025600097,7.363107110037593,-0.1357478212835792,2137.445341796875,2834.881766357422,0.8073654855529474
2025-04-07,79235.3359375,1555.240966796875,91262424987,46073959047,11.28017763912939,0.012967507560798452,86434.99640625,86814.51541015625,0.5465993883714948,7.349385775178213,-0.013721334859379652,2115.2838427734373,2830.3342102050783,0.7950585536619906
2025-04-08,76271.953125,1472.5531005859375,48314590749,21315312919,11.24206056286764,-0.03811707626174865,86044.9678125,86879.91029296875,0.5126786746511192,7.294752976394005,-0.05463279878420835,2089.8709106445312,2824.8916156005857,0.7621996304170285
2025-04-09,82573.953125,1668.0400390625,84213627038,39252195855,11.321449572310021,0.07938900944238014,85785.6559375,86975.805859375,0.5778196468680226,7.419404586864708,0.12465161047070339,2069.844934082031,2820.1525299072264,0.856100828549307
2025-04-10,79626.140625,1522.518798828125,44718000633,21379604307,11.285097717732617,-0.0363518545774042,85445.4665625,87055.6930078125,0.5609282497804169,7.328121346849779,-0.09128324001492949,2045.9798901367187,2814.8508111572264,0.8989594421108537
2025-04-11,83404.8359375,1567.1497802734375,41656778779,14871838813,11.33146157152789,0.04636385379527397,85146.88453125,87156.06818359374,0.5839634969391556,7.357013821880965,0.02889247503118675,2022.51515625,2809.443828125,0.9079943035114414
2025-04-12,85287.109375,1643.528564453125,24258059104,12110995013,11.353778601016458,0.022317029488567286,84930.11578125,87260.99388671874,0.5771742530404663,7.404600773210693,0.04758695132972779,2002.1926171875,2804.389696044922,0.9247739090926622
2025-04-13,83684.9765625,1596.685791015625,28796984817,13909890792,11.334814748879587,-0.018963852136870685,84672.26015625,87363.703046875,0.5684700273221639,7.3756853793367005,-0.028915393873992556,1978.8457470703124,2799.476181640625,0.9226287269106511
2025-04-14,84542.390625,1622.7698974609375,34090769777,16518325094,11.345008351755032,0.010193602875444796,84437.62953125,87460.50990234375,0.5694031002129559,7.391889781407309,0.016204402070608026,1954.8749389648438,2794.4290313720703,0.9231180550959562
2025-04-15,83668.9921875,1588.6324462890625,28040322885,13175452875,11.334623724129257,-0.010384627625775522,84282.6459375,87549.90154296876,0.5655867401989917,7.37062882844536,-0.0212609529619483,1936.371162109375,2788.8926904296877,0.9219322882953862
2025-04-16,84033.8671875,1578.1053466796875,29617804112,15339621551,11.33897517737348,0.004351453244224146,84188.59984375,87640.63263671874,0.5622647498097402,7.363980258797069,-0.006648569648291414,1918.0614184570313,2783.3955218505857,0.9169630583050727
2025-04-17,84895.75,1582.54833984375,21276866029,11312160796,11.349179312153636,0.010204134780154916,84199.574375,87736.93486328125,0.5602103709194065,7.3667917000565355,0.0028114412594666405,1903.0833325195313,2778.011528930664,0.9169552814831253
2025-04-18,84450.8046875,1588.9246826171875,12728372364,7123507323,11.343924450757749,-0.005254861395886934,84194.5059375,87842.54138671875,0.5330831196908877,7.370812766179346,0.0040210661228101685,1888.752138671875,2772.940838623047,0.8832397718761523
2025-04-19,85063.4140625,1612.9228515625,15259300427,7168138700,11.351152305111253,0.007227854353503815,84208.3140625,87963.67341796875,0.5221958075854186,7.385803247819858,0.01499048164051242,1876.252490234375,2768.7608471679687,0.8806288945576396
2025-04-20,85174.3046875,1587.5142822265625,14664050812,7642784469,11.352455079155664,0.001302774044411592,84191.161875,88086.381015625,0.5221633600127087,7.369924727404526,-0.015878520415331998,1863.6699096679688,2764.872260131836,0.8811714533379197
2025-04-21,87518.90625,1579.7344970703125,41396190190,15403785611,11.379610120434208,0.027155041278543735,84056.57296875,88220.17853515624,0.5302398107697187,7.365012072071822,-0.004912655332703686,1844.8707080078125,2761.0219763183595,0.8796002674479511
2025-04-22,93441.890625,1757.3316650390625,55899038456,23747917555,11.445095031429704,0.06548491099549558,84204.09734375,88377.05060546874,0.5696015837814757,7.471551838180928,0.10653976610910565,1837.1058618164063,2757.734664916992,0.9636536782379792
2025-04-23,93699.109375,1796.104248046875,41719568821,22904644756,11.44784396311197,0.002748931682265976,84333.635625,88535.09640625,0.5673910125459292,7.493375291747154,0.021823453566225837,1829.6276440429688,2754.637026977539,0.9577618872916231
2025-04-24,93943.796875,1769.8316650390625,31483175315,15207402759,11.450451976850209,0.0026080137382393787,84400.0403125,88690.720625,0.5673144550321555,7.478639716547451,-0.014735575199702922,1820.1847314453125,2751.286396484375,0.9583813565020908
2025-04-25,94720.5,1786.634521484375,40915232364,17459399281,11.458685728820116,0.008233751969907388,84495.21578125,88853.13982421876,0.5667296536626812,7.488088973528379,0.009449256980928133,1811.8678857421876,2748.1105859375,0.9558233833006679
2025-04-26,94646.9296875,1821.881103515625,17612825123,11926379867,11.457908717521786,-0.0007770112983305211,84653.3009375,89015.71462890625,0.5668707127394256,7.50762481966189,0.019535846133511114,1805.5257568359375,2745.0207873535155,0.9593200406858866
2025-04-27,93754.84375,1792.864990234375,18090367764,11321944113,11.448438609164647,-0.009470108357138685,84805.3059375,89181.57833984375,0.5540523998815455,7.491570172518195,-0.016054647143695533,1797.3528515625,2742.143695068359,0.9424056980219156
2025-04-28,94978.75,1798.851806640625,32363449569,17043640437,11.461408461351107,0.012969852186460074,85092.86015625,89355.09958984375,0.5477446178089352,7.49490385514928,0.003333682631085466,1793.0197045898437,2739.2186645507813,0.9341167785623202
2025-04-29,94284.7890625,1799.1756591796875,25806129921,14734257744,11.454075151925663,-0.007333309425444412,85407.9159375,89514.2980859375,0.5486814474852184,7.49508387186289,0.00018001671360945437,1791.7801904296875,2736.031975708008,0.9332596599355216
2025-04-30,94207.3125,1793.775390625,28344679831,14810431362,11.45325308494014,-0.0008220669855223406,85634.81796875,89669.36953125,0.5489617669671958,7.492077834460014,-0.0030060374028755277,1789.258798828125,2732.618236694336,0.9326531828575898
2025-05-01,96492.3359375,1839.2215576171875,32875889623,15861442721,11.477218863836328,0.023965778896187118,85890.2175,89837.5743359375,0.5450531998130129,7.5170976945727475,0.025019860112733383,1787.8635766601562,2729.475959472656,0.9235523624988338
2025-05-02,96910.0703125,1842.7078857421875,26421924677,13570171872,11.481538717272652,0.004319853436324905,86207.08484375,89991.8940625,0.5292055432072632,7.518991445781481,0.001893751208733363,1787.4583422851563,2725.5449993896486,0.8992141206579692
2025-05-03,95891.796875,1833.8397216796875,15775154889,8344452620,11.47097571889175,-0.01056299838090169,86445.53875,90136.1475,0.532037312538613,7.514167256238274,-0.004824189543207069,1785.9457861328126,2721.6840881347657,0.8986251339839456
2025-05-04,94315.9765625,1808.59423828125,18198688416,8918979887,11.454405876991183,-0.01656984190056754,86644.99609375,90269.6637890625,0.5369471672882394,7.500305158567174,-0.013862097671100138,1783.3697778320313,2717.6715490722654,0.899989590185294
2025-05-05,94748.0546875,1819.697509765625,25816260327,11389336489,11.45897659173127,0.004570714740086856,86888.3634375,90406.4048828125,0.5361771349994897,7.506425562832041,0.006120404264867041,1782.0150268554687,2713.748669433594,0.9000544516293771
2025-05-06,96802.4765625,1815.0875244140625,26551275827,13206516310,11.480427857260743,0.021451265529472963,87142.89921875,90548.3233203125,0.47642880695367734,7.503888968353934,-0.002536594478106835,1779.77671875,2709.6163458251954,0.7549542979310946
2025-05-07,97032.3203125,1811.606689453125,76983822462,50540755039,11.482799401084966,0.00237154382422311,87429.175625,90691.67125,0.4762219366190332,7.50196940424155,-0.0019195641123834761,1777.3579833984375,2705.4310943603514,0.7524494365096147
2025-05-08,103241.4609375,2206.5146484375,69895404397,37777245241,11.544825804618712,0.06202640353374633,87756.9203125,90862.8700390625,0.48547898402463935,7.699169467453711,0.19720006321216044,1780.3332958984374,2702.73184753418,0.9793952108514605
2025-05-09,102970.8515625,2345.50732421875,58198593958,43766026875,11.542201232622427,-0.0026245719962858516,88132.9934375,91040.8850390625,0.4176885158367807,7.760257000432045,0.061087532978334025,1787.6014453125,2701.1308233642576,0.9113136525830257
2025-05-10,104696.328125,2582.422607421875,42276713994,30265913403,11.558819325804295,0.016618093181868687,88546.05515625,91227.5596484375,0.3877095424323077,7.8564832324602785,0.09622623202823366,1799.9529467773436,2700.941948852539,0.8796471165974576
2025-05-11,104106.359375,2510.23779296875,46285517406,26496368543,11.553168341834219,-0.00565098397007624,88951.53265625,91415.93046875,0.3667105260043491,7.828132765873008,-0.028350466587270695,1810.5569458007812,2700.947643432617,0.892967970721615
2025-05-12,102812.953125,2496.397705078125,63250475404,32121858921,11.54066662722695,-0.012501714607269676,89286.70421875,91589.1899609375,0.3689768062395831,7.822604053766934,-0.005528712106073641,1820.378916015625,2700.7571392822265,0.8883063455570974
2025-05-13,104169.8125,2680.129638671875,52608876410,33528741590,11.553777659034473,0.013111031807524043,89620.1221875,91776.826953125,0.358217360544017,7.8936204449737435,0.07101639120680936,1832.4319287109374,2701.9781170654296,0.8959919698084382
2025-05-14,103539.4140625,2610.063232421875,45956071155,26602676588,11.547707631395067,-0.006070027639406561,89941.47640625,91959.450546875,0.3610438997972461,7.867129727004832,-0.02649071796891178,1843.27791015625,2702.630416870117,0.9089110147084165
2025-05-15,103744.640625,2546.85693359375,50408241840,26637688883,11.549687780132189,0.001980148737121823,90278.3515625,92138.527265625,0.35619880558947065,7.842615302845786,-0.02451442415904559,1854.0312622070312,2702.8349981689453,0.9106517503202595
2025-05-16,103489.2890625,2536.297607421875,44386499364,21298907763,11.547223399013538,-0.0024643811186511044,90604.5953125,92306.434921875,0.3576676868387108,7.838460661756118,-0.004154641089668232,1864.7100659179687,2702.6897454833984,0.909921543769355
2025-05-17,103191.0859375,2475.75439453125,37898552742,18830706230,11.544337751724315,-0.0028856472892222484,90981.3540625,92458.787890625,0.3590763604466458,7.81430043443013,-0.02416022732598755,1876.3150952148437,2701.8787298583984,0.9195854838524883
2025-05-18,106446.0078125,2498.233642578125,49887082058,25005164865,11.575393166682723,0.031055414958407468,91458.3225,92629.320234375,0.3663711671415154,7.823339218168427,0.009038783738296807,1889.7333618164062,2701.0830352783205,0.9190035632440555
2025-05-19,105606.1796875,2529.166748046875,61761126647,27351331811,11.567472168310076,-0.007920998372647148,91923.755625,92806.2751953125,0.37041319582230947,7.835645178876332,0.012305960707904795,1904.19232421875,2701.1498724365233,0.9190547123613779
2025-05-20,106791.0859375,2524.173095703125,36515726122,23453322578,11.578629737020153,0.011157568710077115,92408.5990625,92992.81828125,0.37002967696597344,7.833668801223684,-0.0019763776526477983,1918.2061865234375,2701.2113104248047,0.9144445862433332
2025-05-21,109678.078125,2552.34716796875,78086364051,31952904125,11.605304791517028,0.02667505449687546,92898.7771875,93194.7623046875,0.3697130744134225,7.844768672817714,0.011099871594029587,1931.14330078125,2701.51770324707,0.9116564658449559
2025-05-22,111673.28125,2664.156982421875,70157575642,26596978352,11.623332755459392,0.018027963942364167,93482.52859375,93409.423125,0.3079733823483814,7.887642957259671,0.0428742844419574,1948.52017578125,2702.556361694336,0.8575076079977735
2025-05-23,107287.796875,2526.44189453125,67548133399,30536501878,11.583270193120399,-0.04006256233899386,93966.22796875,93606.8045703125,0.3472567242618029,7.834567226063083,-0.05307573119658837,1962.73626953125,2703.2034393310546,0.8880185739332932
2025-05-24,107791.15625,2530.646240234375,45903627163,11380899856,11.587950895594474,0.004680702474075815,94445.175,93798.9625390625,0.34718877595597086,7.83622998002732,0.001662753964237318,1977.042490234375,2703.7434173583983,0.8837824387154802
2025-05-25,109035.390625,2551.763916015625,47518041841,14556431364,11.59942779314566,0.011476897551185417,94955.786875,93965.9441015625,0.3478017109879167,7.8445401307871565,0.008310150759836432,1991.9583032226562,2702.881390991211,0.8838314448517
2025-05-26,109440.3671875,2564.138427734375,45950461571,14936610009,11.60313508799969,0.0037072948540295414,95580.30453125,94133.621640625,0.3472656198753065,7.849377805559174,0.004837674772017131,2011.7065112304688,2701.224155883789,0.8837163120081032
2025-05-27,108994.640625,2663.06982421875,57450176272,26264200536,11.599053991424485,-0.004081096575204057,96175.490625,94295.8674609375,0.34497159225819946,7.887234805604907,0.037857000045733,2033.8630883789062,2699.7280218505857,0.8826490628793477
2025-05-28,107802.328125,2682.212890625,49155377493,19087366068,11.588054533930693,-0.010999457493792164,96806.098125,94450.984765625,0.34813665643067204,7.894397438254777,0.007162632649870382,2058.0562841796873,2697.483363647461,0.8822119162398431
2025-05-29,105641.7578125,2632.65478515625,56022752042,27567479811,11.567809005921438,-0.020245528009255054,97267.45421875,94576.8226171875,0.3563471830366079,7.875748040059761,-0.01864939819501643,2077.3485791015623,2694.6899810791015,0.888165497307056
2025-05-30,103998.5703125,2529.943603515625,57655287183,24599403943,11.552132431033826,-0.015676574887612205,97754.9028125,94653.308046875,0.36248165670802995,7.835952290372572,-0.039795749687188575,2097.4970751953124,2690.4656341552736,0.9054502186511619
2025-05-31,104638.09375,2529.08740234375,38997843858,13992843765,11.558262949304142,0.006130518270316188,98179.56796875,94736.719453125,0.3549412390364973,7.8356138061138045,-0.0003384842587674797,2116.7358276367186,2686.8797845458985,0.9049915629552453
2025-06-01,105652.1015625,2536.266357421875,37397056873,13287852482,11.567906914587965,0.009643965283823164,98586.8678125,94812.059140625,0.35573172272752185,7.8384483405709275,0.0028345344571230058,2134.5905834960936,2683.5981365966795,0.9048833684409968
2025-06-02,105881.53125,2607.097412109375,45819706290,16744168824,11.570076118363398,0.0021692037754323934,99030.79890625,94905.2146484375,0.3524333123365716,7.865992778831656,0.027544438260728832,2154.7988159179686,2681.338880004883,0.904960841129098
2025-06-03,105432.46875,2593.2802734375,46196508367,18291179016,11.565825920307468,-0.004250198055929744,99448.60046875,94977.046953125,0.34625545691601395,7.860678868180942,-0.005313910650714071,2174.2090234375,2678.7900787353515,0.9024061311648309
2025-06-04,104731.984375,2608.64306640625,44544857105,18621211035,11.559159836119438,-0.0066660841880299415,99869.8603125,95047.9144921875,0.348118867437953,7.866585467194311,0.005906599013369096,2194.6092358398437,2676.1669244384766,0.902424009392939
2025-06-05,101575.953125,2416.28564453125,57479298400,26194462737,11.5285621042724,-0.03059773184703829,100220.70203125,95106.565,0.3611334210760118,7.789986782418387,-0.07659868477592457,2211.372841796875,2672.870044555664,0.9530039003956338
2025-06-06,104390.34375,2477.19482421875,48856653697,19407449565,11.55589245733686,0.02733035306446041,100610.59390625,95175.803515625,0.37212686878674084,7.814882079694192,0.02489529727580475,2229.265771484375,2669.216736450195,0.9535365059934301
2025-06-07,105615.625,2526.50537109375,38365033776,11664303387,11.567561603323854,0.011669145986994423,101033.8903125,95242.1626953125,0.3062584328095119,7.834592350632633,0.019710270938441354,2248.0173852539065,2666.2923431396484,0.6767981513964372
2025-06-08,105793.6484375,2510.787109375,36626232328,12097170203,11.569245762932221,0.0016841596083665422,101448.495,95299.4334765625,0.30602817081852113,7.8283515723593835,-0.0062407782732494255,2265.9746704101562,2663.485338745117,0.6460084367452217
2025-06-09,110294.1015625,2681.51708984375,55903193732,20605172560,11.610905727497089,0.04165996456486809,101950.8909375,95358.3803515625,0.3334517820953186,7.894137991642928,0.0657864192835449,2287.8547265625,2660.0876544189455,0.5971656558705917
2025-06-10,110257.234375,2813.517578125,54700101509,35555755055,11.610571409070163,-0.0003343184269262167,102405.6575,95414.678203125,0.3324836120626048,7.942190786632384,0.048052794989455805,2312.530388183594,2657.4972381591797,0.6088432297669432
2025-06-11,108686.625,2773.529296875,50842662052,30705408054,11.596224020460438,-0.014347388609724732,102710.5521875,95469.224921875,0.3335513859587321,7.9278759025817385,-0.014314884050645738,2332.8543408203127,2654.383767700195,0.6113043084315168
2025-06-12,105929.0546875,2651.795166015625,54843867968,25924959613,11.570524853615105,-0.025699166845333465,102955.15109375,95508.80109375,0.344358517595956,7.88299211077211,-0.04488379180962809,2349.9681591796875,2650.8244439697264,0.583244557788564
2025-06-13,106090.96875,2579.486083984375,69550440846,37986747138,11.572052200809496,0.0015273471943917372,103198.09453125,95573.744453125,0.3435366527536201,7.855345465820133,-0.027646644951976995,2366.161247558594,2646.654154663086,0.583910074613614
2025-06-14,105472.40625,2533.444091796875,38007870453,14285000473,11.566204645554832,-0.005847555254664627,103413.13265625,95641.1798828125,0.34428570024029953,7.837334957096736,-0.018010508723397045,2381.0974389648436,2642.6887884521484,0.5809616713468659
2025-06-15,105552.0234375,2546.837158203125,36744307742,13961893828,11.566959223509581,0.0007545779547495357,103631.23453125,95689.12734375,0.34411395345182105,7.84260753819001,0.005272581093273665,2395.5965600585937,2637.1367279052733,0.5810796790956334
2025-06-16,106796.7578125,2540.60498046875,50366626945,22792449577,11.57868284748657,0.011723623976989117,103892.0728125,95744.8487890625,0.3459884783287872,7.840157512938832,-0.0024500252511776566,2410.551359863281,2631.94069519043,0.5745511995492144
2025-06-17,104601.1171875,2510.761474609375,55964092176,25653232897,11.557909511124757,-0.02077333636181322,104084.52015625,95780.5467578125,0.3367007350409245,7.82834136245493,-0.011816150483902277,2424.789553222656,2626.5270306396483,0.5754199326969456
2025-06-18,104883.328125,2524.301513671875,47318089133,19873957905,11.560603850628619,0.0026943395038614426,104296.4909375,95822.718125,0.3358236451080113,7.833719675192047,0.005378312737116531,2439.2920703125,2620.62001159668,0.5740863170900953
2025-06-19,104684.2890625,2521.653564453125,37333806920,12782730709,11.558704328889347,-0.001899521739272103,104506.03046875,95859.740625,0.3333305939160602,7.832670141686172,-0.0010495335058742228,2453.8496337890624,2614.672454223633,0.5740565633318034
2025-06-20,103309.6015625,2407.30419921875,50951862476,22592586688,11.545485599118408,-0.013218729770938964,104642.37578125,95896.962109375,0.32096420567949446,7.786262810860704,-0.04640733082546866,2465.2112866210937,2608.487982788086,0.5946938283017436
2025-06-21,102257.40625,2300.49560546875,38360555118,16108791762,11.535248504044759,-0.010237095073648561,104749.3225,95928.2383203125,0.3138352002355888,7.7408798593432095,-0.04538295151749416,2474.367041015625,2601.88690246582,0.5906325830622214
2025-06-22,100987.140625,2228.213134765625,65536997201,28458151601,11.522748467172894,-0.01250003687186485,104851.229375,95939.3313671875,0.28631553148989053,7.708955258395394,-0.03192460094781513,2482.254509277344,2593.821312866211,0.5732675513101785
2025-06-23,105577.7734375,2421.824951171875,65237759656,26247439429,11.567203149288972,0.04445468211607739,105076.4653125,95984.2523828125,0.3285271024722271,7.7922766470056,0.083321388610206,2494.5191235351563,2586.875396118164,0.6494529999593852
2025-06-24,106045.6328125,2448.0087890625,48822986421,19539047009,11.571624778687559,0.004421629398587257,105302.416875,96014.8769921875,0.32615115207170997,7.80303023392908,0.01075358692347983,2507.0853491210937,2579.0863873291014,0.6499716052523773
2025-06-25,107361.2578125,2419.310302734375,51624120283,17158118625,11.583954667976112,0.012329889288553275,105513.5925,96052.0666015625,0.32906684019539567,7.791237779660743,-0.011792454268337416,2519.1698046875,2571.1694757080077,0.6505563280063517
2025-06-26,106960.0,2416.146728515625,43891990613,18300413888,11.580210211775825,-0.003744456200287516,105712.14609375,96080.6865234375,0.32902461696187546,7.789929289212092,-0.0013084904486504456,2531.26060546875,2563.221686401367,0.6345493903651356
2025-06-27,107088.4296875,2423.866943359375,45353692675,15309834970,11.581410217803425,0.0012000060276005087,105789.08546875,96128.965078125,0.3269296474245737,7.793119454329227,0.003190165117134214,2535.6076513671874,2556.7475689697267,0.6338803872232449
2025-06-28,107327.703125,2437.109375,30037708335,8273074809,11.583642079125463,0.002231861322037787,105876.2225,96182.2264453125,0.318904664672621,7.798567933619315,0.005448479290088848,2537.4396923828126,2550.773947143555,0.6321429518498894
2025-06-29,108385.5703125,2500.9599609375,35534874438,12500580479,11.593450243928729,0.00980816480326574,105950.00734375,96218.289140625,0.31497111954277934,7.824429921528159,0.02586198790884353,2535.810439453125,2544.1146368408204,0.6249268016136813
2025-06-30,107135.3359375,2486.46435546875,42064804590,16859727663,11.581848136076523,-0.011602107852205279,106010.586875,96253.7508203125,0.31766466626706513,7.818617042829341,-0.005812878698818302,2535.334970703125,2537.131450805664,0.6252134411715733
2025-07-01,105698.28125,2405.792724609375,44110692247,15025451796,11.568343911082794,-0.013504224993729608,106068.2934375,96274.9459375,0.3197949539406603,7.785634743450892,-0.032982299378448765,2533.52287109375,2529.6043878173828,0.635164064667842
2025-07-02,108859.3203125,2571.33544921875,56248657737,22792512025,11.59781168828415,0.02946777720135607,106162.08359375,96312.3776953125,0.33588117557376795,7.85218067297453,0.06654592952363814,2531.3469873046874,2523.119038696289,0.6713499264103495
2025-07-03,109647.9765625,2591.00732421875,50494742270,20873559425,11.605030300073393,0.007218611789243212,106284.25484375,96339.1241015625,0.33603952301499757,7.8598020073503765,0.007621334375846445,2530.965869140625,2516.314369506836,0.6716889907235976
2025-07-04,108034.3359375,2508.518310546875,42616442656,17222740209,11.590204380926025,-0.014825919147368083,106370.04875,96349.1471875,0.3396620495914679,7.8274475432984545,-0.032354464051921994,2530.1990966796875,2508.919556274414,0.6806321020986259
2025-07-05,108231.1796875,2517.280029296875,30615537520,9289382302,11.592024771049617,0.0018203901235924747,106464.8865625,96359.600078125,0.3199112031115654,7.830934244130419,0.003486700831964562,2529.8187451171875,2502.0721258544922,0.6241029427059314
2025-07-06,109232.0703125,2571.236572265625,36746020463,13190436110,11.601229983356587,0.009205212306969912,106585.70625,96405.552734375,0.3079541825074571,7.852142218694173,0.021207974563753673,2531.728388671875,2496.8343524169923,0.6224836087957799
2025-07-07,108299.8515625,2543.01318359375,45415696597,18440266947,11.592659062374107,-0.008570920982480246,106622.783125,96459.5972265625,0.30764365647232444,7.841104949676771,-0.011037269017402096,2532.6239794921876,2492.4597784423827,0.620237129323695
2025-07-08,108950.2734375,2615.505859375,44282204127,17537487206,11.598646850121796,0.0059877877476886,106689.665,96515.5689453125,0.3081586948311888,7.869212803058587,0.028107853381816206,2534.35076171875,2488.1745404052735,0.6272678546152242
2025-07-09,111326.5546875,2770.777587890625,57927418065,27229452849,11.620223095396678,0.021576245274882666,106780.374375,96586.0780859375,0.2816084288432098,7.926883277437602,0.05767047437901507,2539.2828515625,2485.3423162841796,0.6173366954659569
2025-07-10,115987.203125,2954.84521484375,95911605728,33929201261,11.661235146115105,0.04101205071842706,106906.556875,96690.4894140625,0.3153272793352815,7.991201547704742,0.06431827026714032,2547.3328125,2483.7288665771484,0.6352569296288211
2025-07-11,117516.9921875,2957.88623046875,86928361085,36226558863,11.674338216472403,0.013103070357297852,107023.43109375,96804.6431640625,0.3122792089699946,7.992230180891033,0.0010286331862907616,2553.2073974609375,2481.439370727539,0.6326577383875793
2025-07-12,117435.2265625,2942.91162109375,45524560304,16317198254,11.673642197267002,-0.0006960192054012992,107226.3796875,96898.438828125,0.2954839919021766,7.987154717573162,-0.0050754633178708985,2561.5367919921873,2478.6936798095703,0.61025404730027
2025-07-13,119116.1171875,2973.35888671875,49021091807,17361753131,11.687854071019887,0.014211873752884685,107452.87890625,96997.5234375,0.2977558423443698,7.9974475310569355,0.010292813483773422,2570.391044921875,2476.0942974853515,0.6001695430312777
2025-07-14,119849.703125,3013.350830078125,181746419401,36349290556,11.69399376280481,0.006139691784923684,107669.16515625,97117.794375,0.29576606655685467,8.01080797114311,0.013360440086175096,2579.622783203125,2474.5049224853515,0.5951588355016729
2025-07-15,117777.1875,3139.8896484375,98321661181,39013656112,11.676549876947018,-0.01744388585779255,107835.9015625,97235.856015625,0.3051436343207603,8.051942934475028,0.04113496333191691,2591.1378076171877,2473.5597857666016,0.6077840495715588
2025-07-16,118738.5078125,3371.5068359375,72162029070,46771354461,11.68467894089797,0.008129063950951476,108030.77890625,97353.72890625,0.30420319362916187,8.123115055738205,0.07117212126317796,2605.3065478515623,2473.427808227539,0.6464327421115433
2025-07-17,119289.84375,3476.784423828125,72363841798,47532846793,11.689311472441954,0.004632531543984797,108260.52921875,97482.5269921875,0.2912867455048446,8.153863129461103,0.030748073722897118,2621.197978515625,2474.064163208008,0.6458728042344908
2025-07-18,118003.2265625,3549.016357421875,77945799785,59198465810,11.678467246823969,-0.01084422561798526,108507.75859375,97609.3270703125,0.2960616869222375,8.174425761658663,0.02056263219756005,2639.5252099609374,2475.0272821044923,0.646424915115876
2025-07-19,117939.9765625,3595.273681640625,47564562765,26031719746,11.677931100830548,-0.0005361459934203339,108786.58671875,97731.8809375,0.2957619205177218,8.187375395669383,0.012949634010720246,2660.8318115234374,2476.340991821289,0.6448857467667031
2025-07-20,117300.7890625,3759.471435546875,57515447231,44600451066,11.672496761494473,-0.005434339336074956,109039.840625,97846.28609375,0.2912788726444592,8.23203365084983,0.044658255180447526,2685.4394921875,2478.37082824707,0.6191043181984562
2025-07-21,117439.5390625,3763.371337890625,69820091744,42611467663,11.673678918964107,0.0011821574696337933,109275.589375,97949.0494140625,0.2868279502429467,8.233070467066934,0.0010368162171037199,2709.981591796875,2479.9307220458986,0.5823351429735567
2025-07-22,119995.4140625,3749.1455078125,79217583118,45248868820,11.695208804888095,0.021529885923987635,109557.86703125,98058.4893359375,0.2858308302948478,8.229283228416044,-0.0037872386508901457,2732.8225537109374,2480.6514007568358,0.5608160113233994
2025-07-23,118754.9609375,3629.70361328125,66608604537,41283228953,11.684817497340072,-0.010391307548022866,109824.316875,98161.0830078125,0.25467599429361215,8.196906274691601,-0.032376953724442714,2753.5510205078126,2480.5113848876954,0.5340661835541382
2025-07-24,118368.0,3708.005615234375,72627318560,40377960354,11.68155369463218,-0.0032638027078917276,110097.0371875,98261.348203125,0.25589361782441344,8.218249441041227,0.02134316634962552,2775.538271484375,2480.880894165039,0.5346608655770209
2025-07-25,117635.8828125,3727.266845703125,104857024569,42264509577,11.675349393861838,-0.006204300770342286,110418.23578125,98339.1371875,0.25616021579243625,8.223430494904742,0.005181053863514862,2801.7578955078125,2481.0741717529295,0.5276507886171807
2025-07-26,117947.3671875,3741.39599609375,48508954046,24635287361,11.677993763158122,0.00264436929628431,110689.37625,98444.2605078125,0.25499515550177126,8.227214081751658,0.003783586846916265,2827.0419189453123,2482.873264770508,0.5260384886180418
2025-07-27,119448.4921875,3875.24658203125,54683390892,28897450394,11.690640529714889,0.012646766556766664,110966.03359375,98566.2853515625,0.2569499820666535,8.262364573835466,0.03515049208380816,2854.0167431640625,2485.6178509521483,0.5291351822295336
2025-07-28,117924.4765625,3787.42578125,64822943193,35831336149,11.677799669410366,-0.01284086030452336,111208.65015625,98693.4875390625,0.2632908198800106,8.239441853916055,-0.02292271991941064,2879.5495166015626,2488.457826538086,0.545029231304408
2025-07-29,117922.1484375,3793.454833984375,68463107433,35540435995,11.677779926706819,-1.974270354665464e-05,111361.21109375,98809.591015625,0.2623875103750532,8.241032448547866,0.00159059463181066,2901.788271484375,2491.087650756836,0.545345807994939
2025-07-30,117831.1875,3808.20166015625,68896148592,34392494235,11.677008264735191,-0.0007716619716280348,111512.69015625,98925.913984375,0.25757507151396336,8.24491235148289,0.003879902935024049,2921.681953125,2493.71757019043,0.5419765513457991
2025-07-31,115758.203125,3696.707763671875,69370346018,32839839444,11.65925883876782,-0.01774942596737006,111654.12171875,99032.2628125,0.2614311311515684,8.21519790892881,-0.029714442554080733,2940.1455224609376,2495.871353149414,0.5385039371735731
2025-08-01,113320.0859375,3488.365966796875,91294530181,46261558200,11.637971712305443,-0.021287126462377515,111801.94234375,99126.280625,0.25673218461359115,8.157188701198393,-0.05800920773041618,2956.8769384765624,2497.6356842041014,0.5612391134229648
2025-08-02,112526.9140625,3392.7412109375,56870866000,30165065282,11.630947708125328,-0.007024004180115284,111930.66125,99206.2449609375,0.2574322531573251,8.129393490415792,-0.027795210782601387,2973.142041015625,2498.4809674072267,0.5766453249689601
2025-08-03,114217.671875,3497.379150390625,48099615826,19363593865,11.645861309197253,0.014913601071924631,112105.5665625,99274.810859375,0.25551201165801324,8.159769152802026,0.030375662386234126,2992.4207421875,2498.7151751708984,0.561352352370402
2025-08-04,115071.8828125,3718.986083984375,35783028986,30905749658,11.653312280006578,0.007450970809324886,112295.96375,99351.3857421875,0.256256073294196,8.221206352047775,0.06143719924574853,3015.863720703125,2500.7683795166017,0.5872838781472423
2025-08-05,114141.4453125,3611.8994140625,61039182286,32778742296,11.645193706639756,-0.00811857336682209,112442.8575,99399.7827734375,0.257284302124365,8.191989066436635,-0.029217285611139232,3037.289609375,2501.457340698242,0.6045093398390601
2025-08-06,115028.0,3683.920654296875,56379133510,26924415763,11.652930855970235,0.007737149330479198,112651.39515625,99452.882421875,0.25555998661473717,8.211732859221666,0.01974379278503058,3060.75279296875,2503.3479962158203,0.5996912539910699
2025-08-07,117496.8984375,3914.325927734375,64051649681,38627826066,11.674167215941367,0.021236359971132046,112903.6665625,99534.9188671875,0.2639452513758988,8.272398416776857,0.06066555755519154,3088.55328125,2506.8748040771484,0.6208359410394703
2025-08-08,116688.7265625,4009.848876953125,59713005166,45460293892,11.667265211744633,-0.006902004196733813,113143.7553125,99608.2791796875,0.25665484591013693,8.296508833045104,0.024110416268246837,3118.3171875,2510.533871459961,0.6014769688993841
2025-08-09,116500.359375,4263.59912109375,54004312429,45279715746,11.665649636747084,-0.001615574997549274,113407.57046875,99660.0496484375,0.21367020928191627,8.357868946673143,0.06136011362803906,3155.4430859375,2515.2148358154295,0.5983385981642686
2025-08-10,119306.7578125,4254.2177734375,64755458694,36173931367,11.689453252018172,0.02380361527108832,113748.5575,99738.3180859375,0.22480624950148148,8.355666187077412,-0.0022027595957307966,3194.517529296875,2520.284801635742,0.5992049996257818
2025-08-11,118731.4453125,4226.966796875,90528784177,49989853803,11.684619459688586,-0.004833792329586473,114103.44359375,99812.174453125,0.22554629544438146,8.349239945526476,-0.006426241550936851,3234.4926025390623,2524.7460650634766,0.5997110397223601
2025-08-12,120172.90625,4590.9248046875,72803657984,57237189036,11.696686870101546,0.012067410412960555,114395.34625,99888.9415625,0.2240081674203615,8.43183676526244,0.082596819735965,3277.874599609375,2531.152914428711,0.648093645518845
2025-08-13,123344.0625,4756.27587890625,90904808795,62550014642,11.722732985411849,0.026046115310302653,114741.31484375,99982.0886328125,0.24068633446157597,8.46722026262673,0.035383497364289695,3324.03994140625,2538.347946166992,0.6521548392895601
2025-08-14,118359.578125,4548.16650390625,104055627395,75681632806,11.68148254217018,-0.04125044324166893,114961.28125,100060.4740234375,0.27541432722326253,8.422479464557858,-0.04474079806887232,3366.6170654296875,2544.9081072998047,0.6774930935488908
2025-08-15,117398.3515625,4439.98876953125,68665353159,55445715824,11.673328145072274,-0.008154397097905886,115170.04828125,100137.02734375,0.2753441441240128,8.398407126038219,-0.024072338519639302,3407.09390625,2551.2134490966796,0.6544782963484903
2025-08-16,117491.3515625,4426.18017578125,48036922378,26816931514,11.674120006134059,0.0007918610617849708,115378.10671875,100217.82171875,0.27478976956222306,8.395292228273446,-0.003114897764772806,3447.1401708984376,2557.9587872314455,0.6510801793558386
2025-08-17,117453.0625,4473.271484375,45852169525,31348101438,11.673794064672615,-0.0003259414614440459,115580.61390625,100286.5709765625,0.2722467834732157,8.405875295616303,0.010583067342857078,3487.8634130859373,2564.7601495361328,0.649594650849392
2025-08-18,116252.3125,4312.5048828125,72787808090,53518423360,11.663518215724869,-0.010275848947745914,115737.94875,100344.156015625,0.27452817703398924,8.369274193585351,-0.03660110203095179,3524.0943115234377,2570.0837738037108,0.6673203795994719
2025-08-19,112831.1796875,4073.464111328125,71657600353,50440367102,11.633647995519649,-0.02987022020522012,115851.865625,100396.286796875,0.29270768008303183,8.312249049432795,-0.057025144152555995,3555.834306640625,2573.959768676758,0.6872594854656585
2025-08-20,114274.7421875,4334.50048828125,67993811526,49577862965,11.646360847126518,0.01271285160686908,116023.39484375,100464.3809765625,0.2966722514065605,8.374361654958648,0.062112605525852516,3594.4084619140626,2580.0406280517577,0.7177698252074021
2025-08-21,112419.03125,4223.2099609375,57817883700,33618359942,11.629988519280012,-0.016372327846505996,116094.5890625,100538.03125,0.2899698913862431,8.348350772129825,-0.0260108828288228,3627.4459521484373,2586.8132135009764,0.7252281749916711
2025-08-22,116874.0859375,4831.3486328125,82528088240,75965521535,11.66885244570479,0.03886392642477787,116239.11125,100615.3745703125,0.32157645141769614,8.482880927715952,0.1345301555861269,3672.2527783203127,2596.547123413086,0.8439130062794326
2025-08-23,115374.328125,4776.09033203125,55377142586,36503623278,11.655937148386247,-0.012915297318542684,116385.91109375,100702.887109375,0.3243584590171058,8.471377568635463,-0.011503359080489162,3717.60421875,2606.752318725586,0.8459020801451057
2025-08-24,113458.4296875,4779.6474609375,73961489632,52405003873,11.639191790554744,-0.016745357831503327,116490.45609375,100787.10203125,0.32860309718241737,8.472122069823675,0.000744501188211899,3762.8515673828124,2616.7116607666017,0.846258526180337
2025-08-25,110124.3515625,4372.98779296875,85706860190,63936163545,11.609365475025912,-0.029826315528831415,116508.30171875,100854.7573046875,0.3430179518789377,8.383201759954359,-0.08892030986931587,3798.886591796875,2625.134595336914,0.9117178303706513
2025-08-26,111802.65625,4600.4267578125,69396320317,53829747706,11.62449059836544,0.015125123339528201,116578.3578125,100931.12515625,0.3444818505546966,8.433904351611497,0.05070259165713864,3840.03486328125,2635.0256732177736,0.9197268197380094
2025-08-27,111222.0625,4503.39306640625,62137056409,43509902322,11.61928404489617,-0.005206553469269792,116623.79359375,101004.823203125,0.3425389252401412,8.412586406389043,-0.02131794522245478,3877.792607421875,2644.381096801758,0.919114674048799
2025-08-28,112544.8046875,4507.177734375,58860155962,36045274078,11.631106685229488,0.01182264033331748,116648.15859375,101085.0467578125,0.3458536699278133,8.413426457097259,0.0008400507082164665,3912.5206103515625,2653.7733795166014,0.9191613717430569
2025-08-29,108410.8359375,4360.15283203125,77843379644,46899991962,11.593683325514826,-0.03742335971466204,116496.63125,101139.9131640625,0.367743638879578,8.380262388946907,-0.03316406815035222,3940.6267626953127,2662.2683099365236,0.9291361317144682
2025-08-30,108808.0703125,4374.1533203125,51486264208,25883112278,11.59734078631946,0.0036574608046340273,116322.4528125,101205.2163671875,0.36433912655681194,8.383468253277275,0.003205864330368513,3968.9521044921876,2671.1251666259764,0.9209326354081827
2025-08-31,108236.7109375,4390.01904296875,47986191770,26683044984,11.592075875626701,-0.005264910692758917,116138.4825,101256.970625,0.3579291340824222,8.387088843865902,0.0036205905886266265,3997.8942529296874,2679.3907513427735,0.8919827887532653
2025-09-01,109250.59375,4314.47021484375,66870372995,37530746508,11.601399547725677,0.009323672098975777,115941.17203125,101320.1042578125,0.3593102656304999,8.369729818423258,-0.017359025442644338,4024.7164794921873,2687.583589477539,0.8874927118395123
2025-09-02,111200.5859375,4325.36572265625,74776999491,39884692334,11.619090930006859,0.017691382281181944,115768.1896875,101388.56234375,0.36098397013890504,8.372251975942707,0.002522157519448953,4050.95677734375,2695.5799603271485,0.8839693540778253
2025-09-03,111723.2109375,4450.38916015625,61119643565,35260873497,11.623779760583265,0.004688830576405678,115647.11015625,101459.276640625,0.3603083993890371,8.400746823057112,0.02849484711440553,4077.166767578125,2704.364107055664,0.8657553199794429
2025-09-04,110723.6015625,4298.744140625,60131132901,34919798552,11.614792298885495,-0.008987461697769206,115486.81203125,101532.0194921875,0.3605376075819978,8.366078198703965,-0.03466862435314688,4095.711513671875,2712.5412481689455,0.8687487347806936
2025-09-05,110650.984375,4306.98876953125,60241647677,44163736676,11.614136241734247,-0.0006560571512483904,115314.03484375,101606.4075,0.35915967267274723,8.367994277558546,0.0019160788545811158,4112.315600585937,2720.360193481445,0.8673725203006667
2025-09-06,110224.6953125,4274.2421875,21500719036,18108246446,11.610276245990066,-0.003859995744180722,115158.46421875,101679.8332421875,0.34989407674400813,8.3603620995755,-0.007632177983046162,4126.8201171875,2728.384710083008,0.8448343244594072
2025-09-07,111167.6171875,4305.34765625,24618007520,17426783536,11.618794406045446,0.008518160055379198,115023.01703125,101752.49328125,0.3513779185386651,8.36761316998913,0.0072510704136306,4141.021596679688,2736.332593383789,0.84155534228524
2025-09-08,112071.4296875,4308.072265625,40212813407,32277142378,11.626891712058484,0.008097306013038263,114918.42984375,101821.1807421875,0.3530074710950852,8.368245812886048,0.0006326428969174458,4151.99361328125,2744.1710223388673,0.8141919366679731
2025-09-09,111530.546875,4309.04150390625,45984480722,30703320925,11.622053795365783,-0.004837916692700617,114800.25,101898.2057421875,0.3413235223882189,8.368470769480858,0.0002249565948098109,4162.907016601563,2752.4179522705076,0.8141403230576642
2025-09-10,113955.359375,4349.14599609375,56377473784,39521365146,11.643562066257605,0.021508270891821724,114679.44890625,101985.09375,0.35103950126035627,8.37773478207183,0.00926401259097176,4174.907026367187,2760.3435357666017,0.8143175114731217
2025-09-11,115507.5390625,4461.2333984375,45685065332,35959212991,11.657091080082177,0.013529013824571834,114614.50046875,102081.2618359375,0.35177984736481965,8.403180553516975,0.025445771445145482,4191.537622070313,2768.5431512451173,0.7651094644171794
2025-09-12,116101.578125,4715.24609375,54785725894,43839753626,11.662220760401526,0.005129680319349461,114569.17203125,102204.6788671875,0.33861968182444674,8.458556387501904,0.055375833984928846,4211.682431640625,2779.5502752685547,0.7800917116300695
2025-09-13,115950.5078125,4668.1796875,34549454947,34843845977,11.660918722255804,-0.001302038145722051,114535.46453125,102340.750546875,0.307614661475933,8.448524486131745,-0.010031901370158636,4230.500688476563,2790.4232110595703,0.7644359624172968
2025-09-14,115407.65625,4609.59765625,32798036057,28394160275,11.656225976176007,-0.004692746079797416,114484.6703125,102496.0537109375,0.30679267338256067,8.435895855880378,-0.012628630251366957,4247.864721679687,2801.8139361572266,0.7607701116427862
2025-09-15,115444.875,4526.8203125,52937859416,40224062009,11.656548422285832,0.00032244610982523625,114404.59796875,102649.756953125,0.3067708140417116,8.417775054247045,-0.018120801633333627,4260.896196289063,2812.9206158447264,0.76364877403086
2025-09-16,116843.1875,4503.564453125,45781744593,32761501436,11.668588037026513,0.01203961474068116,114382.9721875,102812.1078515625,0.30991863760998545,8.412624462906663,-0.005150591340381538,4275.218969726562,2824.248911743164,0.763070527701015
2025-09-17,116468.5078125,4592.7333984375,60528025996,44120899417,11.66537619623906,-0.0032118407874524024,114353.899375,102964.2908203125,0.3079940038423948,8.432230637450054,0.019606174543390864,4291.204541015625,2836.129362182617,0.7540623693075765
2025-09-18,117137.203125,4589.9189453125,49457272032,33497259158,11.671101203014183,0.005725006775122665,114340.0196875,103078.735078125,0.28888748221159904,8.431617643925359,-0.0006129935246956819,4306.83888671875,2846.480484008789,0.7234438454077151
2025-09-19,115688.859375,4470.9169921875,38828473971,30352619653,11.658659619652004,-0.012441583362178932,114338.6328125,103226.851015625,0.2896465804861758,8.405348810234637,-0.02626883369072175,4322.323071289063,2858.10719909668,0.6993382409285003
2025-09-20,115721.9609375,4482.265625,22864449614,18056494322,11.658945704483138,0.00028608483113323757,114386.6703125,103369.34984375,0.2832561861302565,8.407883917441907,0.0025351072072705705,4342.201064453125,2869.6684515380857,0.6924993685612775
2025-09-21,115306.09375,4451.3291015625,22495852193,19330306133,11.65534555611816,-0.0036001483649776844,114442.25390625,103492.7625,0.24831871385654547,8.400958005074362,-0.006925912367545806,4363.372822265625,2880.715210571289,0.50103953990181
2025-09-22,112748.5078125,4202.87744140625,70684158591,58221334533,11.632915022798413,-0.022430533319747425,114412.870625,103606.69640625,0.25641646081878244,8.343524674790823,-0.05743333028353881,4377.4827880859375,2890.717213745117,0.5355833800901996
2025-09-23,112014.5,4165.50390625,47211853279,32460075911,11.626383606183168,-0.0065314166152443676,114351.72296875,103733.055546875,0.25081985448879196,8.334592533177098,-0.008932141613724909,4386.41314453125,2900.8497955322264,0.5355085098129005
2025-09-24,113328.6328125,4153.46923828125,48044595085,33538388785,11.638047131880292,0.011663525697123589,114335.46671875,103868.9257421875,0.23054216845752765,8.331699225035557,-0.0028933081415409845,4397.244541015625,2910.6095904541016,0.4406589840489547
2025-09-25,109049.2890625,3868.333984375,75528654284,68963092031,11.599555252236676,-0.038491879643615334,114215.8925,104011.1669921875,0.26268357503972245,8.260579198340714,-0.07112002669484241,4400.932807617188,2919.8737145996092,0.46259620862076517
2025-09-26,109712.828125,4035.887939453125,57738288949,47873508328,11.605621577667234,0.00606632543055774,114060.21109375,104167.0711328125,0.26326259314024614,8.302981615838565,0.042402417497850564,4403.364047851563,2930.7473974609375,0.48833245678866805
2025-09-27,109681.9453125,4018.658203125,26308042910,20382555776,11.60534005033438,-0.00028152733285402576,113920.07546875,104301.1698046875,0.2595163335019312,8.298703345578854,-0.004278270259710837,4403.540234375,2941.241463623047,0.488065949107987
2025-09-28,112122.640625,4141.4765625,33371048505,24631307054,11.627348556776269,0.022008506441888898,113832.52109375,104443.1712109375,0.23584133979423197,8.32880766084085,0.03010431526199575,4401.097783203125,2952.4039331054687,0.49008450849712015
2025-09-29,114400.3828125,4217.341796875,60000147466,38560429932,11.647459704185348,0.02011114740907871,113734.39359375,104609.839609375,0.24487753314994434,8.34696030260216,0.018152641761309596,4400.360263671875,2964.175794067383,0.49472462118688093
2025-09-30,114056.0859375,4145.95751953125,58986330258,37679153330,11.644445588301108,-0.003014115884239388,113640.88640625,104760.27453125,0.24420010246676901,8.329889046809912,-0.01707125579224744,4398.740078125,2975.3582440185546,0.497435372479556
2025-10-01,118648.9296875,4351.1123046875,71328680132,46161664723,11.683924241068903,0.03947865276779439,113610.406875,104931.8036328125,0.2764948275963513,8.378186793623499,0.048297746813586784,4393.943828125,2987.4268322753906,0.5237856673978062
2025-10-02,120681.2578125,4487.923828125,71415163912,48074066058,11.700908115927499,0.016983874858595982,113557.15078125,105122.311484375,0.2760242625094157,8.409145474715586,0.03095868109208766,4388.576787109375,3000.4292761230467,0.5345965218007519
2025-10-03,122266.53125,4514.87060546875,83941392228,49603450230,11.713958623143924,0.013050507216425089,113635.28984375,105313.265703125,0.2783036844571579,8.415131806629507,0.005986331913920395,4387.910869140625,3013.3686145019533,0.5258414844950173
2025-10-04,122425.4296875,4489.197265625,36769171735,21832270764,11.715257386366279,0.0012987632223548928,113735.83140625,105511.8003515625,0.27501782799820945,8.409429182041185,-0.005702624588321825,4388.8950390625,3026.151883544922,0.5109690856507911
2025-10-05,123513.4765625,4515.4228515625,73689317763,44880806324,11.724105551060363,0.00884816469408456,113856.27390625,105695.0966015625,0.2752738200633387,8.415254116296865,0.005824934255679537,4390.679892578125,3038.440252685547,0.5111962945430556
2025-10-06,124752.53125,4687.771484375,72568881188,44992456374,11.734087303989076,0.00998175292871295,114002.26328125,105898.02328125,0.2747445653612778,8.452712585268227,0.03745846897136218,4394.969892578125,3051.9686108398437,0.5249834459298962
2025-10-07,121451.3828125,4451.15185546875,76149412513,54879425294,11.707269320223878,-0.026817983765198505,114106.2446875,106085.063984375,0.2945683486199748,8.40091818559154,-0.05179439967668742,4397.74283203125,3064.4001324462893,0.5584112321535917
2025-10-08,123354.8671875,4527.64794921875,65354305286,40456628235,11.722820579529266,0.015551259305388143,114316.7184375,106282.6758984375,0.2973423544994336,8.41795786712951,0.01703968153797142,4406.826508789062,3077.1381829833986,0.5611604410008496
2025-10-09,121705.5859375,4369.1435546875,74653009425,47903074596,11.709360177162216,-0.01346040236705015,114465.3353125,106460.931953125,0.30176338321437557,8.382322285973437,-0.03563558115607357,4407.5193701171875,3088.957404785156,0.5760554403358418
2025-10-10,113214.3671875,3843.0087890625,153125018868,97736621123,11.637038355315225,-0.07232182184699099,114481.24203125,106589.50921875,0.392747008594395,8.254010877593844,-0.12831140837959332,4399.915346679688,3097.7850537109375,0.7291330813736288
2025-10-11,110807.8828125,3750.611572265625,110236934340,62475475938,11.615553195281818,-0.02148516003340717,114359.91796875,106706.1901171875,0.3962958917607648,8.229674191604891,-0.024336685988952667,4378.30060546875,3106.1992907714844,0.7243840507447814
2025-10-12,115169.765625,4164.427734375,93710414091,61216174681,11.654162541625716,0.038609346343898565,114355.82671875,106847.53453125,0.41973551516640584,8.334334146451392,0.10465995484650037,4366.067353515625,3116.975482788086,0.7938252402007682
2025-10-13,115271.078125,4245.4677734375,71582026739,50253782420,11.655041834592005,0.0008792929662888582,114392.0796875,106988.0044140625,0.41973688086091476,8.353607286652746,0.01927314020135462,4355.383759765625,3128.191034545898,0.7976598808848466
2025-10-14,113118.6640625,4125.412109375,92212917403,67094148347,11.636192671146413,-0.01884916344559251,114451.9659375,107131.8319921875,0.4245229763989516,8.32492119908161,-0.028686087571136554,4350.43224609375,3139.340580444336,0.8020125003278792
2025-10-15,110783.1640625,3987.45947265625,72574132855,50462889453,11.615330092855514,-0.02086257829089888,114431.57609375,107272.7598828125,0.43029310610760724,8.290909583444272,-0.03401161563733801,4338.172900390625,3150.1412762451173,0.8075055154772497
2025-10-16,108186.0390625,3894.75439453125,87306423067,49147390731,11.591607608072334,-0.023722484783180064,114370.855625,107402.0174609375,0.4343239720606232,8.26738589971368,-0.023523683730591216,4326.000126953125,3160.583955078125,0.8103076988755396
2025-10-17,106467.7890625,3832.558837890625,99703051669,57404271888,11.575597768266984,-0.016009839805349202,114249.3153125,107521.6118359375,0.43685024138874884,8.251287962980536,-0.016097936733144635,4312.507749023437,3170.6293493652342,0.806310155632578
2025-10-18,107198.265625,3890.34619140625,37779905278,23815676385,11.582435348616691,0.00683758034970694,114225.06390625,107631.7573046875,0.4371468181913335,8.266253427872767,0.014965464892231495,4303.111616210937,3180.553623046875,0.809452653571053
2025-10-19,108666.7109375,3984.649658203125,47657008953,32870655221,11.596040779080958,0.013605430464266988,114222.23671875,107762.6623046875,0.43946796543176364,8.290204672228594,0.023951244355826518,4295.32154296875,3191.5003051757812,0.8121938331328398
2025-10-20,110588.9296875,3980.76025390625,63507793085,40224612563,11.613575269819298,0.017534490738340125,114269.28109375,107900.0928125,0.4447271643815947,8.289228098606168,-0.0009765736224256472,4287.1363671875,3202.3259204101564,0.8119393338756005
2025-10-21,108476.890625,3876.76416015625,101194375480,49960290350,11.594292439645802,-0.019282830173496635,114253.80703125,108023.2582421875,0.44899755338323555,8.262756105321904,-0.026471993284264528,4278.38224609375,3212.633065185547,0.8156932064483038
2025-10-22,107688.5859375,3808.122314453125,80807013218,46173305673,11.586998877374983,-0.0072935622708190095,114183.56703125,108144.1771875,0.44341309358316844,8.24489151578751,-0.01786458953439407,4268.037377929688,3222.6438104248045,0.7948503838918682
2025-10-23,110069.7265625,3856.0263671875,54944076060,36361652714,11.60886932179976,0.021870444424777702,114150.49734375,108303.4533984375,0.45039344949570137,8.25739249367062,0.012500977883110664,4256.150122070312,3234.0403021240236,0.7964489751231265
2025-10-24,111033.921875,3934.5673828125,48160816980,34090708715,11.617591036085024,0.00872171428526336,114156.70375,108462.446328125,0.44950262186144885,8.277556213972115,0.020163720301495047,4248.866586914062,3245.9369342041014,0.80038327079914
2025-10-25,111641.7265625,3953.470947265625,24707667305,15245229017,11.623050152977642,0.005459116892618354,114176.51859375,108639.2951953125,0.42862994673380894,8.28234919287278,0.0047929789006655454,4241.79623046875,3258.3415234375,0.7604418358101537
2025-10-26,114472.4453125,4157.9892578125,41708524143,29120786315,11.648089420722446,0.025039267744803695,114261.47359375,108798.78765625,0.4366079564503153,8.332786884915944,0.05043769204316284,4239.471171875,3270.79126953125,0.7664771205274278
2025-10-27,114119.328125,4120.1220703125,61761358733,40271333201,11.644999917867063,-0.0030895028553832304,114320.5078125,108971.25359375,0.43685512134143034,8.323638070621277,-0.009148814294666963,4235.76666015625,3283.779285888672,0.7670867839921087
2025-10-28,112956.1640625,3982.262451171875,64528066504,39684155177,11.634755093780251,-0.010244824086811377,114338.2025,109119.010234375,0.43209240532884025,8.289605391837416,-0.03403267878386096,4229.250463867187,3295.854849243164,0.7689013983410696
2025-10-29,110055.3046875,3903.35302734375,62192043469,35255876156,11.608738288314484,-0.026016805465767234,114308.69765625,109242.8512109375,0.4353464225606876,8.26959121334485,-0.02001417849256626,4221.136694335937,3307.1539715576173,0.7682688306832339
2025-10-30,108305.546875,3804.375244140625,69673964814,39981939289,11.592711649359865,-0.016026638954619088,114195.70140625,109365.9540625,0.43835048694927536,8.243907063421835,-0.025684149923014488,4210.241279296875,3318.1924188232424,0.7708966059979577
2025-10-31,109556.1640625,3847.080322265625,60090359560,37800100395,11.60419261055615,0.011480961196285833,114076.67390625,109491.0229296875,0.4155111837370081,8.255069781729967,0.011162718308131758,4197.958217773437,3329.3139709472657,0.7504883170577353
2025-11-01,110064.015625,3874.18798828125,25871668762,17490279524,11.608817435728643,0.004624825172491853,113955.92265625,109622.998046875,0.41036241862733175,8.262091368417192,0.007021586687224968,4181.137055664062,3340.7417486572267,0.7409972408691065
2025-11-02,110639.625,3911.063232421875,34284209459,20479611654,11.614033576961964,0.005216141233320926,113849.705,109756.0268359375,0.40738803279658825,8.271564542464724,0.009473174047531785,4165.9947265625,3352.4065380859374,0.7417415386100261
2025-11-03,106547.5234375,3602.30810546875,72852006359,53091469560,11.576346394060954,-0.03768718290100992,113672.50234375,109864.285703125,0.4241624973451165,8.189330059409484,-0.08223448305523995,4145.848935546875,3362.5053369140624,0.7894358044910273
2025-11-04,101590.5234375,3292.574462890625,110967184773,76827517773,11.528705536523345,-0.04764085753760838,113395.4153125,109949.984296875,0.44673456843207743,8.099425049273812,-0.08990501013567176,4121.164018554688,3371.0235858154297,0.8384454542929362
2025-11-05,103891.8359375,3425.171142578125,77584934804,46955882330,11.551105597845094,0.022400061321748765,113136.38828125,110044.12640625,0.4545375605061375,8.138906718083884,0.039481668810072534,4099.59615234375,3380.084827270508,0.8399312221534759
2025-11-06,101301.2890625,3312.2578125,63932752861,36731850433,11.525854415353244,-0.02525118249184999,112833.04390625,110124.761328125,0.453670713842261,8.105385354414029,-0.033521363669855475,4073.986640625,3388.708544921875,0.8309838718958646
2025-11-07,103372.40625,3435.301025390625,92168030081,42609994022,11.546093341321978,0.020238925968733668,112557.74796875,110204.028828125,0.45676370367952995,8.141859835573845,0.03647448115981611,4050.8942822265626,3397.9863775634767,0.841596822642895
2025-11-08,102282.1171875,3400.3759765625,51446691095,23613870398,11.535490129107778,-0.010603212214199687,112289.613125,110248.2299609375,0.45627621898907444,8.1316412858325,-0.01021854974134584,4029.4834619140624,3406.2015991210938,0.8362018788439601
2025-11-09,104719.640625,3582.621337890625,59679243013,28821543888,11.559041968807458,0.02355183969967989,112069.56671875,110303.3326171875,0.3993353651303618,8.183850028742338,0.05220874290983879,4011.490576171875,3415.1341845703123,0.7420394629544539
2025-11-10,105996.59375,3568.4599609375,69585887229,35638045619,11.57116223814392,0.01212026933646193,111883.37671875,110363.5966015625,0.3965264583960599,8.179889398210163,-0.003960630532175102,3993.833193359375,3424.1273260498047,0.7378284874752031
2025-11-11,102997.46875,3415.2822265625,71130078574,39734688531,11.542459691667078,-0.02870254647684156,111688.3559375,110404.9814453125,0.3800422094304563,8.136015411800232,-0.04387398640993112,3978.0812890625,3432.2705645751953,0.6444315169768643
2025-11-12,101663.1875,3413.09423828125,64347179408,34898956623,11.5294205450244,-0.01303914664267758,111481.3296875,110440.062734375,0.3810202499727026,8.135374560093418,-0.0006408517068141606,3963.033095703125,3440.2266302490234,0.6380766270004513
2025-11-13,99697.4921875,3232.757080078125,101546815416,50283416669,11.509895802047815,-0.019524742976585685,111208.706875,110469.7759765625,0.38135458791664606,8.08109063728357,-0.05428392280984795,3944.6188525390626,3447.426090698242,0.6549128068480174
2025-11-14,94397.7890625,3103.78564453125,114346441890,47003809463,11.455272930911224,-0.05462287113659059,110915.676875,110466.871171875,0.41647363275350374,8.040377821099968,-0.040712816183601674,3929.3278857421874,3453.9507598876953,0.6586527028214474
2025-11-15,95549.1484375,3166.63134765625,38500716654,19932940649,11.467396037409971,0.012123106498746594,110632.40328125,110473.19296875,0.4153217233972058,8.060423635486613,0.020045814386644878,3911.94275390625,3460.788038330078,0.6635350876704195
2025-11-16,94177.078125,3092.847412109375,71086235862,30987886524,11.452932098948049,-0.01446393846192251,110322.3059375,110473.041796875,0.4148003389714597,8.036847438170172,-0.023576197316440783,3893.4265380859374,3467.2833984375,0.6653502357888078
2025-11-17,92093.875,3024.538818359375,94186165724,41026793235,11.430563716231704,-0.022368382716344115,109921.730625,110451.0494921875,0.41761752588726936,8.014513902101529,-0.02233353606864341,3871.087783203125,3473.209984741211,0.6624612535115244
2025-11-18,92948.875,3122.97900390625,101333569062,41581494270,11.439804889795012,0.009241173563307115,109492.70046875,110431.243515625,0.4154338787726897,8.046542634207725,0.0320287321061965,3849.20052734375,3479.6113403320314,0.6680007074221551
2025-11-19,91465.9921875,3023.07080078125,80350354656,40229739844,11.423722512095202,-0.016082377699810024,109040.89859375,110409.1144921875,0.40876619228935523,8.014028415206901,-0.03251421900082363,3826.74279296875,3485.557495727539,0.6727953158989672
2025-11-20,86631.8984375,2831.777587890625,97970645638,43917885207,11.36942336896359,-0.05429914313161177,108400.55796875,110370.6941015625,0.43980275130143737,7.948659916380193,-0.06536849882670825,3796.3560986328125,3490.673412475586,0.6985688276567267
2025-11-21,85090.6875,2765.69921875,129157506112,51476486049,11.3514728784913,-0.01795049047228936,107688.7465625,110322.407265625,0.44130943961341523,7.925048763994403,-0.023611152385790035,3761.9116064453124,3495.4034210205077,0.6996212320212523
2025-11-22,84648.359375,2767.607421875,40793099246,15408928941,11.34626100609762,-0.005211872393680039,106936.383125,110261.6366796875,0.4282707757707172,7.9257384793218115,0.0006897153274083578,3726.9663427734376,3500.1660205078124,0.6959027168425985
2025-11-23,86805.0078125,2801.676025390625,58083435576,20358404499,11.37141959267662,0.02515858657899983,106223.9746875,110210.5001171875,0.4403787588293552,7.9379730975821,0.012234618260288599,3693.21591796875,3505.1163671875,0.6919641622147875
2025-11-24,88270.5625,2952.71337890625,74433896110,32491657389,11.38816195048746,0.016742357810839437,105519.11640625,110135.645625,0.44650149069979095,7.990479816046492,0.052506718464392144,3661.961728515625,3508.8473608398435,0.7251656267045575
2025-11-25,87341.890625,2957.936279296875,64837343545,23336017779,11.377585473530706,-0.010576476956753567,104770.90359375,110057.5008203125,0.43049819722460425,7.992247101218863,0.0017672851723711247,3627.3650244140626,3511.9095056152346,0.6935217334587253
2025-11-26,90518.3671875,3027.81201171875,66496301869,21433162961,11.413308061444042,0.0357225879133356,104152.24328125,109986.611015625,0.4576540545398755,8.015595529313957,0.023348428095093965,3598.8982275390626,3514.136452636719,0.7040049611768315
2025-11-27,91285.375,3014.542236328125,57040622845,16972780500,11.421745867552538,0.008437806108496204,103510.8534375,109922.50609375,0.4609858386205674,8.011203268887245,-0.004392260426712369,3568.63611328125,3516.6579748535155,0.6989855536091779
2025-11-28,90919.265625,3032.304443359375,60895830289,20659958964,11.417727200778117,-0.004018666774420865,102895.12703125,109863.03765625,0.45598319476863747,8.017078151800458,0.005874882913213142,3541.8993310546875,3519.337508544922,0.6998143474941877
2025-11-29,90851.7578125,2991.685302734375,37921773455,12775481230,11.416984422151172,-0.0007427786269449399,102447.87484375,109796.4473828125,0.4550235250305657,8.003592153995221,-0.013485997805236849,3524.872861328125,3520.8952868652345,0.6973152030018112
2025-11-30,90394.3125,2992.112548828125,38497902869,11530446514,11.411936629578038,-0.0050477925731335915,102039.6034375,109730.721875,0.45072865157926706,8.003734954973822,0.00014280097860108754,3509.702880859375,3522.8055334472656,0.6945555305477199
2025-12-01,86321.5703125,2800.18896484375,87962894424,36679598313,11.365834791523962,-0.04610183805407608,101462.63953125,109643.6065234375,0.4694410316679421,7.937442181330317,-0.0662927736435055,3482.41810546875,3524.0721936035156,0.7206826990911772
2025-12-02,91350.203125,2997.939697265625,78546798211,26593645111,11.422455785394266,0.05662099387030395,100984.22203125,109582.91109375,0.5193793667110327,8.005680564139242,0.06823838280892502,3457.4675439453126,3526.3804040527343,0.7690387882605033
2025-12-03,93527.8046875,3191.57177734375,77650204986,29949301036,11.446014047406099,0.0235582620118322,100592.40484375,109534.5946875,0.5168511741656482,8.06826879460262,0.06258823046337803,3438.7907373046874,3529.9594909667967,0.7609996539069055
2025-12-04,92141.625,3134.31640625,64538402681,27434991113,11.431082074540166,-0.014931972865932508,100219.5740625,109463.0727734375,0.4944727207561826,8.050166377057321,-0.01810241754529862,3421.7278759765627,3533.1399047851564,0.6975976523424018
2025-12-05,89387.7578125,3024.432861328125,63256398633,28000268228,11.40073901456449,-0.030343059975676212,99843.6084375,109381.9806640625,0.4942556316552095,8.014478869029174,-0.03568750802814691,3404.3214453125,3535.6162353515624,0.6910682924523454
2025-12-06,89272.375,3040.207763671875,37994042405,10962819760,11.399447368501933,-0.0012916460625564952,99499.70015625,109294.387109375,0.4889442791052643,8.019681135378086,0.005202266348911522,3388.474423828125,3538.1964086914063,0.6835107545728439
2025-12-07,90405.640625,3061.3017578125,47394898960,20383496376,11.412061940727948,0.012614572226015142,99163.84765625,109198.024921875,0.48485127643093806,8.026595515534638,0.006914380156551658,3371.89353515625,3540.741181640625,0.6697401015439897
2025-12-08,90640.203125,3125.197998046875,57394099056,25262165670,11.414653136707761,0.0025911959798126105,98803.3175,109092.85953125,0.4849340883089346,8.047252919538382,0.020657404003744162,3354.704501953125,3543.04638671875,0.6746811844416593
2025-12-09,92691.7109375,3321.114990234375,66861721440,32012553374,11.437034329405959,0.02238119269819805,98445.373125,109019.8791015625,0.48411261429691255,8.1080558459608,0.06080292642241858,3341.5115966796875,3547.0197521972655,0.6841027126237358
2025-12-10,92020.9453125,3325.39013671875,65420694513,30694387989,11.429771496559324,-0.007262832846635092,98116.25421875,108941.028046875,0.4806641770546302,8.109342280558321,0.00128643459752098,3330.4841162109374,3550.9934716796874,0.6842090798351885
2025-12-11,92511.3359375,3237.056884765625,64532834621,29066243707,11.435086466667471,0.005314970108146966,97812.70921875,108858.4077734375,0.47389335722300463,8.082419827069835,-0.026922453488486653,3319.0628076171874,3554.4199365234376,0.6737359566896935
2025-12-12,90270.4140625,3084.172607421875,80275884583,24391003174,11.410565045215325,-0.024521421452146086,97416.72296875,108762.5580078125,0.47844884439448915,8.034038701801167,-0.048381125268667446,3303.625732421875,3557.020107421875,0.6930171766795343
2025-12-13,90298.7109375,3116.6953125,64237748110,9916869400,11.410878463970958,0.00031341875563306587,97002.01875,108669.078359375,0.4753207444964173,8.044528524748856,0.01048982294768841,3287.268291015625,3559.288234863281,0.6695646485751581
2025-12-14,88175.1796875,3060.5947265625,50465972205,15619543350,11.387080792953041,-0.023797671017916855,96532.6878125,108570.9426171875,0.44459782969253153,8.026364531147708,-0.01816399360114751,3269.4107666015625,3561.1801440429685,0.6573323255260657
2025-12-15,86419.78125,2964.18310546875,45559514323,28765976892,11.366971878239953,-0.020108914713087955,95971.63453125,108474.832734375,0.4456756311849535,7.994356760981827,-0.03200777016588141,3245.5346435546876,3562.8377856445313,0.6619470605357028
2025-12-16,87843.984375,2964.180908203125,41262178223,22709189818,11.38331761517503,0.01634573693507768,95446.12765625,108394.0598046875,0.4489480911064511,7.994356019709658,-7.412721689803448e-07,3222.4158203125,3565.0089721679688,0.6574585648589533
2025-12-17,86143.7578125,2831.403564453125,44243392914,26159825528,11.363772782134177,-0.01954483304085386,94909.87953125,108301.588125,0.4474667258135183,7.948527826860899,-0.0458281928487585,3199.398642578125,3566.5205529785158,0.6718173241795673
2025-12-18,85462.5078125,2827.069091796875,52667115348,29194181349,11.355833053636408,-0.007939728497769138,94418.02359375,108200.64015625,0.4459353462921066,7.946995797365535,-0.001532029495364462,3177.8729638671875,3567.9745666503904,0.660398296208825
2025-12-19,88103.3828125,2977.970703125,46733310561,27870687989,11.386266208604816,0.03043315496840826,94013.9803125,108111.7494140625,0.45785340616353826,7.998997375426926,0.052001578061391385,3161.344873046875,3569.828933105469,0.6789093749098736
2025-12-20,88344.0,2977.58251953125,14688196659,7612418215,11.388993563726967,0.002727355122150499,93589.73703125,108026.3070703125,0.4159833568681312,7.998867015213597,-0.00013036021332890613,3143.9549169921875,3571.7504443359376,0.6373178250298908
2025-12-21,88621.75,3001.61376953125,19845522660,11178096676,11.392132591793894,0.0031390280669274517,93160.89171875,107945.7558984375,0.410582189222202,8.006905346198522,0.00803833098492479,3126.5034326171876,3573.7152978515624,0.6310444137489634
2025-12-22,88490.015625,3006.07373046875,38047472118,20342034264,11.390645006835005,-0.001487584958889343,92717.89953125,107880.3262109375,0.41003758310178307,8.0083900977795,0.0014847515809783829,3108.403642578125,3576.66423828125,0.6310181766376298
2025-12-23,87414.0,2963.3740234375,43683011533,21453213168,11.37841073188205,-0.012234274952954038,92335.2290625,107795.4444921875,0.40355192816799035,7.9940837709393255,-0.014306326840174854,3095.6249609375,3579.0951342773437,0.6327883615032924
2025-12-24,87611.9609375,2945.590576171875,25550297986,13984770325,11.380672807986114,0.002262076104063482,92055.6578125,107705.426171875,0.3992336917528644,7.988064611183865,-0.006019159755460635,3088.685283203125,3581.1905603027344,0.6062144311946736
2025-12-25,87234.7421875,2903.57958984375,19953216347,11828871179,11.376357950130487,-0.004314857855627352,91722.5159375,107612.631640625,0.3977899605646776,7.973699596127043,-0.014365015056822195,3078.2534521484376,3583.1545227050783,0.6082038779988517
2025-12-26,87301.4296875,2925.74560546875,42455674908,18562196049,11.37712211841181,0.0007641682813233075,91442.51875,107497.66828125,0.37634316687106145,7.981304635035034,0.007605038907991357,3070.5232080078126,3584.375665283203,0.6028511795654459
2025-12-27,87802.15625,2947.998291015625,13741199310,7378783299,11.382841337977686,0.005719219565875733,91131.11375,107385.392890625,0.37558504726994973,7.988881673599298,0.007577038564264171,3060.7771533203127,3585.0480688476564,0.6034845572263985
2025-12-28,87835.8359375,2948.568115234375,15156557929,9227601389,11.383224850536596,0.0003835125589102262,90842.188125,107281.1389453125,0.3754973904284398,7.989074946830282,0.000193273230983948,3051.74099609375,3585.9232629394533,0.6030254721606978
2025-12-29,87138.140625,2934.538330078125,48411625849,25957694515,11.375249961654015,-0.0079748888825808,90490.558125,107187.184375,0.3762452653530974,7.984305421790107,-0.00476952504017536,3038.7793359375,3587.3369787597658,0.601506351174398
2025-12-30,88430.1328125,2971.416748046875,35586356225,18816704381,11.389968059462806,0.014718097808790631,90139.22890625,107098.8801953125,0.38012434513421695,7.9967941376034934,0.01248871581338662,3026.8384716796877,3589.2966320800783,0.6032483137734233
2025-12-31,87508.828125,2967.03759765625,33830210616,16451891101,11.379494960113506,-0.01047309934929963,89829.45609375,107009.0623046875,0.3453241545242615,7.995319292153995,-0.0014748454494988295,3017.8735791015624,3591.464599609375,0.5542903150013947
2026-01-01,88731.984375,3000.394287109375,18849043990,10268796662,11.393375693774058,0.013880733660551314,89570.83203125,106924.962109375,0.2846870770524861,8.006498988050666,0.011179695896671227,3009.619580078125,3593.732385253906,0.501605965325656
2026-01-02,89944.6953125,3124.422607421875,46398906171,25242778003,11.406950263904251,0.01357457013019392,89375.77609375,106840.701796875,0.2758537906420215,8.04700477947423,0.040505791423564474,3007.452890625,3596.651473388672,0.4719806964972596
2026-01-03,90603.1875,3125.91748046875,20774828592,11460707919,11.4142446735314,0.007294409627148113,89299.8840625,106770.7121484375,0.27291025633336596,8.04748311283029,0.0004783333560602898,3007.89552734375,3599.7272534179688,0.46779361559331123
2026-01-04,91413.4921875,3140.71044921875,26770491368,13890479323,11.423148363479006,0.008903689947606708,89217.1709375,106703.36296875,0.25258247363055586,8.05220431102286,0.0047211981925698865,3007.377109375,3602.809298095703,0.44998618438298604
2026-01-05,93882.5546875,3226.13037109375,53376407252,27211995956,11.44979986186037,0.026651498381363936,89211.28046875,106649.354296875,0.2680744549024708,8.079038670482893,0.02683435946003243,3010.0427685546874,3606.3316821289063,0.4586163650470385
2026-01-06,93729.03125,3295.94677734375,52430605257,27853981622,11.448163252148872,-0.0016366097114985934,89243.98359375,106601.4514453125,0.2653520625506016,8.100448743248426,0.021410072765533528,3015.470927734375,3610.7748950195314,0.46334277012592207
2026-01-07,91308.0546875,3166.843994140625,43461295053,22665982583,11.42199428489872,-0.026168967250152164,89211.1671875,106546.7046875,0.2819053203063584,8.060490785502356,-0.03995795774607025,3016.3482275390625,3615.1066369628907,0.48127541989990896
2026-01-08,91027.125,3104.382568359375,42386697030,22760237888,11.418912818005964,-0.003081466892755458,89202.38984375,106496.904609375,0.270500099538332,8.040570123824216,-0.01992066167814066,3017.974462890625,3619.4874841308592,0.43388050582279664
2026-01-09,90513.1015625,3083.047119140625,38305906684,18879517395,11.413249887856457,-0.005662930149506806,89280.01390625,106421.58125,0.27006161303341003,8.03367371130508,-0.006896412519136419,3022.999853515625,3622.793594970703,0.4339799731793282
2026-01-10,90386.6484375,3082.39599609375,12385895282,6960662969,11.411851841196953,-0.0013980466595047147,89385.933125,106343.286328125,0.26924033823241594,8.033462494353717,-0.00021121695136194774,3029.3337890625,3625.9655310058592,0.4249859709222237
2026-01-11,90827.4609375,3118.88525390625,17165568977,10497219711,11.416716952098053,0.004865110901100422,89509.51515625,106260.61734375,0.2557944269813742,8.045230926545436,0.011768432191718858,3036.359345703125,3629.4634057617186,0.39223496768416255
2026-01-12,91192.9921875,3092.3251953125,41346275358,21152711365,11.420733333060733,0.004016380962680088,89597.27484375,106181.7823046875,0.25614003475367364,8.03667857730524,-0.008552349240195767,3042.1723291015624,3632.844298095703,0.3916766770480689
2026-01-13,95321.78125,3322.095458984375,54980674354,27237310134,11.465013618092211,0.04428028503147807,89738.29921875,106122.9490625,0.28399078097529973,8.108351025156045,0.07167244785080484,3049.559970703125,3637.335440673828,0.45947624978023305
2026-01-14,96929.328125,3354.72265625,60592490863,33926411912,11.48173741591409,0.016723797821878605,89930.04796875,106070.9571875,0.27586907585093196,8.118124380191459,0.009773355035413545,3057.4956982421877,3641.9235070800783,0.4425149354095233
2026-01-15,95551.1875,3317.101318359375,53086363027,27598686935,11.467417377639334,-0.014320038274755476,90030.704375,106006.7852734375,0.27907060645906934,8.106846583659749,-0.011277796531709683,3063.281484375,3646.0042138671874,0.4455761112104721
2026-01-16,95525.1171875,3295.482177734375,33248170537,22732887284,11.467144499087444,-0.00027287855188973253,90115.49921875,105948.7341796875,0.2675025772606598,8.100307772416969,-0.00653881124278044,3068.900283203125,3650.0493029785157,0.41022709110428957
2026-01-17,95099.921875,3308.8642578125,16021715122,11206492253,11.462683427029464,-0.0044610720579800756,90199.11234375,105895.7423828125,0.2659095292085498,8.104360284962473,0.0040525125455044275,3074.4314794921875,3654.564660644531,0.40955966552181816
2026-01-18,93634.4296875,3281.15771484375,20809781232,13557863288,11.447153433371339,-0.015529993658125463,90254.76578125,105819.6179296875,0.25557958273303355,8.095951600944419,-0.008408684018053947,3080.220927734375,3658.113771972656,0.37555220679683915
2026-01-19,92553.59375,3186.62109375,39195241508,27956112545,11.435543147609732,-0.011610285761607386,90297.95140625,105734.146015625,0.2599426120253315,8.066716416150598,-0.029235184793821034,3084.1110986328126,3661.0918408203124,0.3921848872058079
2026-01-20,88310.90625,2935.605712890625,53072968031,32985301273,11.38861889255491,-0.04692425505482234,90337.738125,105635.5288671875,0.30994102563740367,7.98466908674158,-0.0820473294090176,3086.81943359375,3663.227277832031,0.48933325791137267
2026-01-21,89376.9609375,2978.901123046875,56330422434,35797876195,11.400618220315058,0.011999327760149114,90298.27328125,105541.2577734375,0.3127478986231263,7.9993097608387975,0.014640674097217143,3086.438662109375,3665.535383300781,0.4922296073153226
2026-01-22,89462.453125,2949.63330078125,35549685694,21993593333,11.401574298084162,0.0009560777691035582,90216.96625,105442.4096875,0.30944386581997524,7.989436136787466,-0.009873624051331298,3081.599892578125,3667.427366943359,0.490883381890052
2026-01-23,89503.875,2953.25634765625,38997586037,22417700837,11.402037199415084,0.000462901330921639,90164.21125,105348.4298046875,0.3093984654646341,7.99066368720624,0.0012275504187737596,3077.97869140625,3669.478582763672,0.49044437693870624
2026-01-24,89110.734375,2948.74072265625,14558687712,8198666763,11.397635081791526,-0.0044021176235578,90158.67078125,105249.232109375,0.30941645897222037,7.989133484521513,-0.0015302026847265893,3076.4648486328124,3671.1447570800783,0.4877200482186917
2026-01-25,86572.21875,2815.90234375,36124986722,22414089670,11.368734243429731,-0.028900838361794357,90104.66765625,105125.4604296875,0.32619679098101345,7.943038037610549,-0.046095446910964455,3071.978740234375,3671.370380859375,0.513197370767811
2026-01-26,88267.140625,2926.45703125,45329286974,29668620102,11.388123183981044,0.019388940551312572,90061.89765625,104986.8601171875,0.3327792314294168,7.981547765982104,0.03850972837155542,3069.281845703125,3671.228439941406,0.5309482682748313
2026-01-27,89102.5703125,3022.2109375,38744942267,27976005223,11.397543460545625,0.009420276564581442,90031.145,104844.7880078125,0.3343393111841319,8.013743941025457,0.03219617504335215,3067.2221044921876,3671.5500634765626,0.5428808584088652
2026-01-28,89184.5703125,3006.607421875,39807419296,21751566455,11.398463325046167,0.0009198645005419337,89961.0021875,104703.5347265625,0.3329457886641393,8.00856761971826,-0.005176321307196474,3060.931953125,3671.868542480469,0.5429354476712472
2026-01-29,84561.5859375,2818.232666015625,64653083162,37487198041,11.345235375542083,-0.05322794950408394,89811.815,104530.7620703125,0.37838133825470327,7.943865253285882,-0.06470236643237826,3050.7888037109374,3671.092911376953,0.5870079553560257
2026-01-30,84128.65625,2702.375244140625,72083816087,41877689970,11.340102528112535,-0.005132847429548448,89644.16140625,104352.1568359375,0.37724260728688314,7.90188638531761,-0.04197886796827177,3040.0951708984376,3669.5380334472657,0.6035259395744125
2026-01-31,78621.1171875,2445.091796875,70479259159,47569532203,11.272395608840549,-0.06770691927198591,89411.17546875,104156.376484375,0.438287039840614,7.801837945938338,-0.10004843937927177,3027.3135546875,3666.064044189453,0.6890167191338863
2026-02-01,76974.4453125,2267.96484375,53372509744,40358630560,11.251228766693337,-0.02116684214721154,89144.69015625,103947.556171875,0.43747263241867684,7.726638163735438,-0.07519978220290024,3010.3389453125,3660.5463342285157,0.7069527616607189
2026-02-02,78688.765625,2344.356689453125,75140589684,48844346396,11.273255674851159,0.022026908157821268,88954.961875,103744.55078125,0.4457052586278852,7.759766310388429,0.033128146652990687,2996.0141845703124,3654.8841955566404,0.7224415793659849
2026-02-03,75633.546875,2227.558837890625,68249110822,47906083919,11.23365520547618,-0.039600469374978076,88739.2371875,103532.7023828125,0.4589857541549478,7.708661573312892,-0.05110473707553709,2981.28169921875,3648.2769079589843,0.7346616523489137
2026-02-04,73019.703125,2143.504150390625,67215363944,45219604814,11.198484589534422,-0.035170615941758854,88442.7515625,103308.101015625,0.45372184210858474,7.670197222304235,-0.038464351008656195,2964.8681640625,3641.0180603027343,0.7270997945909081
2026-02-05,62702.09765625,1821.68310546875,125509410908,60381662655,11.046150181503975,-0.1523344080304465,87973.918359375,103035.10755859375,0.6757192839034459,7.507516135946872,-0.1626810863573631,2944.6737548828123,3631.329118652344,0.8823999751123014
2026-02-06,70555.390625,2063.386962890625,114674259489,64998454203,11.164153362937451,0.1180031814334761,87675.776015625,102800.68681640625,0.8143396488066637,7.63210406838065,0.1245879324337773,2929.4001123046874,3622.829196777344,1.0121286942505032
2026-02-07,69281.96875,2090.54931640625,62347107663,41145430304,11.145939960124702,-0.018213402812749635,87299.347734375,102547.11958984374,0.8147606409124154,7.645182141241277,0.01307807286062701,2911.6516845703127,3614.5362158203125,1.0163499152223272
2026-02-08,70264.7265625,2088.762939453125,39721722619,19541713443,11.160025196009448,0.014085235884746083,86937.762265625,102304.66841796874,0.8187111393475577,7.6443272747213555,-0.0008548665199210603,2893.87529296875,3606.831512451172,1.0170382420594937
2026-02-09,70120.78125,2103.567626953125,52081598792,26750982266,11.157974480587479,-0.002050715421969329,86567.742890625,102063.43232421875,0.8186436372957335,7.651390052241916,0.007062777520560282,2875.9143701171874,3598.8093225097655,1.0185029330202462
2026-02-10,68793.9609375,2019.4974365234373,40593063077,23267337087,11.138871242997581,-0.019103237589897404,86173.821796875,101819.22271484375,0.8180010932435045,7.61060396564066,-0.04078608660125571,2856.182844238281,3590.270475463867,1.0190854296992933
2026-02-11,66991.96875,1940.621337890625,49671946030,23922680362,11.112328021785206,-0.026543221212374846,85765.381171875,101564.44572265625,0.8187026085309087,7.570763478042768,-0.039840487597891716,2835.7277905273436,3581.2666021728514,1.0226294920634174
2026-02-12,66221.84375,1946.940673828125,44651071271,20106364835,11.100765653510372,-0.011562368274834256,85337.578828125,101298.31248046875,0.7946818126156178,7.5740145343523,0.003251056309531819,2815.754792480469,3571.625072631836,0.9759799029795129
2026-02-13,68857.84375,2048.52734375,40820775886,20412430639,11.139799422867528,0.039033769357155634,84970.040859375,101052.97931640624,0.8085701228718347,7.624876445079436,0.05086191072713575,2798.6537475585938,3562.930580444336,1.0008037033617108
2026-02-14,69767.625,2086.009765625,36012397645,16925555543,11.152925355935377,0.01312593306784926,84619.364765625,100812.20669921875,0.8129770837156919,7.64300831705743,0.01813187197799415,2781.8590307617187,3554.393355102539,1.0079455225886185
2026-02-15,68788.1875,1966.04296875,40191152750,31030538835,11.138787315866498,-0.014138040068878865,84239.085390625,100566.99169921875,0.8122235749431372,7.583778156394012,-0.05923016066341802,2762.2199243164064,3545.182561645508,1.0187732675638637
2026-02-16,68843.15625,1997.917724609375,33618145426,19219250473,11.139586098344747,0.0007987824782489383,83859.231796875,100332.41646484374,0.8129589560850536,7.5998607794864395,0.01608262309242736,2743.206916503906,3536.6886114501954,1.0227907669754064
2026-02-17,67494.21875,1992.1943359375,34866936040,20929890501,11.119797225044461,-0.01978887330028556,83466.353359375,100103.28712890625,0.813408418151626,7.596991991587608,-0.002868787898831826,2724.360036621094,3529.2077532958983,1.0235462206749586
2026-02-18,66425.3203125,1953.97412109375,33094301643,20187307041,11.103833592784246,-0.01596363226021502,83026.257109375,99872.77916015625,0.8135971778450439,7.577620588448366,-0.019371403139241572,2704.0111840820314,3522.0139178466798,1.0225953737328175
2026-02-19,66957.5234375,1948.2010498046875,31492987019,17380103826,11.11181371877895,0.007980125994704323,82615.231015625,99636.47841796876,0.8056335333042789,7.574661687195497,-0.0029589012528692393,2683.634453125,3514.26802734375,0.9954481694303986
2026-02-20,68005.421875,1969.0223388671875,47507867304,21682976627,11.127342714435583,0.01552899565663246,82200.699765625,99401.14611328125,0.806897093525729,7.585292423860287,0.010630736664790419,2663.0070141601564,3505.518208618164,0.9941103212415838
2026-02-21,68003.765625,1973.7371826171875,18357635642,11561261802,11.127318359463239,-2.4354972344653447e-05,81761.881171875,99170.45771484375,0.8067503985139355,7.587684071624605,0.0023916477643179945,2639.9933056640625,3497.3273974609374,0.9956395329501316
2026-02-22,67659.390625,1957.805908203125,17893536012,9488829492,11.122241435864936,-0.005076923598302585,81303.005234375,98933.61466796875,0.8061514773320894,7.579579690599426,-0.008104381025178853,2616.63107421875,3488.6968237304686,0.9944462966696697
2026-02-23,64616.73828125,1855.5028076171875,50953457309,23731172668,11.076228762729293,-0.0460126731356425,80767.07015625,98669.2138671875,0.8159583475490471,7.525910993631918,-0.053668696967508644,2590.9269213867187,3478.4027081298827,1.003006297034984
2026-02-24,64080.04296875,1852.969482421875,40849331086,18475122228,11.06788825229055,-0.008340510438744175,80171.019921875,98406.17044921876,0.8133377614439417,7.524544756868506,-0.0013662367634115213,2563.4637036132813,3467.6183111572263,0.9979218868943606
2026-02-25,67960.125,2054.6279296875,53629234355,27717195805,11.126676415101421,0.05878816281087218,79655.641796875,98163.46927734376,0.8423655715488846,7.6278500544245595,0.10330529755605333,2538.6373266601563,3456.5734552001954,1.0641870472097679
2026-02-26,67453.7734375,2026.7926025390625,42988597523,23327720766,11.119197804289021,-0.007478610812400532,79178.556171875,97904.20435546876,0.8398450911986352,7.614209823772251,-0.01364023065230846,2515.836298828125,3445.436329345703,1.0522852350394143
2026-02-27,65881.796875,1930.7618408203125,40283655942,21136821039,11.095617458889263,-0.02358034539975762,78675.649609375,97639.95611328125,0.8404483950003221,7.565669940187431,-0.04853988358482031,2492.363884277344,3433.9553045654297,1.0589123836473722
2026-02-28,66995.859375,1965.050537109375,42041497112,21675923669,11.112386096090248,0.016768637200984315,78205.304765625,97374.07087890625,0.8306410711036589,7.583273242603369,0.017603302415937883,2470.0039526367186,3420.8259332275393,1.0489278746317205
2026-03-01,65738.1015625,1939.066650390625,40733141929,23649071468,11.093433968835003,-0.018952127255245088,77712.333828125,97086.04107421875,0.8314887989719375,7.569962028241695,-0.01331121436167404,2447.1373657226563,3406.739887084961,1.04337392139948
2026-03-02,68775.8515625,2027.2689208984373,56698092052,26235436166,11.138607967577261,0.0451739987422588,77271.301640625,96838.12244140625,0.8230296595780813,7.614444807064347,0.04448277882265206,2425.3050390625,3394.135399169922,1.0094747821019472
2026-03-03,68293.6484375,1982.7689208984373,47947999049,24100196312,11.131572046176007,-0.007035921401254086,76813.314765625,96592.59892578125,0.8208924223152672,7.592249591673382,-0.022195215390964584,2403.1139135742187,3381.849299926758,0.9804183767892184
2026-03-04,72710.578125,2126.50537109375,75073101274,33610946768,11.19424215671963,0.06267011054362293,76361.090703125,96368.69505859374,0.8488687868285806,7.662235240481117,0.06998564880773461,2379.202111816406,3370.3509259033203,1.006300405940811
2026-03-05,70841.125,2071.60546875,51172841727,22383576284,11.168194972628942,-0.026047184090687736,75839.326640625,96135.63537109375,0.8427343872209736,7.636079174413987,-0.026156066067129835,2353.5397680664064,3358.3425958251955,0.9950680789764528
2026-03-06,68136.4921875,1978.751220703125,43776962871,19733648079,11.129268210399088,-0.03892676222985436,75291.032734375,95895.05626953125,0.8446845666974959,7.590221228101222,-0.04585794631276485,2326.7727661132812,3346.6738275146486,0.9987662721139532
2026-03-07,67272.59375,1969.4554443359373,23258701211,10236899078,11.116508207582715,-0.012760002816373017,74725.982265625,95667.26333984375,0.6506933046086726,7.585512359324869,-0.004708868776353015,2300.2522314453126,3336.1537841796876,0.8153825366780937
2026-03-08,65969.78125,1936.604736328125,33195080116,16314032554,11.096952056310252,-0.019556151272462685,74143.379453125,95425.73853515626,0.5031278850384638,7.568691582866955,-0.016820776457914022,2272.807041015625,3324.1643054199217,0.6884111998628865
2026-03-09,68402.3828125,1992.938232421875,49499875378,24015826480,11.133162939443926,0.03621088313367338,73638.738515625,95205.65529296875,0.5170029186470745,7.597365327470545,0.028673744603589846,2247.0426513671873,3313.0129467773436,0.6948620248793685
2026-03-10,69926.921875,2037.1204833984373,54003996096,23552353781,11.155206002497609,0.0220430630536832,73186.205078125,94970.91947265626,0.520547148989011,7.619292561948668,0.021927234478122948,2224.052639160156,3299.0418060302736,0.6996941080651672
2026-03-11,70204.8828125,2051.5732421875,45236859848,19031715359,11.159173143328633,0.003967140831024452,72824.084609375,94745.07224609375,0.5206953322777059,7.626362213018041,0.007069651069373073,2206.3719897460937,3285.4192205810546,0.699695084912964
2026-03-12,70493.4609375,2073.13623046875,40871848129,20624954899,11.163275231838991,0.00410208851035776,72446.414609375,94530.24740234375,0.5162296306538431,7.636817826855773,0.01045561383773208,2188.2566918945313,3271.886664428711,0.6855555563517294
2026-03-13,70968.265625,2092.5634765625,61167226505,29345212033,11.169988093077535,0.006712861238543866,72076.530859375,94334.46697265626,0.5069987172403946,7.6461451371783165,0.009327310322543525,2171.1152954101562,3260.4845428466797,0.6700806420163604
2026-03-14,71214.625,2097.086669921875,22283546496,10073411269,11.173453483610245,0.003465390532710444,71710.745859375,94131.52681640624,0.5046725730304261,7.648304360482689,0.0021592233043721265,2153.9919018554688,3247.9678424072267,0.6700763227019352
2026-03-15,72789.9140625,2177.476318359375,27991268669,15333885132,11.195332681489269,0.021879197879023593,71384.329453125,93939.36607421875,0.49240779700516935,7.685921833057587,0.037617472574898336,2138.566613769531,3236.3382586669923,0.6595490956512036
2026-03-16,74861.0859375,2351.176025390625,55572438409,38938369545,11.223389487598196,0.02805680610892658,71150.106796875,93750.94748046875,0.49941502211112876,7.762670918298138,0.07674908524055102,2129.272087402344,3225.55825012207,0.7075034683849158
2026-03-17,73922.4765625,2318.053466796875,49500721728,26737564550,11.210772209034918,-0.012617278563277878,70863.213515625,93578.50568359374,0.49881095169877565,7.748483089551231,-0.014187828746907272,2117.1040161132814,3215.3477532958987,0.6734730115645173
2026-03-18,71245.578125,2203.671630859375,46229011155,25617966362,11.1738880348015,-0.03688417423341761,70506.073671875,93390.69322265625,0.5173079224215135,7.697880171359667,-0.05060291819156326,2100.733229980469,3204.4953448486326,0.699921218207893
2026-03-19,69912.7890625,2137.423828125,44631433398,24090913749,11.155003873753872,-0.018884161047628467,70120.638046875,93199.07361328125,0.5168565931625289,7.667356564211027,-0.03052360714864033,2083.3495581054685,3193.232368774414,0.7095535366101313
2026-03-20,70522.5859375,2146.4970703125,38299078407,17970488517,11.16368830540132,0.008684431647449031,69839.858046875,93005.43357421875,0.513711521760118,7.671592522796458,0.004235958585431021,2069.9148461914065,3182.392503051758,0.7052243913163978
2026-03-21,68711.5234375,2076.68994140625,21109354718,8654913047,11.137672199770304,-0.026016105631017084,69531.515390625,92792.98826171875,0.5223402498215779,7.63853053079035,-0.033061992006108376,2057.401140136719,3171.149124145508,0.7162280473860446
2026-03-22,67845.2109375,2053.04833984375,30108051508,16438149794,11.124984079684218,-0.012688120086085775,69315.997265625,92573.59826171875,0.5216403032054178,7.627080962695824,-0.011449568094525908,2049.5602709960935,3159.1624200439455,0.7170696899796299
2026-03-23,70914.859375,2152.14599609375,51508669357,28509077302,11.169235272718916,0.04425119303469849,69194.805546875,92374.55455078125,0.5440769222423848,7.674220761031506,0.04713979833568249,2047.2438940429688,3148.4294293212893,0.7346266994287792
2026-03-24,70517.859375,2155.704345703125,40181522399,18389631713,11.16362128118722,-0.005613991531696172,69031.387421875,92173.88892578126,0.5441605762093146,7.675872791690111,0.0016520306586045308,2043.4708471679687,3137.6730072021483,0.7335773327258756
2026-03-25,71309.8828125,2168.021484375,35409791747,17086301657,11.174790205668033,0.011168924480813303,68944.914140625,91979.31486328125,0.5173746401508349,7.681570272277502,0.005697480587390835,2042.2801000976563,3127.1419036865236,0.7042844585068379
2026-03-26,68791.625,2059.578369140625,38962070215,18628112246,11.138837286860618,-0.03595291880741591,68860.352578125,91767.43490234375,0.5338855247482672,7.630256565660351,-0.051313706617150956,2040.6015844726562,3115.9130572509766,0.7311708598416666
2026-03-27,66338.375,1991.27197265625,46483453594,19453998121,11.10252381717541,-0.03631346968520788,68933.078125,91538.76962890624,0.509901339233168,7.596528895767897,-0.03372766989245335,2043.9933618164061,3104.329055786133,0.6472134996224606
2026-03-28,66319.6953125,1992.694580078125,20924883455,8641221084,11.10224219559627,-0.0002816215791394683,68848.36421875,91312.71537109376,0.5093334422723479,7.597243062146309,0.000714166378411818,2042.5795141601564,3092.747321166992,0.6456320912969892
2026-03-29,65954.921875,1982.5596923828125,21645889785,9451184647,11.09672678576257,-0.005515409833700247,68781.82328125,91072.71318359375,0.5029166736275447,7.592144062706568,-0.005098999439741014,2040.4197216796874,3080.9143896484375,0.6223665680500543
2026-03-30,66691.4453125,2023.514892578125,37694994180,17840662425,11.10783196749378,0.011105181731210223,68710.35765625,90828.63271484376,0.5009292466428635,7.612591324100117,0.020447261393548466,2039.1147607421874,3068.7257971191407,0.6234064349313034
2026-03-31,68233.3125,2104.708251953125,42997691338,21278561395,11.130688177656358,0.022856210162577995,68672.60828125,90589.29138671875,0.5024051181628392,7.651932138863969,0.039340814763852094,2039.1375732421875,3055.6731079101564,0.6351588817208211
2026-04-01,68078.5546875,2138.737060546875,36465393617,19542997434,11.128417533402338,-0.0022706442540201266,68658.30015625,90349.93162109375,0.47679130566644007,7.667970775180796,0.01603863631682767,2041.5223657226563,3043.0258947753905,0.6191743227548342
2026-04-02,66888.5703125,2056.8525390625,39323384518,18847170816,11.110783384173462,-0.01763414922887563,68656.2321875,90107.33619140626,0.4800864314570194,7.62893219970483,-0.03903857547596612,2043.8469897460936,3030.2621691894533,0.6300757851807632
2026-04-03,66931.1015625,2053.38525390625,22815543346,9609678843,11.111419034385964,0.0006356502125015595,68670.41734375,89864.76732421874,0.422325237376324,7.627245053533074,-0.0016871461717560265,2045.9758813476562,3017.8949938964843,0.5791675777345721
2026-04-04,67290.515625,2065.3515625,15878814963,6926913517,11.116774578881493,0.00535554449552933,68639.07078125,89617.00396484375,0.4146673799246372,7.633055739088575,0.005810685555500683,2046.3123657226563,3005.7039294433594,0.5725025180789621
2026-04-05,68981.8984375,2108.99560546875,22972648674,9928800793,11.141599407676342,0.024824828794848486,68623.35625,89379.57091796875,0.4020936074308618,7.653967096772834,0.020911357684259002,2046.7720825195313,2993.285240478516,0.5523529036168789
2026-04-06,68859.828125,2107.761474609375,39542143229,19097527675,11.13982824088301,-0.001771166793332668,68624.7890625,89138.18404296874,0.39938093865926333,7.653381750796684,-0.000585345976150009,2049.6064526367186,2980.874453125,0.5518978807002864
2026-04-07,71940.703125,2241.806640625,44650511480,22588914083,11.18359749097166,0.04376925008865129,68686.74,88919.44326171876,0.41938300469019807,7.715037355767013,0.06165560497032896,2054.4842309570313,2969.7289013671875,0.5846560582563259
2026-04-08,71123.359375,2190.33544921875,42444631703,21469476310,11.172171104378759,-0.01142638659290185,68759.3228125,88696.45025390625,0.4043924861122887,7.691809984239982,-0.023227371527030805,2058.4470532226565,2958.269250488281,0.5860955932006597
2026-04-09,71767.828125,2189.14404296875,38799581473,17218638798,11.181191578366672,0.009020473987913391,68866.17296875,88478.75892578125,0.39849329615337664,7.6912658984501,-0.0005440857898824092,2063.1504516601562,2946.9583251953127,0.5822621425096205
2026-04-10,72979.046875,2245.148681640625,37722595732,17131968712,11.1979276498202,0.0167360714535274,68986.6034375,88279.91162109375,0.4022155544755914,7.716527025885667,0.02526112743556741,2069.089404296875,2937.1696813964845,0.5875323520190562
2026-04-11,73054.2734375,2285.39013671875,23287073965,12620960384,11.198957915638893,0.0010302658186933655,69087.58046875,88085.11048828125,0.4020881163221347,7.734292026924334,0.01776500103866674,2075.4167602539064,2927.769112548828,0.589249589841955
2026-04-12,70753.40625,2192.201171875,29882740487,15307071617,11.166955959222882,-0.03200195641601056,69142.57328125,87872.23435546875,0.41776532067697825,7.692661419347213,-0.04163060757712067,2079.7860400390623,2917.962772216797,0.6091072995001447
2026-04-13,74484.640625,2370.71484375,52278211554,23709131572,11.218348217005115,0.051392257782232775,69279.07828125,87699.41111328125,0.4547276251994916,7.770946810485899,0.07828539113868604,2088.04421875,2910.474676513672,0.6653467449777702
2026-04-14,74181.609375,2323.30859375,53540826530,25185167270,11.214271546346119,-0.004076670658996306,69470.375703125,87521.75501953125,0.4490617951688617,7.750747566715562,-0.020199243770337105,2097.400334472656,2901.9117797851563,0.6592104941959437
2026-04-15,74805.078125,2359.43701171875,38090174312,17004367348,11.222641051029846,0.008369504683727769,69684.87640625,87347.37068359375,0.4390680160987701,7.766178315204577,0.015430748489015045,2107.5296850585937,2893.615673828125,0.6042972660000793
2026-04-16,75152.1328125,2348.64501953125,41312783855,20602833116,11.227269775516918,0.004628724487071523,69828.7165625,87162.51814453125,0.43695853579389854,7.761593853414236,-0.004584461790341443,2113.410026855469,2884.651516113281,0.6023613741560534
2026-04-17,77126.875,2421.07177734375,54137194839,26467618336,11.253207072095321,0.02593729657840349,70022.17859375,86976.15060546875,0.42397156201098457,7.791965604306811,0.030371750892575378,2121.2956103515626,2875.670166015625,0.5818751289235689
2026-04-18,75726.2109375,2351.1005859375,26014416776,14400085617,11.234879627018817,-0.018327445076504745,70219.066875,86784.50123046876,0.4236200697825687,7.762638831945348,-0.02932677236146297,2129.7023852539064,2866.6958813476563,0.5810180870634228
2026-04-19,73856.3515625,2264.9169921875,30931515195,17083701612,11.209877290523893,-0.025002336494923227,70356.27671875,86560.53833984376,0.4337674917581579,7.725293389204739,-0.0373454427406088,2135.6997143554686,2856.2649047851564,0.5979205277694309
2026-04-20,75872.5234375,2315.21240234375,39674447916,19084768822,11.236809887796152,0.026932597272258718,70558.96515625,86336.49466796876,0.4307397189376119,7.7472567127839795,0.021963323579240246,2143.2226293945314,2845.40134765625,0.5882795092982883
2026-04-21,76352.7734375,2327.970458984375,36453522626,16107716719,11.243119635298099,0.006309747501946461,70710.50359375,86106.92587890624,0.4269424056602259,7.752752119331116,0.005495406547136206,2149.23666015625,2834.466846923828,0.5857785978001113
2026-04-22,78203.1015625,2376.088134765625,48336654537,22465555335,11.267064587671442,0.023944952373343042,70908.69265625,85885.81423828125,0.40827712684247114,7.773210773551155,0.020458654220039563,2157.103044433594,2823.9013012695314,0.5682876446315942
2026-04-23,78268.953125,2331.513916015625,40354900916,19909161913,11.26790629153376,0.0008417038623189654,71019.86015625,85659.59162109374,0.40713024904062683,7.7542730849269494,-0.018937688624205862,2161.203215332031,2812.981756591797,0.5735527002196252
2026-04-24,77455.3125,2315.690185546875,32784213526,13371168064,11.25745643613306,-0.01044985540070087,71152.14390625,85423.10552734375,0.40896823852470743,7.747463058391883,-0.006810026535066349,2166.0849096679685,2801.1213500976564,0.5743648692867463
2026-04-25,77612.015625,2318.8291015625,16702933134,6545621782,11.259477534713103,0.002021098580042846,71341.654375,85203.90869140625,0.3844455004831704,7.7488176396552815,0.00135458126339838,2172.8864672851564,2790.459736328125,0.5410190586698554
2026-04-26,78657.5390625,2369.72900390625,21482934750,10622966933,11.272858759741242,0.013381225028139099,71569.35328125,84980.42205078126,0.3569151786896991,7.77053088324801,0.021713243592728304,2180.8919384765627,2779.6701416015626,0.5267951579575544
2026-04-27,77366.625,2303.06396484375,38135631927,17879618684,11.256310765033309,-0.016547994707933,71797.29015625,84758.72724609375,0.36475726639054645,7.741995674008904,-0.028535209239105797,2188.221123046875,2769.3397436523437,0.5400617287511206
2026-04-28,76350.671875,2289.419677734375,32056900880,12761522276,11.243092110542571,-0.013218654490737336,71956.2559375,84574.40876953125,0.36855822641433267,7.736053648596549,-0.005942025412355001,2194.150751953125,2761.5717980957033,0.540264672776134
2026-04-29,75776.1328125,2253.415771484375,41460907886,21884731493,11.23553865150083,-0.007553459041741206,72073.24015625,84399.25001953125,0.370332990477036,7.720202464677959,-0.015851183918590195,2198.476657714844,2754.085819091797,0.5418638916031162
2026-04-30,76304.3203125,2256.251220703125,29497862305,12309496389,11.242484838375965,0.006946186875135041,72195.22890625,84204.92279296875,0.3643862614006346,7.721459963112901,0.0012574984349420504,2202.570217285156,2744.5449365234376,0.5262954928121776
2026-05-01,78179.0,2295.09375,39164328894,13243880777,11.26675634827,0.024271509894035148,72348.9396875,84019.46240234375,0.3705963891954416,7.738528971333523,0.01706900822062174,2207.009367675781,2734.79306640625,0.5266457487251366
2026-05-02,78657.25,2316.23193359375,16761531851,6905015549,11.272855084784783,0.0060987365147830985,72502.719375,83847.15533203125,0.3618077078743143,7.747696977717559,0.009168006384036254,2211.482736816406,2725.747165527344,0.5053742706198296
2026-05-03,78538.2265625,2321.6357421875,20544392639,9861070993,11.271340747822318,-0.0015143369624652792,72649.19140625,83685.93064453125,0.36224168027699355,7.7500272775091315,0.002330299791572621,2215.9737182617187,2717.418046875,0.5050035162208162
2026-05-04,79827.90625,2346.39697265625,54325085296,25497505008,11.287628424687226,0.016287676864907397,72789.95125,83544.13998046875,0.36425255263436374,7.760636227454538,0.010608949945406287,2219.3521313476563,2709.676259765625,0.5054860717910831
2026-05-05,80927.0546875,2361.1826171875,39700107376,17739612383,11.30130346849375,0.013675043806523846,72911.270625,83416.43630859375,0.35891973820841344,7.766917881484235,0.006281654029697492,2219.552263183594,2702.3193786621096,0.5019814466761869
2026-05-06,81427.53125,2350.802001953125,41751540000,22745786496,11.307468716551023,0.006165248057273587,73061.37171875,83287.58263671875,0.3580116747215475,7.762511826343172,-0.004406055141063625,2220.2072338867188,2694.621657714844,0.5025747536866149
2026-05-07,80009.9921875,2291.107666015625,36931193154,23409823896,11.28990680820012,-0.017561908350902655,73236.66,83144.29904296875,0.33910350229005226,7.736790676554679,-0.025721149788492603,2221.9559545898437,2686.1539477539063,0.4667554910623305
2026-05-08,80186.765625,2306.97216796875,33789351540,20013463010,11.292113763093141,0.002206954893020807,73442.13953125,82992.28822265625,0.3348359338890659,7.743691193934856,0.006900517380176829,2225.346921386719,2677.785007324219,0.45906304899261924
2026-05-09,80664.3671875,2326.727294921875,18102086996,12217205123,11.298052210124329,0.005938447031187621,73644.97515625,82853.22560546875,0.33442641262566686,7.75221796473815,0.008526770803293893,2228.951525878906,2670.034822998047,0.4595876961557867
2026-05-10,82138.9296875,2369.0439453125,26965971077,19587186882,11.31616735708112,0.018115146956791506,73913.52328125,82725.47732421875,0.3351267308711832,7.770241754139752,0.018023789401602208,2234.798605957031,2662.839431152344,0.45566014635815755
2026-05-11,81728.296875,2339.36083984375,32409774919,15525623296,11.311155571861631,-0.005011785219489084,74191.185,82583.77017578125,0.33644737811943903,7.7576330256748385,-0.012608728464913455,2240.5248559570314,2655.256103515625,0.454573314827122
2026-05-12,80477.4921875,2274.6435546875,32186688600,16145394773,11.295732824155964,-0.015422747705667206,74382.43765625,82430.98802734374,0.3187861709378928,7.729578639851332,-0.0280543858235065,2242.9748071289064,2646.956484375,0.4408927173115216
2026-05-13,79277.1171875,2257.576416015625,34075428359,15193768365,11.280704805924728,-0.015028018231236118,74557.6228125,82269.16498046875,0.2766784967086301,7.722047134559056,-0.007531505292275753,2245.0122485351562,2638.47701171875,0.34283093815132987
2026-05-14,81051.25,2280.934814453125,43731663431,17563432027,11.30283694962355,0.02213214369882266,74752.45015625,82102.05900390625,0.28433687024920395,7.732340644257945,0.010293509698889203,2247.2705151367186,2629.0917395019533,0.3385149897936523
2026-05-15,79065.6796875,2223.328857421875,38183347368,18146855938,11.278034174486583,-0.02480277513696727,74957.93125,81926.79076171874,0.29951969685055735,7.7067608370859535,-0.02557980717199193,2250.545524902344,2619.6077734375,0.344226665342884
2026-05-16,78131.4375,2179.751953125,25895799905,11451672017,11.266147783644008,-0.011886390842574812,75193.7925,81752.66712890625,0.3031069583912832,7.686966366339178,-0.019794470746775872,2254.3151245117188,2610.5952209472657,0.34971937477686915
2026-05-17,77429.3515625,2127.645263671875,20900166465,10143205921,11.257121206846154,-0.009026576797854347,75415.985625,81589.53736328126,0.2916500662830986,7.662771137163331,-0.024195229175846933,2257.014138183594,2601.716682128906,0.3367425646894588
2026-05-18,76954.171875,2128.51611328125,41520471808,19890789125,11.250965353197033,-0.006155853649120857,75635.970625,81432.78048828125,0.2849683032382167,7.663180355491491,0.0004092183281603212,2259.9332666015625,2593.3373864746095,0.3246926575269131
2026-05-19,76750.90625,2109.9638671875,26031898332,12030742868,11.248320473197321,-0.002644879999712302,75837.15984375,81268.75419921875,0.2700289917785014,7.654426101767798,-0.008754253723693317,2261.66224609375,2584.6518041992185,0.3014617999864578
2026-05-20,77457.7734375,2126.9833984375,26668360936,12076799234,11.257488207980936,0.00916773478361499,76021.6490625,81105.72298828125,0.25550839408026044,7.6624600100158045,0.00803390824800676,2262.1077490234375,2575.91578125,0.29105060465673976
2026-05-21,77539.171875,2131.41064453125,27141485404,14344389472,11.258538531196262,0.0010503232153258324,76210.86140625,80940.22072265625,0.25470960066262965,7.664539313924357,0.00207930390855271,2261.961220703125,2567.017518310547,0.2900634723651849
2026-05-22,75488.2421875,2064.636962890625,27859040109,13229489284,11.23173219049364,-0.026806340702622222,76382.85484375,80784.92431640625,0.257450454649976,7.63270968504406,-0.03182962888029728,2262.1169091796874,2559.3291625976562,0.294283668847428
2026-05-23,76673.3671875,2115.951416015625,29973220002,16650709488,11.247309693516058,0.015577503022418782,76577.70015625,80660.33853515625,0.2639540465290667,7.657259832419525,0.024550147375465237,2263.368232421875,2553.446047363281,0.30660767158773
2026-05-24,76981.125,2097.993896484375,20572738918,10602558120,11.251315540916453,0.004005847400394558,76771.51234375,80525.78498046874,0.26203331115098927,7.648736879745326,-0.008522952674199225,2264.0210791015625,2546.8101611328125,0.3069171960543809
2026-05-25,77279.9296875,2111.370361328125,19808387601,10167436482,11.255189559045148,0.0038740181286947006,76937.47296875,80405.67818359374,0.26231096937502435,7.655092476007095,0.006355596261768959,2264.06857421875,2540.805723876953,0.308362222934251
2026-05-26,75825.734375,2070.858154296875,35999475458,15924080901,11.236193017640115,-0.018996541405032374,77076.79109375,80267.94482421875,0.2655918945796428,7.635718367643314,-0.019374108363781062,2263.3305078125,2533.9835095214844,0.2998968626690269
2026-05-27,74344.703125,2022.1982421875,33802172927,14534289020,11.216467706916006,-0.01972531072410888,77124.87109375,80128.25775390625,0.26811872323805386,7.611940437399429,-0.023777930243884526,2258.93833984375,2527.0926208496094,0.2955240483757954
2026-05-28,73536.5546875,2007.552734375,40148145327,18109844096,11.20553790425412,-0.010929802661886256,77173.135,79972.34232421876,0.26695749439813526,7.6046717141558515,-0.007268723243577746,2255.282685546875,2519.2172778320314,0.2956510455587481
2026-05-29,73372.5234375,2011.978515625,34457929250,14941194039,11.20330480443131,-0.0022330998228099475,77205.22890625,79809.22197265625,0.266020185943506,7.606873853043831,0.002202138887979821,2251.739375,2511.434870605469,0.2935330078863234
2026-05-30,73754.8359375,2019.458251953125,19563589191,7478416074,11.208501844086213,0.005197039654902369,77220.7446875,79663.00880859375,0.265425718843354,7.610584562322904,0.003710709279072688,2247.22556640625,2504.455750732422,0.29418664751175116
2026-05-31,73579.6875,2004.341552734375,17445435650,9253505209,11.206124281571736,-0.0023775625144768497,77231.25296875,79522.59130859375,0.24909740445066364,7.6030708831784715,-0.007513679144432572,2241.6045947265625,2497.4119873046875,0.2846907020264668
2026-06-01,71319.7734375,2003.22119140625,43378836121,19458810001,11.174928895268442,-0.03119538630329366,77242.5803125,79380.70271484375,0.2671119777237542,7.602511759626906,-0.0005591235515653992,2237.8249951171874,2491.2643078613282,0.2808016147030726
2026-06-02,66703.65625,1857.71630859375,54990073882,25205401403,11.108015046743184,-0.0669138485252585,77086.960625,79242.23205078125,0.34713983519876995,7.52710322127563,-0.07540853835127592,2227.5650244140625,2485.0339611816407,0.37194929893823664
2026-06-03,64014.3671875,1811.7322998046875,47411556213,24083350214,11.066862824452992,-0.04115222229019189,76883.61578125,79084.55814453126,0.35948008786875696,7.502038738274046,-0.025064483001584037,2217.333498535156,2478.259465942383,0.3709852472736438
2026-06-04,63801.57421875,1769.58056640625,63800151780,27112623897,11.063533143303555,-0.0033296811494363254,76663.545703125,78932.680625,0.3517676732766123,7.478497829354429,-0.023540908919617465,2205.5363696289064,2471.643131713867,0.37049185012242575
2026-06-05,60922.66796875,1580.86083984375,71465606706,39924177669,11.017360600678343,-0.04617254262521264,76378.95640625,78776.82458984375,0.37216074186004144,7.3657248129962705,-0.11277301635815817,2190.180686035156,2464.424741821289,0.515689523574358
2026-06-06,60867.4140625,1568.7677001953125,30898464957,18426248218,11.016453237630065,-0.000907363048277432,76053.7671875,78616.41728515625,0.37224975714516356,7.358045685809469,-0.007679127186801082,2173.1346044921875,2456.653685302734,0.51402471275975
2026-06-07,63239.51953125,1686.396240234375,36006496194,15172606860,11.054684693749481,0.0382314561194157,75804.033359375,78475.284921875,0.40574188406038597,7.430349128882019,0.07230344307254999,2159.840517578125,2449.9703125,0.5902629858184684
2026-06-08,63090.58984375,1690.1485595703125,34133252457,17427269148,11.052326906564296,-0.0023577871851845345,75588.718125,78357.57837890626,0.4032008453145324,7.432571709124885,0.0022225802428659236,2148.3451489257814,2444.2621673583985,0.5881184486068007
2026-06-09,61643.78125,1637.7066650390625,40144449754,15196855528,11.029127631647324,-0.023199274916972712,75304.14328125,78240.34384765624,0.39494325860643176,7.401052167203333,-0.031519541921552374,2134.7950341796877,2438.622204589844,0.5830789085960538
2026-06-10,61449.2890625,1620.1376953125,27493506779,12655731412,11.025967545561917,-0.0031600860854066326,75006.07359375,78124.34849609375,0.39526480632289035,7.390266421720862,-0.010785745482470688,2120.63837890625,2432.884855957031,0.5831016802621187
2026-06-11,63561.0546875,1672.2806396484375,29316677897,12379882531,11.059756214085983,0.03378866852406581,74713.23265625,78008.12873046874,0.4223386050288229,7.421943626239656,0.03167720451879408,2106.5622290039064,2427.23787902832,0.5997054213941692
2026-06-12,63543.19921875,1665.1278076171875,26881868307,9989137815,11.059475256237308,-0.00028095784867510076,74418.717578125,77884.4919140625,0.42232349305793193,7.417657160800188,-0.004286465439467868,2093.2345068359373,2420.799951171875,0.5999976167315921
2026-06-13,64421.32421875,1680.214599609375,16956245530,6101094488,11.073199978693012,0.013724722455703997,74158.0378125,77769.88908203125,0.41589966063894057,7.426676802102242,0.009019641302053572,2080.5249951171877,2414.4113427734374,0.5994676408709596
2026-06-14,65710.3984375,1724.61328125,21572226975,7804982667,11.093012463448328,0.019812484755316717,73920.00546875,77645.84923828125,0.421819669784045,7.452758119549687,0.026081317447444796,2068.6406787109377,2407.8953491210937,0.6097685721299402
2026-06-15,66289.5,1794.961181640625,32927321950,17921331594,11.101786792591213,0.00877432914288434,73672.6446875,77520.86986328124,0.4244420141508988,7.492738674861588,0.039980555311901256,2057.145322265625,2401.7974438476563,0.631066765331952
2026-06-16,65600.640625,1790.398193359375,25063963967,14698492893,11.091340740509496,-0.010446052081716672,73437.325,77394.27673828125,0.424620194419924,7.490193328486204,-0.00254534637538395,2046.8920068359375,2395.587912597656,0.6279254881136087
2026-06-17,64418.4453125,1747.885498046875,31288885189,14185457929,11.073155288978633,-0.01818545153086326,73198.68046875,77262.11017578124,0.42691180184524397,7.466162049520121,-0.024031278966083036,2036.0613232421874,2389.368913574219,0.6306878158009991
2026-06-18,62896.47265625,1709.533447265625,30432454936,12942260783,11.04924536251909,-0.023909926459543485,72941.087265625,77124.6209765625,0.43127553196672097,7.443975774413326,-0.022186275106794717,2025.1836767578125,2382.956018066406,0.6330100109716329
2026-06-19,63540.8359375,1710.982421875,22361931660,7855725190,11.05943806381975,0.01019270130066019,72685.817578125,77010.7173046875,0.43176279636206044,7.444823000242108,0.0008472258287817169,2014.27830078125,2377.5099853515626,0.6313538001601087
2026-06-20,64239.67578125,1739.3013916015625,17486384117,7773536600,11.070376301616157,0.01093823779640779,72407.03109375,76875.16466796875,0.43533120688393967,7.461238812506677,0.016415812264568785,2003.1624536132813,2371.2167938232424,0.635984867805001
2026-06-21,63237.5390625,1704.58056640625,15739619591,8498711726,11.05465337631101,-0.015722925305146518,72098.636875,76723.71333984374,0.4304403022553662,7.4410743573463645,-0.0201644551603124,1990.9294262695312,2363.781837768555,0.6314869637198971
2026-06-22,63952.10546875,1726.5108642578125,26561496819,13584368622,11.065889730135853,0.011236353824841672,71806.914453125,76582.7657421875,0.42797295835954324,7.453857809458851,0.01278345211248677,1979.0269287109375,2356.742810058594,0.6255370568254891
2026-06-23,62668.01953125,1665.436767578125,29608942370,10431438278,11.04560654117558,-0.02028318896027237,71463.71671875,76449.16705078125,0.42917597245070227,7.417842690883661,-0.03601511857519046,1965.407724609375,2349.947829589844,0.6337969415663477
2026-06-24,60995.1328125,1619.9249267578125,42644106535,14059894232,11.018549350013044,-0.027057191162535688,71065.07828125,76307.78083984375,0.43298621461676345,7.390135085645106,-0.027707605238554756,1950.5825708007812,2342.8464154052735,0.6354262963979602
2026-06-25,59721.67578125,1564.816650390625,40625024718,15976182558,10.997450311896575,-0.021099038116469515,70630.961171875,76154.361015625,0.4337265993358808,7.355523939810998,-0.03461114583410829,1934.8628637695313,2335.363989868164,0.6408079050842691
2026-06-26,60016.4296875,1576.6160888671875,41502864671,15272225856,11.00237363184516,0.004923319948584748,70231.089921875,76001.2421484375,0.43383121986855305,7.363036113360741,0.00751217354974365,1920.5730322265624,2327.6210803222657,0.6412290165760715
2026-06-27,59940.09765625,1571.5882568359375,15099836554,6111411513,11.001100970102726,-0.0012726617424334563,69826.1565625,75837.48408203125,0.43407609964361377,7.359842015548942,-0.003194097811799246,1905.8653540039063,2318.8734466552733,0.6414687043885231
2026-06-28,59532.33984375,1570.3612060546875,16282230874,6231562560,10.994274970662254,-0.006825999440472685,69403.516015625,75675.0410546875,0.43376148935190445,7.35906093943163,-0.0007810761173123737,1890.7380322265626,2310.098302001953,0.6409463008302573
2026-06-29,60138.37890625,1610.205810546875,30829983083,11882501822,11.00440350084583,0.010128530183576956,68963.505,75513.17626953125,0.43583828868766694,7.384117282446423,0.025056343014793647,1875.56126953125,2301.9640466308592,0.6502215615612621
2026-06-30,58558.859375,1569.5838623046875,32747419391,9639804637,10.977787670559568,-0.026615830286262465,68500.11625,75354.61849609375,0.4409110634550752,7.358565807351955,-0.025551475094468756,1860.1657299804688,2294.3911029052733,0.6532462435322774
2026-07-01,60003.7578125,1608.960693359375,37904450118,11666600557,11.002162469451381,0.024374798891813043,68090.6415625,75203.14373046876,0.446075568415019,7.383343717458046,0.024777910106091205,1846.8520727539062,2286.8524298095704,0.6628595309748576
2026-07-02,61485.30078125,1698.16943359375,40109297349,13538465176,11.026553413539771,0.024390944088390043,67734.805234375,75069.6943359375,0.39981916792385297,7.4373061461062235,0.053962428648177685,1835.6639331054687,2280.0403033447265,0.6490237039129387
2026-07-03,62544.19921875,1756.5186767578125,26131813598,10177742550,11.043628773285242,0.01707535974547092,67364.66421875,74950.31642578125,0.3804837487440867,7.471089104588613,0.03378295848238988,1825.1756103515625,2274.001981201172,0.6562547881256108
2026-07-04,63088.3046875,1779.032958984375,18608397613,8083146790,11.052290685669213,0.008661912383971071,67045.11671875,74826.53802734375,0.38176710107198214,7.483825214185829,0.012736109597215162,1816.2896923828125,2268.076241455078,0.6527839957432647
2026-07-05,63547.8828125,1783.0059814453125,18267466154,11323496681,11.059548960759722,0.007258275090508803,66753.445625,74713.55865234375,0.3447940211734439,7.486055972566045,0.0022307583802163578,1808.3547729492188,2262.834253540039,0.5099592549199145
2026-07-06,63995.015625,1797.57373046875,36552222303,16997487730,11.066560478449562,0.0070115176898397635,66484.75890625,74606.22119140625,0.34523133889617486,7.494193107095419,0.008137134529373924,1801.7533422851564,2257.6867767333983,0.5083775537821307
2026-07-07,63297.39453125,1768.511474609375,31026493556,9901110376,11.055599446641384,-0.010961031808177424,66211.623359375,74482.19125,0.32148605582890705,7.477893496953225,-0.01629961014219372,1794.5532495117188,2251.6394805908203,0.4503575002506392
2026-07-08,62257.57421875,1742.6776123046875,27349235354,10110272581,11.039035481122037,-0.01656396551934769,65921.75671875,74351.75912109375,0.3265926570974096,7.463178067026833,-0.014715429926392076,1787.2075244140624,2245.4649560546877,0.45391686773149087
2026-07-09,63193.1484375,1744.484619140625,26546256117,7763668656,11.053951163459022,0.01491568233698537,65636.46421875,74224.61611328126,0.3201632846484273,7.464214443815605,0.0010363767887717756,1779.557548828125,2239.1793103027344,0.43848504743288685
2026-07-10,64127.140625,1795.6932373046875,27450201269,9431692646,11.068622963982179,0.014671800523156975,65368.22359375,74102.80173828125,0.3233934859193868,7.493146430991135,0.028931987175529805,1772.8432006835938,2233.1274078369142,0.44561594406581617
2026-07-11,63802.02734375,1788.099609375,13954689047,6901680020,11.063540245375822,-0.005082718606356451,65134.499296875,73984.741875,0.30215309390704875,7.488908664122993,-0.004237766868141257,1767.3124536132811,2227.2510357666015,0.4344297620463843
2026-07-12,63758.21875,1805.7880859375,19043437787,6064480351,11.062853376279628,-0.0006868690961940871,64876.196328125,73865.4731640625,0.30216329419470855,7.498752388187144,0.009843724064150905,1761.1091870117189,2221.55202331543,0.43455704250006993
2026-07-13,62239.12109375,1773.500732421875,37650044790,11436340419,11.038739037508192,-0.02411433877143665,64581.35625,73740.49505859375,0.3094467219301043,7.480710687194631,-0.01804170099251312,1754.6193237304688,2215.9016290283203,0.43982598590873023
2026-07-14,64956.11328125,1889.4798583984373,29841287318,13835437084,11.081467140552451,0.04272810304425967,64334.879921875,73628.7684765625,0.3379905027523322,7.544056862980644,0.06334617578601254,1750.181513671875,2210.7203002929687,0.4828232829390437
2026-07-15,64712.375,1916.9437255859373,27029791676,12684088080,11.077707729587662,-0.003759410964789822,64112.612734375,73513.3195703125,0.3365399497542696,7.558487387156203,0.014430524175558901,1747.1032250976561,2205.56502746582,0.46615914778436796
2026-07-16,63789.28125,1863.193359375,27232426674,11412820341,11.063340449732486,-0.014367279855175497,63901.504296875,73393.086796875,0.3382278570276723,7.530047154467065,-0.02844023268913798,1743.9231274414062,2200.1381536865233,0.4780694318244092
2026-07-17,63899.4609375,1840.9881591796875,27280236800,10651207679,11.065066204297178,0.0017257545646920391,63708.762421875,73276.8933984375,0.33252766759578445,7.51805774947947,-0.011989404987594376,1740.5918359375,2194.6704028320314,0.47183419639177393
2026-07-18,64796.6015625,1861.39208984375,14162542470,4754880124,11.07900843594193,0.013942231644751502,63537.243984375,73158.7257421875,0.3247794568857935,7.529079922169007,0.01102217268953698,1737.580107421875,2189.1202795410154,0.4648145293612176
2026-07-19,64690.8046875,1871.508544921875,15000653941,7004738486,11.077374348093453,-0.0016340878484761845,63355.963359375,73044.635625,0.32317856294653763,7.534500093148581,0.005420170979573591,1734.62111328125,2183.642634277344,0.46484185415542734
2026-07-20,65230.02734375,1903.7589111328125,30988932408,12042633315,11.085675183979843,0.008300835886389635,63188.97015625,72927.12583984375,0.3222460539310919,7.551585585029835,0.017085491881253745,1732.6094604492187,2178.1594573974608,0.4650911132590541
2026-07-21,66505.125,1928.3837890625,29554470321,12526770542,11.105034291343559,0.019359107363715822,63092.6771875,72809.92798828126,0.3232357930487593,7.564437516077599,0.012851931047764609,1731.1127124023437,2172.179263305664,0.4585965221102841
2026-07-22,66100.796875,1933.4901123046875,28142272410,10800957306,11.09893608136469,-0.006098209978869562,63080.62,72687.41603515625,0.3224392731239669,7.567081997149966,0.002644481072366922,1732.6281884765624,2166.2171264648437,0.45754602642078457
2026-07-23,65044.8125,1877.1002197265625,24364433538,9768559906,11.08283173441178,-0.01610434695290941,63101.22890625,72555.57263671875,0.31926486628872736,7.537483428728818,-0.029598568421148386,1733.935546875,2159.899075317383,0.4510238691157803
2026-07-24,64098.49609375,1860.1767578125,25917559237,9056489653,11.068176180757552,-0.01465555365422766,63107.16734375,72406.65234375,0.3081675524151869,7.528426793274069,-0.009056635454748552,1735.747470703125,2153.0693072509766,0.4390603968054439
2026-07-25,64311.8125,1873.222412109375,13817493398,4367514252,11.071498602528985,0.0033224217714327153,63174.950234375,72259.56625,0.29704550165552496,7.535415441848838,0.006988648574768774,1741.5947021484376,2145.955685424805,0.41564186635910844
2026-07-26,65340.30078125,1953.4112548828125,14301494281,6638236222,11.087364288469383,0.01586568594039761,63264.40796875,72129.72748046875,0.30061444042382024,7.577332484685533,0.04191704283669484,1749.2875732421876,2139.8885217285156,0.43413424129839906
2026-07-27,63724.8984375,1890.613525390625,26183821002,13679804759,11.062330635480787,-0.02503365298859528,63274.115546875,71993.21634765626,0.3157433346389728,7.544656671985912,-0.03267581269962072,1753.3719189453125,2133.8196765136718,0.45466366188739255
2026-07-28,63871.36328125,1919.948486328125,24128738898,11476069704,11.064626390953643,0.002295755472855987,63289.731015625,71860.00765625,0.3141181154438474,7.5600536346244605,0.015396962638548395,1757.9679174804687,2128.0041833496093,0.4550566221991883
2026-07-29,63908.16796875,1908.51904296875,28611167472,12003429702,11.065202456433894,0.0005760654802511311,63335.01875,71727.61525390625,0.31290380047914773,7.554082850112319,-0.0059707845121410585,1763.3841650390625,2122.1347985839843,0.45216387053235235
2026-07-30,64725.30859375,1917.3729248046875,26250039650,8075086285,11.07790757237585,0.012705115941955114,63400.539140625,71597.1044921875,0.29727045079729114,7.558711259757074,0.004628409644754861,1769.3288696289062,2116.1272369384765,0.43797067018605074
2026-07-31,62813.74609375,1860.345947265625,30439749629,10253082786,11.047929215347214,-0.029978357028635827,63385.59296875,71455.20826171876,0.3090789827616505,7.528517742566226,-0.030193517190848063,1773.09017578125,2109.967340698242,0.4511421903589921
2026-08-01,62763.3203125,1843.417724609375,13553286543,4889749337,11.047126110363104,-0.0008031049841097371,63369.995390625,71292.41595703125,0.2979116896876724,7.519376586686049,-0.009141155880176832,1776.6559741210938,2102.5739520263674,0.4170693521336844
2026-08-02,63482.0,1882.52197265625,15901776708,5798420478,11.058511680130179,0.011385569767075054,63351.20890625,71125.17931640625,0.29461473455975873,7.540367631667683,0.020991044981633955,1780.7021215820312,2095.2129486083986,0.40735781120237935
2026-08-03,63460.8984375,1858.2564697265625,26038889824,7822619495,11.058179222577152,-0.00033245755302679925,63306.21890625,70964.72787109375,0.29314379905000554,7.527393945222677,-0.012973686445006294,1783.3749853515626,2087.9187243652345,0.4089431100184845
2026-08-04,64055.953125,1868.3858642578125,23662357784,7950029763,11.067512247970637,0.009333025393484462,63261.54796875,70807.38205078125,0.2938613317151005,7.532830162905591,0.005436217682913913,1784.8434790039062,2080.7832427978515,0.409172693645867
2026-08-05,64597.5,1906.5260009765625,23568584891,9791973976,11.075930989331438,0.008418741360801008,63241.48515625,70654.86994140624,0.2943085852182419,7.553038017272579,0.02020785436698791,1787.16603515625,2073.771551513672,0.4137556313105715
2026-08-06,64262.11328125,1902.0574951171875,18529402711,7974662808,11.07072551854756,-0.005205470783877786,63238.358515625,70508.008359375,0.2922110183129041,7.550691471416693,-0.0023465458558860064,1790.2494750976562,2066.876050415039,0.40883803109430017
2026-08-07,64880.19140625,1913.2794189453125,22165720102,9081145963,11.080297638942927,0.009572120395366923,63278.032890625,70369.64134765624,0.2871741243667659,7.5565740219969095,0.005882550580216694,1794.32439453125,2060.5093420410158,0.40425538063518
2026-08-08,64904.6875,1915.532958984375,12350094271,3746718589,11.080675126586284,0.0003774876433570995,63305.309921875,70252.61025390626,0.2829934522472566,7.5577511704580225,0.0011771484611129424,1798.4154052734375,2055.4089782714846,0.4042465763950386
2026-08-09,64844.88671875,1908.6827392578125,13234538380,4645577105,11.07975333881404,-0.0009217877722438317,63317.414140625,70129.9498828125,0.2786293380696761,7.55416861780211,-0.003582552655912785,1801.8030322265624,2050.057886352539,0.39389057888534146
2026-08-10,63910.5859375,1871.2786865234373,22384770392,8786188281,11.065240290768472,-0.01451304804556841,63330.875078125,70002.190546875,0.2828620380918568,7.534377265755778,-0.019791352046331312,1805.1369946289062,2044.66611328125,0.40068520564635074
2026-08-11,63551.875,1881.37353515625,20824820662,7957496158,11.059611780509657,-0.005628510258814501,63322.87046875,69872.430546875,0.28354987432700257,7.539757392869473,0.0053801271136943996,1808.234248046875,2039.30669921875,0.3998190807501091
2026-08-12,63402.43359375,1878.135009765625,23063864553,7655429787,11.057257524448104,-0.0023542560615528174,63337.55875,69743.88904296875,0.27020719493487644,7.538034547368271,-0.0017228455012014976,1812.488212890625,2033.953670654297,0.3938560746417245
2026-08-13,63402.171875,1883.9913330078125,18765583756,7043525922,11.05725339654204,-4.127906064965714e-06,63385.69953125,69628.03880859374,0.22345313257530744,7.541147854811403,0.003113307443131319,1817.769541015625,2029.2941156005859,0.3257522379048545
2026-08-14,62975.59375,1880.6500244140625,20280053024,5615035669,11.050502529520946,-0.0067508670210933985,63450.777890625,69501.58107421875,0.2241929820304817,7.539372753730642,-0.0017751010807609546,1824.0862084960938,2024.0650805664063,0.321533031837806
2026-08-15,63024.3203125,1880.9083251953125,10033057106,3145101774,11.05127596758702,0.0007734380660746609,63510.935703125,69371.18982421875,0.21890966178590815,7.539510090843428,0.00013733711278618443,1830.1720532226564,2018.3585675048828,0.30548180434168876
2026-08-16,62818.65234375,1873.9429931640625,9078986635,3727196539,11.048007320200158,-0.003268647386862611,63568.506796875,69239.360234375,0.2189917885119378,7.53580004246591,-0.0037100483775178716,1836.2191479492187,2012.695245361328,0.3026361880806382
2026-08-17,64506.25390625,1912.2021484375,21555405073,7808026613,11.074517457870389,0.026510137670230804,63667.985078125,69139.08357421875,0.23338782685855977,7.55601081419297,0.02021077172705965,1843.055966796875,2008.1650927734374,0.30826697128801056
2026-08-18,64680.7109375,1916.4595947265625,18728001793,6819426768,11.07721830524319,0.002700847372800297,63758.83171875,69041.84384765624,0.2335305804082913,7.558234801752844,0.0022239875598746295,1849.1810424804687,2004.2355145263673,0.3078781522088083
2026-08-19,69266.1875,2251.4580078125,46228098443,29624109549,11.145712151245892,0.0684938460027027,63972.97828125,68995.06919921875,0.33347281093233966,7.7193332888070945,0.16109848705425023,1862.818525390625,2003.2673455810548,0.6373319219168228
2026-08-20,73032.7578125,2326.384765625,55444322363,27856115157,11.198663356635654,0.05295120538976228,64233.55828125,68975.36076171875,0.37364562638916016,7.752070738841573,0.032737450034478144,1877.1670068359374,2003.5594451904296,0.6439234226654089
2026-08-21,78335.1875,2515.28173828125,74478039014,33328570085,11.268752174390817,0.07008881775516329,64570.556015625,68973.59287109374,0.4388067648302926,7.830140099433172,0.07806936059159941,1893.5092529296876,2004.4140704345702,0.6906507883268779
2026-08-22,77083.4140625,2424.251220703125,42131959963,23985294650,11.25264341400331,-0.01610876038750675,64861.3403125,68980.84220703125,0.4388095203009543,7.793277980722994,-0.03686211871017786,1906.8639038085937,2005.397532348633,0.6961720406733438
2026-08-23,77755.265625,2463.81591796875,31158396908,18269251440,11.261321552828626,0.008678138825315429,65154.67953125,69004.52001953125,0.4327183748004215,7.809466613246004,0.016188632523009616,1920.5595629882812,2006.9990911865234,0.6937116229923812
2026-08-24,78964.484375,2481.831298828125,55502180329,22852234269,11.276753465491156,0.015431912662529967,65463.0115625,69085.831953125,0.43368138997310507,7.816751993602815,0.007285380356811366,1934.5360693359376,2010.2998321533203,0.6936995853628776
2026-08-25,78564.9765625,2443.159423828125,46728068401,17270862024,11.271681288304325,-0.005072177186830729,65754.41078125,69125.8798828125,0.43434693503087735,7.801047326528538,-0.01570466707427709,1947.447783203125,2012.1986944580078,0.6887803075199388
2026-08-26,79027.421875,2506.260986328125,29329039002,13160062688,11.27755018356138,0.005868895257053808,66069.011328125,69174.6071484375,0.41955127266570535,7.826547274617591,0.025499948089052538,1962.2027734375,2014.2772528076173,0.6758873487307946
2026-08-27,80257.5390625,2510.41015625,34033075972,16865824214,11.292995981283784,0.015445797722405175,66429.010625,69224.5712109375,0.42013377760355264,7.828201427640598,0.0016541530230069768,1977.5574243164062,2016.3854888916017,0.6760515620444948
2026-08-28,77830.2890625,2442.535888671875,39362871737,16663209345,11.262285953970691,-0.030710027313093136,66721.7534375,69263.11875,0.44041201174897265,7.8007920772263395,-0.02740935041425807,1991.5184497070313,2018.0803302001952,0.6860637604705735
2026-08-29,78245.8125,2457.686279296875,14053131399,5787124142,11.267610592593458,0.005324638622766997,67004.126875,69310.3780078125,0.43986994078169206,7.806975649472885,0.00618357224654531,2004.758310546875,2020.2712744140624,0.6859826278146062
2026-08-30,77667.5703125,2417.938720703125,19314839672,12029653088,11.260193078736936,-0.007417513856522007,67281.437734375,69363.756015625,0.4231573163640072,7.790670687885496,-0.016304961587389144,2017.3550927734375,2022.657861328125,0.6778421135995567
2026-08-31,78548.6328125,2466.8203125,30608386987,13784743627,11.271473238217206,0.011280159480270058,67577.246015625,69425.3899609375,0.4224241093183091,7.810685277435633,0.02001458955013735,2030.5757373046874,2025.2572595214845,0.6757885036061907
2026-09-01,77403.625,2417.842041015625,30608796575,14125056444,11.256788893106435,-0.014684345110770991,67880.53609375,69468.1188671875,0.4291234425306738,7.790630702744615,-0.020054574691018345,2043.4625634765625,2027.1038330078125,0.6822993001906211
2026-09-02,77300.4765625,2391.5009765625,26525296646,14227785690,11.255455399660002,-0.001333493446432854,68127.423359375,69505.783125,0.4293414039214487,7.77967647146754,-0.010954231277074733,2053.502985839844,2028.6312890625,0.6815411758369395
2026-09-03,81271.7421875,2508.020751953125,40504199354,18436029856,11.305553660548366,0.050098260888363555,68458.610703125,69568.2008984375,0.45539207266595594,7.827249176022058,0.04757270455451845,2065.3245263671874,2031.3411779785156,0.6949435125523674
2026-09-04,79671.96875,2456.078125,37501874897,19101694317,11.285673093378243,-0.019880567170122987,68776.264453125,69622.3449609375,0.46559727503719156,7.80632109861453,-0.020928077407528,2077.1822216796877,2033.6319799804687,0.7019770068558537
2026-09-05,79823.8671875,2480.735595703125,18559708494,7652004156,11.287577826282789,0.0019047329045456252,69094.752578125,69683.993203125,0.4639104436111452,7.816310406349246,0.009989307734715958,2089.9771704101563,2036.0746862792969,0.7009085724702211
2026-09-06,80350.046875,2514.548828125,19391863269,11306580189,11.294147954550679,0.006570128267890496,69405.821484375,69753.6168359375,0.4638377271327464,7.829848674045473,0.013538267696226569,2103.040305175781,2038.8775598144532,0.7010087628695765
2026-09-07,79115.8515625,2490.9580078125,23414434445,12923076237,11.278668532698772,-0.015479421851907205,69694.322421875,69814.4084765625,0.46999924722028397,7.820422657557866,-0.009426016487607214,2115.429294433594,2041.5913446044922,0.7034900559845981
2026-09-08,78438.578125,2484.94140625,34680168667,13471038160,11.2700711532337,-0.008597379465072663,69958.4934375,69866.5742578125,0.47230218503955046,7.8180043592788975,-0.002418298278968223,2127.0529443359374,2044.1709399414062,0.7032447311212918
2026-09-09,78259.5234375,2466.913818359375,29192409298,14955608804,11.26778580626848,-0.002285346965219759,70193.58140625,69917.853046875,0.4674063338128538,7.810723182136983,-0.007281177141914341,2137.823544921875,2046.6368231201172,0.6981799725354095
2026-09-10,76568.125,2437.0986328125,30120111719,16781828594,11.245936146410195,-0.02184965985828491,70402.92796875,69962.39671875,0.47615661737837006,7.7985635258519475,-0.01215965628503568,2147.895715332031,2049.033286743164,0.70206118841394
2026-09-11,77173.796875,2514.73388671875,37410998193,27812010346,11.25381525967968,0.007879113269485316,70645.50765625,70025.18201171875,0.47517669390887496,7.829922266485718,0.03135874063377031,2160.648388671875,2052.3294421386718,0.7053980075070931
2026-09-12,77270.46875,2525.944580078125,12664765797,8012825772,11.255067127299808,0.0012518676201285217,70908.947109375,70091.134140625,0.47497874122972833,7.834370362874872,0.004448096389154443,2173.9637451171875,2055.6943176269533,0.7052557831666701
2026-09-13,76838.15625,2477.020751953125,13607872549,9643847552,11.24945662193038,-0.005610505369428864,71159.473984375,70135.524296875,0.47459199245149875,7.814811807311805,-0.019558555563067515,2186.0397119140625,2057.806281738281,0.7116203091385922
2026-09-14,78163.3828125,2514.406982421875,29909358382,16009578199,11.266556566390372,0.017099944459992855,71415.935625,70189.07234375,0.475471330563448,7.8297922624528855,0.014980455141080817,2197.2596264648437,2060.2443536376954,0.7111292717150357
2026-09-15,75612.5078125,2399.0869140625,39694675220,20275242052,11.233376995738027,-0.03317957065234545,71653.6878125,70237.7258984375,0.4947950702365224,7.782843491471675,-0.04694877098121086,2207.4290942382813,2062.5859790039062,0.7368997533492068
2026-09-16,76150.3203125,2416.119873046875,30053315577,15926017443,11.24046456465064,0.007087568912613307,71899.266953125,70283.498203125,0.48935846454263904,7.789918174151206,0.00707468267953093,2217.352521972656,2064.841325683594,0.7356362025078336
2026-09-17,76403.7734375,2447.106689453125,21917458567,11698754081,11.243787364478132,0.0033227998274920623,72149.1790625,70336.8265625,0.4893179899262987,7.802661662595658,0.012743488444452389,2228.1242749023436,2067.3815258789064,0.7355482766627481
2026-09-18,80901.4609375,2611.34716796875,40378562386,22570923683,11.30098716144348,0.057199796965347716,72472.702109375,70397.454609375,0.472323867718953,7.8676215234637565,0.06495986086809857,2242.003759765625,2070.301917114258,0.5322929452153973
2026-09-19,81233.6796875,2631.962646484375,20505634866,10007872025,11.305085214631216,0.004098053187735928,72841.10078125,70462.154765625,0.4397446144756791,7.875485100279293,0.007863576815536177,2257.43609375,2073.5478857421876,0.5229343035842009
2026-09-20,81142.609375,2642.99755859375,21259753701,10759191352,11.303963495166201,-0.0011217194650150475,73208.6865625,70504.314921875,0.36850174325038515,7.879668990878455,0.004183890599162687,2273.4276904296876,2076.1303466796876,0.4498119159875768
2026-09-21,86602.9140625,2776.46826171875,57676223471,26510460373,11.369088743666836,0.06512524850063528,73671.10484375,70583.1238671875,0.4251361739254668,7.928934989576799,0.049265998698343694,2291.3066162109376,2079.6546606445313,0.45725851081887664
2026-09-22,86172.28125,2752.632568359375,40800687783,15430420481,11.364103841714186,-0.004984901952649778,74125.3325,70673.3028125,0.4258665415948912,7.92031303032873,-0.008621959248069189,2309.1941381835936,2083.5240673828125,0.457480442882813
2026-09-23,84383.0078125,2684.69189453125,46088463341,17599121476,11.343121331078816,-0.020982510635370488,74531.87359375,70758.8548828125,0.4318453642536001,7.895321249718476,-0.024991780610253755,2325.5202587890626,2087.100249633789,0.46802405193966595
2026-09-24,84379.0625,2687.301513671875,37106744985,14036435848,11.343074575163895,-4.675591492109277e-05,74927.50484375,70850.9012890625,0.4311336104351745,7.896292814330568,0.000971564612092024,2341.1357690429686,2090.853733520508,0.46339843128963587
2026-09-25,84034.921875,2690.4755859375,34118533914,13236986140,11.338987728038074,-0.00408684712582108,75322.961015625,70929.063984375,0.4315179055824611,7.897473254715288,0.0011804403847195388,2356.904130859375,2094.341420288086,0.4563627350946954
2026-09-26,84406.453125,2695.213134765625,15169336375,5046145364,11.343399136488236,0.004411408450161858,75713.48625,71001.461640625,0.4289145183826748,7.8992325654722855,0.0017593107569977562,2372.5428051757813,2097.631883544922,0.45636082322959454
2026-09-27,84458.0859375,2686.9267578125,19386591468,8065975773,11.344010665876178,0.000611529387942511,76104.55421875,71072.72765625,0.41275416413681143,7.896153350265758,-0.0030792152065277634,2387.970681152344,2100.8086511230467,0.44410631757372965
2026-09-28,83502.609375,2688.668701171875,42589028679,16445787505,11.332633160350676,-0.011377505525501874,76477.708671875,71137.7733984375,0.41553183276858957,7.896801443461623,0.0006480931958652292,2403.570400390625,2103.8863134765625,0.4440546417111253
2026-09-29,83622.4296875,2676.72216796875,28029782264,15307430182,11.33406706078477,0.001433900434093971,76871.945546875,71201.04421875,0.41410662816269916,7.8923482532888904,-0.004453190172732491,2419.679270019531,2106.807106933594,0.43947223357217247
2026-09-30,83553.8515625,2683.679443359375,36290317874,13840381650,11.333246631853896,-0.0008204289308739732,77271.985078125,71262.7403515625,0.41301321529920765,7.894944058529509,0.0025958052406185317,2435.7253881835936,2109.7400708007813,0.43535918808655155
